DATAFLOW,LAST UPDATE,freq,unit,nace_r2,na_item,geo,TIME_PERIOD,OBS_VALUE,OBS_FLAG,CONF_STATUS
ESTAT:NAMA_10_A64_E$DEFAULTVIEW(1.0),13/05/26 23:00:00,Annual,Thousand hours worked,Total - all NACE activities,Total employment domestic concept,Austria,2016,7011041,,
ESTAT:NAMA_10_A64_E$DEFAULTVIEW(1.0),13/05/26 23:00:00,Annual,Thousand hours worked,Total - all NACE activities,Total employment domestic concept,Austria,2017,7080960,,
ESTAT:NAMA_10_A64_E$DEFAULTVIEW(1.0),13/05/26 23:00:00,Annual,Thousand hours worked,Total - all NACE activities,Total employment domestic concept,Austria,2018,7225844,,
ESTAT:NAMA_10_A64_E$DEFAULTVIEW(1.0),13/05/26 23:00:00,Annual,Thousand hours worked,Total - all NACE activities,Total employment domestic concept,Austria,2019,7344462,,
ESTAT:NAMA_10_A64_E$DEFAULTVIEW(1.0),13/05/26 23:00:00,Annual,Thousand hours worked,Total - all NACE activities,Total employment domestic concept,Austria,2020,6696917,,
ESTAT:NAMA_10_A64_E$DEFAULTVIEW(1.0),13/05/26 23:00:00,Annual,Thousand hours worked,Total - all NACE activities,Total employment domestic concept,Austria,2021,7028656,,
ESTAT:NAMA_10_A64_E$DEFAULTVIEW(1.0),13/05/26 23:00:00,Annual,Thousand hours worked,Total - all NACE activities,Total employment domestic concept,Austria,2022,7209012,,
ESTAT:NAMA_10_A64_E$DEFAULTVIEW(1.0),13/05/26 23:00:00,Annual,Thousand hours worked,Total - all NACE activities,Total employment domestic concept,Austria,2023,7254303,,
ESTAT:NAMA_10_A64_E$DEFAULTVIEW(1.0),13/05/26 23:00:00,Annual,Thousand hours worked,Total - all NACE activities,Total employment domestic concept,Austria,2024,7264576,,
ESTAT:NAMA_10_A64_E$DEFAULTVIEW(1.0),13/05/26 23:00:00,Annual,Thousand hours worked,Total - all NACE activities,Total employment domestic concept,Belgium,2016,7381226,,
ESTAT:NAMA_10_A64_E$DEFAULTVIEW(1.0),13/05/26 23:00:00,Annual,Thousand hours worked,Total - all NACE activities,Total employment domestic concept,Belgium,2017,7501742,,
ESTAT:NAMA_10_A64_E$DEFAULTVIEW(1.0),13/05/26 23:00:00,Annual,Thousand hours worked,Total - all NACE activities,Total employment domestic concept,Belgium,2018,7626984,,
ESTAT:NAMA_10_A64_E$DEFAULTVIEW(1.0),13/05/26 23:00:00,Annual,Thousand hours worked,Total - all NACE activities,Total employment domestic concept,Belgium,2019,7747014,,
ESTAT:NAMA_10_A64_E$DEFAULTVIEW(1.0),13/05/26 23:00:00,Annual,Thousand hours worked,Total - all NACE activities,Total employment domestic concept,Belgium,2020,7112700,,
ESTAT:NAMA_10_A64_E$DEFAULTVIEW(1.0),13/05/26 23:00:00,Annual,Thousand hours worked,Total - all NACE activities,Total employment domestic concept,Belgium,2021,7688716,,
ESTAT:NAMA_10_A64_E$DEFAULTVIEW(1.0),13/05/26 23:00:00,Annual,Thousand hours worked,Total - all NACE activities,Total employment domestic concept,Belgium,2022,8036304,,
ESTAT:NAMA_10_A64_E$DEFAULTVIEW(1.0),13/05/26 23:00:00,Annual,Thousand hours worked,Total - all NACE activities,Total employment domestic concept,Belgium,2023,8101526,,
ESTAT:NAMA_10_A64_E$DEFAULTVIEW(1.0),13/05/26 23:00:00,Annual,Thousand hours worked,Total - all NACE activities,Total employment domestic concept,Belgium,2024,8080728,p,
ESTAT:NAMA_10_A64_E$DEFAULTVIEW(1.0),13/05/26 23:00:00,Annual,Thousand hours worked,Total - all NACE activities,Total employment domestic concept,Bulgaria,2016,5692180,,
ESTAT:NAMA_10_A64_E$DEFAULTVIEW(1.0),13/05/26 23:00:00,Annual,Thousand hours worked,Total - all NACE activities,Total employment domestic concept,Bulgaria,2017,5793060,,
ESTAT:NAMA_10_A64_E$DEFAULTVIEW(1.0),13/05/26 23:00:00,Annual,Thousand hours worked,Total - all NACE activities,Total employment domestic concept,Bulgaria,2018,5791589,,
ESTAT:NAMA_10_A64_E$DEFAULTVIEW(1.0),13/05/26 23:00:00,Annual,Thousand hours worked,Total - all NACE activities,Total employment domestic concept,Bulgaria,2019,5712238,,
ESTAT:NAMA_10_A64_E$DEFAULTVIEW(1.0),13/05/26 23:00:00,Annual,Thousand hours worked,Total - all NACE activities,Total employment domestic concept,Bulgaria,2020,5480723,,
ESTAT:NAMA_10_A64_E$DEFAULTVIEW(1.0),13/05/26 23:00:00,Annual,Thousand hours worked,Total - all NACE activities,Total employment domestic concept,Bulgaria,2021,5523904,,
ESTAT:NAMA_10_A64_E$DEFAULTVIEW(1.0),13/05/26 23:00:00,Annual,Thousand hours worked,Total - all NACE activities,Total employment domestic concept,Bulgaria,2022,5576439,,
ESTAT:NAMA_10_A64_E$DEFAULTVIEW(1.0),13/05/26 23:00:00,Annual,Thousand hours worked,Total - all NACE activities,Total employment domestic concept,Bulgaria,2023,5776808,,
ESTAT:NAMA_10_A64_E$DEFAULTVIEW(1.0),13/05/26 23:00:00,Annual,Thousand hours worked,Total - all NACE activities,Total employment domestic concept,Bulgaria,2024,5718824,,
ESTAT:NAMA_10_A64_E$DEFAULTVIEW(1.0),13/05/26 23:00:00,Annual,Thousand hours worked,Total - all NACE activities,Total employment domestic concept,Switzerland,2016,7833706,,
ESTAT:NAMA_10_A64_E$DEFAULTVIEW(1.0),13/05/26 23:00:00,Annual,Thousand hours worked,Total - all NACE activities,Total employment domestic concept,Switzerland,2017,7815687,,
ESTAT:NAMA_10_A64_E$DEFAULTVIEW(1.0),13/05/26 23:00:00,Annual,Thousand hours worked,Total - all NACE activities,Total employment domestic concept,Switzerland,2018,7857372,,
ESTAT:NAMA_10_A64_E$DEFAULTVIEW(1.0),13/05/26 23:00:00,Annual,Thousand hours worked,Total - all NACE activities,Total employment domestic concept,Switzerland,2019,7903188,,
ESTAT:NAMA_10_A64_E$DEFAULTVIEW(1.0),13/05/26 23:00:00,Annual,Thousand hours worked,Total - all NACE activities,Total employment domestic concept,Switzerland,2020,7608207,,
ESTAT:NAMA_10_A64_E$DEFAULTVIEW(1.0),13/05/26 23:00:00,Annual,Thousand hours worked,Total - all NACE activities,Total employment domestic concept,Switzerland,2021,7828655,,
ESTAT:NAMA_10_A64_E$DEFAULTVIEW(1.0),13/05/26 23:00:00,Annual,Thousand hours worked,Total - all NACE activities,Total employment domestic concept,Switzerland,2022,7965499,,
ESTAT:NAMA_10_A64_E$DEFAULTVIEW(1.0),13/05/26 23:00:00,Annual,Thousand hours worked,Total - all NACE activities,Total employment domestic concept,Switzerland,2023,8106017,,
ESTAT:NAMA_10_A64_E$DEFAULTVIEW(1.0),13/05/26 23:00:00,Annual,Thousand hours worked,Total - all NACE activities,Total employment domestic concept,Switzerland,2024,8117327,,
ESTAT:NAMA_10_A64_E$DEFAULTVIEW(1.0),13/05/26 23:00:00,Annual,Thousand hours worked,Total - all NACE activities,Total employment domestic concept,Cyprus,2016,710685,,
ESTAT:NAMA_10_A64_E$DEFAULTVIEW(1.0),13/05/26 23:00:00,Annual,Thousand hours worked,Total - all NACE activities,Total employment domestic concept,Cyprus,2017,741587,,
ESTAT:NAMA_10_A64_E$DEFAULTVIEW(1.0),13/05/26 23:00:00,Annual,Thousand hours worked,Total - all NACE activities,Total employment domestic concept,Cyprus,2018,779440,,
ESTAT:NAMA_10_A64_E$DEFAULTVIEW(1.0),13/05/26 23:00:00,Annual,Thousand hours worked,Total - all NACE activities,Total employment domestic concept,Cyprus,2019,819554,,
ESTAT:NAMA_10_A64_E$DEFAULTVIEW(1.0),13/05/26 23:00:00,Annual,Thousand hours worked,Total - all NACE activities,Total employment domestic concept,Cyprus,2020,777170,,
ESTAT:NAMA_10_A64_E$DEFAULTVIEW(1.0),13/05/26 23:00:00,Annual,Thousand hours worked,Total - all NACE activities,Total employment domestic concept,Cyprus,2021,842875,,
ESTAT:NAMA_10_A64_E$DEFAULTVIEW(1.0),13/05/26 23:00:00,Annual,Thousand hours worked,Total - all NACE activities,Total employment domestic concept,Cyprus,2022,886019,,
ESTAT:NAMA_10_A64_E$DEFAULTVIEW(1.0),13/05/26 23:00:00,Annual,Thousand hours worked,Total - all NACE activities,Total employment domestic concept,Cyprus,2023,911375,,
ESTAT:NAMA_10_A64_E$DEFAULTVIEW(1.0),13/05/26 23:00:00,Annual,Thousand hours worked,Total - all NACE activities,Total employment domestic concept,Cyprus,2024,932104,,
ESTAT:NAMA_10_A64_E$DEFAULTVIEW(1.0),13/05/26 23:00:00,Annual,Thousand hours worked,Total - all NACE activities,Total employment domestic concept,Czechia,2016,9271160,,
ESTAT:NAMA_10_A64_E$DEFAULTVIEW(1.0),13/05/26 23:00:00,Annual,Thousand hours worked,Total - all NACE activities,Total employment domestic concept,Czechia,2017,9407578,,
ESTAT:NAMA_10_A64_E$DEFAULTVIEW(1.0),13/05/26 23:00:00,Annual,Thousand hours worked,Total - all NACE activities,Total employment domestic concept,Czechia,2018,9558326,,
ESTAT:NAMA_10_A64_E$DEFAULTVIEW(1.0),13/05/26 23:00:00,Annual,Thousand hours worked,Total - all NACE activities,Total employment domestic concept,Czechia,2019,9542315,,
ESTAT:NAMA_10_A64_E$DEFAULTVIEW(1.0),13/05/26 23:00:00,Annual,Thousand hours worked,Total - all NACE activities,Total employment domestic concept,Czechia,2020,8744379,,
ESTAT:NAMA_10_A64_E$DEFAULTVIEW(1.0),13/05/26 23:00:00,Annual,Thousand hours worked,Total - all NACE activities,Total employment domestic concept,Czechia,2021,9088648,,
ESTAT:NAMA_10_A64_E$DEFAULTVIEW(1.0),13/05/26 23:00:00,Annual,Thousand hours worked,Total - all NACE activities,Total employment domestic concept,Czechia,2022,9489719,,
ESTAT:NAMA_10_A64_E$DEFAULTVIEW(1.0),13/05/26 23:00:00,Annual,Thousand hours worked,Total - all NACE activities,Total employment domestic concept,Czechia,2023,9658635,,
ESTAT:NAMA_10_A64_E$DEFAULTVIEW(1.0),13/05/26 23:00:00,Annual,Thousand hours worked,Total - all NACE activities,Total employment domestic concept,Czechia,2024,9840195,,
ESTAT:NAMA_10_A64_E$DEFAULTVIEW(1.0),13/05/26 23:00:00,Annual,Thousand hours worked,Total - all NACE activities,Total employment domestic concept,Germany,2016,60978246,,
ESTAT:NAMA_10_A64_E$DEFAULTVIEW(1.0),13/05/26 23:00:00,Annual,Thousand hours worked,Total - all NACE activities,Total employment domestic concept,Germany,2017,61483908,,
ESTAT:NAMA_10_A64_E$DEFAULTVIEW(1.0),13/05/26 23:00:00,Annual,Thousand hours worked,Total - all NACE activities,Total employment domestic concept,Germany,2018,61964170,,
ESTAT:NAMA_10_A64_E$DEFAULTVIEW(1.0),13/05/26 23:00:00,Annual,Thousand hours worked,Total - all NACE activities,Total employment domestic concept,Germany,2019,62141255,,
ESTAT:NAMA_10_A64_E$DEFAULTVIEW(1.0),13/05/26 23:00:00,Annual,Thousand hours worked,Total - all NACE activities,Total employment domestic concept,Germany,2020,59065847,,
ESTAT:NAMA_10_A64_E$DEFAULTVIEW(1.0),13/05/26 23:00:00,Annual,Thousand hours worked,Total - all NACE activities,Total employment domestic concept,Germany,2021,60410139,,
ESTAT:NAMA_10_A64_E$DEFAULTVIEW(1.0),13/05/26 23:00:00,Annual,Thousand hours worked,Total - all NACE activities,Total employment domestic concept,Germany,2022,61297006,p,
ESTAT:NAMA_10_A64_E$DEFAULTVIEW(1.0),13/05/26 23:00:00,Annual,Thousand hours worked,Total - all NACE activities,Total employment domestic concept,Germany,2023,61496006,p,
ESTAT:NAMA_10_A64_E$DEFAULTVIEW(1.0),13/05/26 23:00:00,Annual,Thousand hours worked,Total - all NACE activities,Total employment domestic concept,Germany,2024,61363951,p,
ESTAT:NAMA_10_A64_E$DEFAULTVIEW(1.0),13/05/26 23:00:00,Annual,Thousand hours worked,Total - all NACE activities,Total employment domestic concept,Denmark,2016,4057307,,
ESTAT:NAMA_10_A64_E$DEFAULTVIEW(1.0),13/05/26 23:00:00,Annual,Thousand hours worked,Total - all NACE activities,Total employment domestic concept,Denmark,2017,4095180,,
ESTAT:NAMA_10_A64_E$DEFAULTVIEW(1.0),13/05/26 23:00:00,Annual,Thousand hours worked,Total - all NACE activities,Total employment domestic concept,Denmark,2018,4089619,,
ESTAT:NAMA_10_A64_E$DEFAULTVIEW(1.0),13/05/26 23:00:00,Annual,Thousand hours worked,Total - all NACE activities,Total employment domestic concept,Denmark,2019,4122911,,
ESTAT:NAMA_10_A64_E$DEFAULTVIEW(1.0),13/05/26 23:00:00,Annual,Thousand hours worked,Total - all NACE activities,Total employment domestic concept,Denmark,2020,3982709,,
ESTAT:NAMA_10_A64_E$DEFAULTVIEW(1.0),13/05/26 23:00:00,Annual,Thousand hours worked,Total - all NACE activities,Total employment domestic concept,Denmark,2021,4219498,,
ESTAT:NAMA_10_A64_E$DEFAULTVIEW(1.0),13/05/26 23:00:00,Annual,Thousand hours worked,Total - all NACE activities,Total employment domestic concept,Denmark,2022,4379839,,
ESTAT:NAMA_10_A64_E$DEFAULTVIEW(1.0),13/05/26 23:00:00,Annual,Thousand hours worked,Total - all NACE activities,Total employment domestic concept,Denmark,2023,4392376,,
ESTAT:NAMA_10_A64_E$DEFAULTVIEW(1.0),13/05/26 23:00:00,Annual,Thousand hours worked,Total - all NACE activities,Total employment domestic concept,Denmark,2024,4412710,,
ESTAT:NAMA_10_A64_E$DEFAULTVIEW(1.0),13/05/26 23:00:00,Annual,Thousand hours worked,Total - all NACE activities,Total employment domestic concept,Euro area - 12 countries (2001-2006),2016,230342760,,
ESTAT:NAMA_10_A64_E$DEFAULTVIEW(1.0),13/05/26 23:00:00,Annual,Thousand hours worked,Total - all NACE activities,Total employment domestic concept,Euro area - 12 countries (2001-2006),2017,232946148,,
ESTAT:NAMA_10_A64_E$DEFAULTVIEW(1.0),13/05/26 23:00:00,Annual,Thousand hours worked,Total - all NACE activities,Total employment domestic concept,Euro area - 12 countries (2001-2006),2018,236937790,,
ESTAT:NAMA_10_A64_E$DEFAULTVIEW(1.0),13/05/26 23:00:00,Annual,Thousand hours worked,Total - all NACE activities,Total employment domestic concept,Euro area - 12 countries (2001-2006),2019,239224854,,
ESTAT:NAMA_10_A64_E$DEFAULTVIEW(1.0),13/05/26 23:00:00,Annual,Thousand hours worked,Total - all NACE activities,Total employment domestic concept,Euro area - 12 countries (2001-2006),2020,219774173,,
ESTAT:NAMA_10_A64_E$DEFAULTVIEW(1.0),13/05/26 23:00:00,Annual,Thousand hours worked,Total - all NACE activities,Total employment domestic concept,Euro area - 12 countries (2001-2006),2021,233891573,,
ESTAT:NAMA_10_A64_E$DEFAULTVIEW(1.0),13/05/26 23:00:00,Annual,Thousand hours worked,Total - all NACE activities,Total employment domestic concept,Euro area - 12 countries (2001-2006),2022,242725584,,
ESTAT:NAMA_10_A64_E$DEFAULTVIEW(1.0),13/05/26 23:00:00,Annual,Thousand hours worked,Total - all NACE activities,Total employment domestic concept,Euro area - 12 countries (2001-2006),2023,246912894,,
ESTAT:NAMA_10_A64_E$DEFAULTVIEW(1.0),13/05/26 23:00:00,Annual,Thousand hours worked,Total - all NACE activities,Total employment domestic concept,Euro area - 12 countries (2001-2006),2024,249507111,,
ESTAT:NAMA_10_A64_E$DEFAULTVIEW(1.0),13/05/26 23:00:00,Annual,Thousand hours worked,Total - all NACE activities,Total employment domestic concept,Euro area - 19 countries  (2015-2022),2016,242580773,,
ESTAT:NAMA_10_A64_E$DEFAULTVIEW(1.0),13/05/26 23:00:00,Annual,Thousand hours worked,Total - all NACE activities,Total employment domestic concept,Euro area - 19 countries  (2015-2022),2017,245215236,,
ESTAT:NAMA_10_A64_E$DEFAULTVIEW(1.0),13/05/26 23:00:00,Annual,Thousand hours worked,Total - all NACE activities,Total employment domestic concept,Euro area - 19 countries  (2015-2022),2018,249432202,,
ESTAT:NAMA_10_A64_E$DEFAULTVIEW(1.0),13/05/26 23:00:00,Annual,Thousand hours worked,Total - all NACE activities,Total employment domestic concept,Euro area - 19 countries  (2015-2022),2019,251912040,,
ESTAT:NAMA_10_A64_E$DEFAULTVIEW(1.0),13/05/26 23:00:00,Annual,Thousand hours worked,Total - all NACE activities,Total employment domestic concept,Euro area - 19 countries  (2015-2022),2020,231620304,,
ESTAT:NAMA_10_A64_E$DEFAULTVIEW(1.0),13/05/26 23:00:00,Annual,Thousand hours worked,Total - all NACE activities,Total employment domestic concept,Euro area - 19 countries  (2015-2022),2021,245975000,,
ESTAT:NAMA_10_A64_E$DEFAULTVIEW(1.0),13/05/26 23:00:00,Annual,Thousand hours worked,Total - all NACE activities,Total employment domestic concept,Euro area - 19 countries  (2015-2022),2022,255288616,,
ESTAT:NAMA_10_A64_E$DEFAULTVIEW(1.0),13/05/26 23:00:00,Annual,Thousand hours worked,Total - all NACE activities,Total employment domestic concept,Euro area - 19 countries  (2015-2022),2023,259693349,,
ESTAT:NAMA_10_A64_E$DEFAULTVIEW(1.0),13/05/26 23:00:00,Annual,Thousand hours worked,Total - all NACE activities,Total employment domestic concept,Euro area - 19 countries  (2015-2022),2024,262443323,,
ESTAT:NAMA_10_A64_E$DEFAULTVIEW(1.0),13/05/26 23:00:00,Annual,Thousand hours worked,Total - all NACE activities,Total employment domestic concept,Euro area – 20 countries (2023-2025),2016,245667210,,
ESTAT:NAMA_10_A64_E$DEFAULTVIEW(1.0),13/05/26 23:00:00,Annual,Thousand hours worked,Total - all NACE activities,Total employment domestic concept,Euro area – 20 countries (2023-2025),2017,248373747,,
ESTAT:NAMA_10_A64_E$DEFAULTVIEW(1.0),13/05/26 23:00:00,Annual,Thousand hours worked,Total - all NACE activities,Total employment domestic concept,Euro area – 20 countries (2023-2025),2018,252594647,,
ESTAT:NAMA_10_A64_E$DEFAULTVIEW(1.0),13/05/26 23:00:00,Annual,Thousand hours worked,Total - all NACE activities,Total employment domestic concept,Euro area – 20 countries (2023-2025),2019,255122513,,
ESTAT:NAMA_10_A64_E$DEFAULTVIEW(1.0),13/05/26 23:00:00,Annual,Thousand hours worked,Total - all NACE activities,Total employment domestic concept,Euro area – 20 countries (2023-2025),2020,234758806,,
ESTAT:NAMA_10_A64_E$DEFAULTVIEW(1.0),13/05/26 23:00:00,Annual,Thousand hours worked,Total - all NACE activities,Total employment domestic concept,Euro area – 20 countries (2023-2025),2021,249157378,,
ESTAT:NAMA_10_A64_E$DEFAULTVIEW(1.0),13/05/26 23:00:00,Annual,Thousand hours worked,Total - all NACE activities,Total employment domestic concept,Euro area – 20 countries (2023-2025),2022,258510818,,
ESTAT:NAMA_10_A64_E$DEFAULTVIEW(1.0),13/05/26 23:00:00,Annual,Thousand hours worked,Total - all NACE activities,Total employment domestic concept,Euro area – 20 countries (2023-2025),2023,262989948,,
ESTAT:NAMA_10_A64_E$DEFAULTVIEW(1.0),13/05/26 23:00:00,Annual,Thousand hours worked,Total - all NACE activities,Total employment domestic concept,Euro area – 20 countries (2023-2025),2024,265891376,,
ESTAT:NAMA_10_A64_E$DEFAULTVIEW(1.0),13/05/26 23:00:00,Annual,Thousand hours worked,Total - all NACE activities,Total employment domestic concept,Euro area – 21 countries (from 2026),2016,251359390,,
ESTAT:NAMA_10_A64_E$DEFAULTVIEW(1.0),13/05/26 23:00:00,Annual,Thousand hours worked,Total - all NACE activities,Total employment domestic concept,Euro area – 21 countries (from 2026),2017,254166807,,
ESTAT:NAMA_10_A64_E$DEFAULTVIEW(1.0),13/05/26 23:00:00,Annual,Thousand hours worked,Total - all NACE activities,Total employment domestic concept,Euro area – 21 countries (from 2026),2018,258386236,,
ESTAT:NAMA_10_A64_E$DEFAULTVIEW(1.0),13/05/26 23:00:00,Annual,Thousand hours worked,Total - all NACE activities,Total employment domestic concept,Euro area – 21 countries (from 2026),2019,260834751,,
ESTAT:NAMA_10_A64_E$DEFAULTVIEW(1.0),13/05/26 23:00:00,Annual,Thousand hours worked,Total - all NACE activities,Total employment domestic concept,Euro area – 21 countries (from 2026),2020,240239529,,
ESTAT:NAMA_10_A64_E$DEFAULTVIEW(1.0),13/05/26 23:00:00,Annual,Thousand hours worked,Total - all NACE activities,Total employment domestic concept,Euro area – 21 countries (from 2026),2021,254681282,,
ESTAT:NAMA_10_A64_E$DEFAULTVIEW(1.0),13/05/26 23:00:00,Annual,Thousand hours worked,Total - all NACE activities,Total employment domestic concept,Euro area – 21 countries (from 2026),2022,264087257,,
ESTAT:NAMA_10_A64_E$DEFAULTVIEW(1.0),13/05/26 23:00:00,Annual,Thousand hours worked,Total - all NACE activities,Total employment domestic concept,Euro area – 21 countries (from 2026),2023,268766755,,
ESTAT:NAMA_10_A64_E$DEFAULTVIEW(1.0),13/05/26 23:00:00,Annual,Thousand hours worked,Total - all NACE activities,Total employment domestic concept,Euro area – 21 countries (from 2026),2024,271610199,,
ESTAT:NAMA_10_A64_E$DEFAULTVIEW(1.0),13/05/26 23:00:00,Annual,Thousand hours worked,Total - all NACE activities,Total employment domestic concept,Estonia,2016,1167793,,
ESTAT:NAMA_10_A64_E$DEFAULTVIEW(1.0),13/05/26 23:00:00,Annual,Thousand hours worked,Total - all NACE activities,Total employment domestic concept,Estonia,2017,1175282,,
ESTAT:NAMA_10_A64_E$DEFAULTVIEW(1.0),13/05/26 23:00:00,Annual,Thousand hours worked,Total - all NACE activities,Total employment domestic concept,Estonia,2018,1182977,,
ESTAT:NAMA_10_A64_E$DEFAULTVIEW(1.0),13/05/26 23:00:00,Annual,Thousand hours worked,Total - all NACE activities,Total employment domestic concept,Estonia,2019,1141238,,
ESTAT:NAMA_10_A64_E$DEFAULTVIEW(1.0),13/05/26 23:00:00,Annual,Thousand hours worked,Total - all NACE activities,Total employment domestic concept,Estonia,2020,1117793,,
ESTAT:NAMA_10_A64_E$DEFAULTVIEW(1.0),13/05/26 23:00:00,Annual,Thousand hours worked,Total - all NACE activities,Total employment domestic concept,Estonia,2021,1103522,,
ESTAT:NAMA_10_A64_E$DEFAULTVIEW(1.0),13/05/26 23:00:00,Annual,Thousand hours worked,Total - all NACE activities,Total employment domestic concept,Estonia,2022,1125522,,
ESTAT:NAMA_10_A64_E$DEFAULTVIEW(1.0),13/05/26 23:00:00,Annual,Thousand hours worked,Total - all NACE activities,Total employment domestic concept,Estonia,2023,1151711,,
ESTAT:NAMA_10_A64_E$DEFAULTVIEW(1.0),13/05/26 23:00:00,Annual,Thousand hours worked,Total - all NACE activities,Total employment domestic concept,Estonia,2024,1165960,,
ESTAT:NAMA_10_A64_E$DEFAULTVIEW(1.0),13/05/26 23:00:00,Annual,Thousand hours worked,Total - all NACE activities,Total employment domestic concept,Greece,2016,9159918,,
ESTAT:NAMA_10_A64_E$DEFAULTVIEW(1.0),13/05/26 23:00:00,Annual,Thousand hours worked,Total - all NACE activities,Total employment domestic concept,Greece,2017,9132782,,
ESTAT:NAMA_10_A64_E$DEFAULTVIEW(1.0),13/05/26 23:00:00,Annual,Thousand hours worked,Total - all NACE activities,Total employment domestic concept,Greece,2018,9620558,,
ESTAT:NAMA_10_A64_E$DEFAULTVIEW(1.0),13/05/26 23:00:00,Annual,Thousand hours worked,Total - all NACE activities,Total employment domestic concept,Greece,2019,9612781,,
ESTAT:NAMA_10_A64_E$DEFAULTVIEW(1.0),13/05/26 23:00:00,Annual,Thousand hours worked,Total - all NACE activities,Total employment domestic concept,Greece,2020,8475969,,
ESTAT:NAMA_10_A64_E$DEFAULTVIEW(1.0),13/05/26 23:00:00,Annual,Thousand hours worked,Total - all NACE activities,Total employment domestic concept,Greece,2021,9515148,,
ESTAT:NAMA_10_A64_E$DEFAULTVIEW(1.0),13/05/26 23:00:00,Annual,Thousand hours worked,Total - all NACE activities,Total employment domestic concept,Greece,2022,10054494,,
ESTAT:NAMA_10_A64_E$DEFAULTVIEW(1.0),13/05/26 23:00:00,Annual,Thousand hours worked,Total - all NACE activities,Total employment domestic concept,Greece,2023,10260971,p,
ESTAT:NAMA_10_A64_E$DEFAULTVIEW(1.0),13/05/26 23:00:00,Annual,Thousand hours worked,Total - all NACE activities,Total employment domestic concept,Greece,2024,10391466,p,
ESTAT:NAMA_10_A64_E$DEFAULTVIEW(1.0),13/05/26 23:00:00,Annual,Thousand hours worked,Total - all NACE activities,Total employment domestic concept,Spain,2016,32261468,,
ESTAT:NAMA_10_A64_E$DEFAULTVIEW(1.0),13/05/26 23:00:00,Annual,Thousand hours worked,Total - all NACE activities,Total employment domestic concept,Spain,2017,32952217,,
ESTAT:NAMA_10_A64_E$DEFAULTVIEW(1.0),13/05/26 23:00:00,Annual,Thousand hours worked,Total - all NACE activities,Total employment domestic concept,Spain,2018,33765616,,
ESTAT:NAMA_10_A64_E$DEFAULTVIEW(1.0),13/05/26 23:00:00,Annual,Thousand hours worked,Total - all NACE activities,Total employment domestic concept,Spain,2019,34348535,,
ESTAT:NAMA_10_A64_E$DEFAULTVIEW(1.0),13/05/26 23:00:00,Annual,Thousand hours worked,Total - all NACE activities,Total employment domestic concept,Spain,2020,30576946,,
ESTAT:NAMA_10_A64_E$DEFAULTVIEW(1.0),13/05/26 23:00:00,Annual,Thousand hours worked,Total - all NACE activities,Total employment domestic concept,Spain,2021,32787923,,
ESTAT:NAMA_10_A64_E$DEFAULTVIEW(1.0),13/05/26 23:00:00,Annual,Thousand hours worked,Total - all NACE activities,Total employment domestic concept,Spain,2022,34448678,,
ESTAT:NAMA_10_A64_E$DEFAULTVIEW(1.0),13/05/26 23:00:00,Annual,Thousand hours worked,Total - all NACE activities,Total employment domestic concept,Spain,2023,35369626,p,
ESTAT:NAMA_10_A64_E$DEFAULTVIEW(1.0),13/05/26 23:00:00,Annual,Thousand hours worked,Total - all NACE activities,Total employment domestic concept,Spain,2024,36159400,p,
ESTAT:NAMA_10_A64_E$DEFAULTVIEW(1.0),13/05/26 23:00:00,Annual,Thousand hours worked,Total - all NACE activities,Total employment domestic concept,European Union - 27 countries (from 2020),2016,328897994,,
ESTAT:NAMA_10_A64_E$DEFAULTVIEW(1.0),13/05/26 23:00:00,Annual,Thousand hours worked,Total - all NACE activities,Total employment domestic concept,European Union - 27 countries (from 2020),2017,332332139,,
ESTAT:NAMA_10_A64_E$DEFAULTVIEW(1.0),13/05/26 23:00:00,Annual,Thousand hours worked,Total - all NACE activities,Total employment domestic concept,European Union - 27 countries (from 2020),2018,336662078,,
ESTAT:NAMA_10_A64_E$DEFAULTVIEW(1.0),13/05/26 23:00:00,Annual,Thousand hours worked,Total - all NACE activities,Total employment domestic concept,European Union - 27 countries (from 2020),2019,340282897,,
ESTAT:NAMA_10_A64_E$DEFAULTVIEW(1.0),13/05/26 23:00:00,Annual,Thousand hours worked,Total - all NACE activities,Total employment domestic concept,European Union - 27 countries (from 2020),2020,317054365,,
ESTAT:NAMA_10_A64_E$DEFAULTVIEW(1.0),13/05/26 23:00:00,Annual,Thousand hours worked,Total - all NACE activities,Total employment domestic concept,European Union - 27 countries (from 2020),2021,335214980,,
ESTAT:NAMA_10_A64_E$DEFAULTVIEW(1.0),13/05/26 23:00:00,Annual,Thousand hours worked,Total - all NACE activities,Total employment domestic concept,European Union - 27 countries (from 2020),2022,345760381,,
ESTAT:NAMA_10_A64_E$DEFAULTVIEW(1.0),13/05/26 23:00:00,Annual,Thousand hours worked,Total - all NACE activities,Total employment domestic concept,European Union - 27 countries (from 2020),2023,350115130,,
ESTAT:NAMA_10_A64_E$DEFAULTVIEW(1.0),13/05/26 23:00:00,Annual,Thousand hours worked,Total - all NACE activities,Total employment domestic concept,European Union - 27 countries (from 2020),2024,353065316,,
ESTAT:NAMA_10_A64_E$DEFAULTVIEW(1.0),13/05/26 23:00:00,Annual,Thousand hours worked,Total - all NACE activities,Total employment domestic concept,Finland,2016,4062400,,
ESTAT:NAMA_10_A64_E$DEFAULTVIEW(1.0),13/05/26 23:00:00,Annual,Thousand hours worked,Total - all NACE activities,Total employment domestic concept,Finland,2017,4070600,,
ESTAT:NAMA_10_A64_E$DEFAULTVIEW(1.0),13/05/26 23:00:00,Annual,Thousand hours worked,Total - all NACE activities,Total employment domestic concept,Finland,2018,4171700,,
ESTAT:NAMA_10_A64_E$DEFAULTVIEW(1.0),13/05/26 23:00:00,Annual,Thousand hours worked,Total - all NACE activities,Total employment domestic concept,Finland,2019,4205200,,
ESTAT:NAMA_10_A64_E$DEFAULTVIEW(1.0),13/05/26 23:00:00,Annual,Thousand hours worked,Total - all NACE activities,Total employment domestic concept,Finland,2020,4086200,,
ESTAT:NAMA_10_A64_E$DEFAULTVIEW(1.0),13/05/26 23:00:00,Annual,Thousand hours worked,Total - all NACE activities,Total employment domestic concept,Finland,2021,4174900,,
ESTAT:NAMA_10_A64_E$DEFAULTVIEW(1.0),13/05/26 23:00:00,Annual,Thousand hours worked,Total - all NACE activities,Total employment domestic concept,Finland,2022,4281400,,
ESTAT:NAMA_10_A64_E$DEFAULTVIEW(1.0),13/05/26 23:00:00,Annual,Thousand hours worked,Total - all NACE activities,Total employment domestic concept,Finland,2023,4288000,,
ESTAT:NAMA_10_A64_E$DEFAULTVIEW(1.0),13/05/26 23:00:00,Annual,Thousand hours worked,Total - all NACE activities,Total employment domestic concept,Finland,2024,4247900,,
ESTAT:NAMA_10_A64_E$DEFAULTVIEW(1.0),13/05/26 23:00:00,Annual,Thousand hours worked,Total - all NACE activities,Total employment domestic concept,France,2016,41784943,,
ESTAT:NAMA_10_A64_E$DEFAULTVIEW(1.0),13/05/26 23:00:00,Annual,Thousand hours worked,Total - all NACE activities,Total employment domestic concept,France,2017,41847290,,
ESTAT:NAMA_10_A64_E$DEFAULTVIEW(1.0),13/05/26 23:00:00,Annual,Thousand hours worked,Total - all NACE activities,Total employment domestic concept,France,2018,42482169,,
ESTAT:NAMA_10_A64_E$DEFAULTVIEW(1.0),13/05/26 23:00:00,Annual,Thousand hours worked,Total - all NACE activities,Total employment domestic concept,France,2019,43118594,,
ESTAT:NAMA_10_A64_E$DEFAULTVIEW(1.0),13/05/26 23:00:00,Annual,Thousand hours worked,Total - all NACE activities,Total employment domestic concept,France,2020,39840947,,
ESTAT:NAMA_10_A64_E$DEFAULTVIEW(1.0),13/05/26 23:00:00,Annual,Thousand hours worked,Total - all NACE activities,Total employment domestic concept,France,2021,43169828,,
ESTAT:NAMA_10_A64_E$DEFAULTVIEW(1.0),13/05/26 23:00:00,Annual,Thousand hours worked,Total - all NACE activities,Total employment domestic concept,France,2022,45035896,,
ESTAT:NAMA_10_A64_E$DEFAULTVIEW(1.0),13/05/26 23:00:00,Annual,Thousand hours worked,Total - all NACE activities,Total employment domestic concept,France,2023,45685815,p,
ESTAT:NAMA_10_A64_E$DEFAULTVIEW(1.0),13/05/26 23:00:00,Annual,Thousand hours worked,Total - all NACE activities,Total employment domestic concept,France,2024,46218348,p,
ESTAT:NAMA_10_A64_E$DEFAULTVIEW(1.0),13/05/26 23:00:00,Annual,Thousand hours worked,Total - all NACE activities,Total employment domestic concept,Croatia,2016,3086438,,
ESTAT:NAMA_10_A64_E$DEFAULTVIEW(1.0),13/05/26 23:00:00,Annual,Thousand hours worked,Total - all NACE activities,Total employment domestic concept,Croatia,2017,3158511,,
ESTAT:NAMA_10_A64_E$DEFAULTVIEW(1.0),13/05/26 23:00:00,Annual,Thousand hours worked,Total - all NACE activities,Total employment domestic concept,Croatia,2018,3162446,,
ESTAT:NAMA_10_A64_E$DEFAULTVIEW(1.0),13/05/26 23:00:00,Annual,Thousand hours worked,Total - all NACE activities,Total employment domestic concept,Croatia,2019,3210473,,
ESTAT:NAMA_10_A64_E$DEFAULTVIEW(1.0),13/05/26 23:00:00,Annual,Thousand hours worked,Total - all NACE activities,Total employment domestic concept,Croatia,2020,3138502,,
ESTAT:NAMA_10_A64_E$DEFAULTVIEW(1.0),13/05/26 23:00:00,Annual,Thousand hours worked,Total - all NACE activities,Total employment domestic concept,Croatia,2021,3182378,,
ESTAT:NAMA_10_A64_E$DEFAULTVIEW(1.0),13/05/26 23:00:00,Annual,Thousand hours worked,Total - all NACE activities,Total employment domestic concept,Croatia,2022,3222202,,
ESTAT:NAMA_10_A64_E$DEFAULTVIEW(1.0),13/05/26 23:00:00,Annual,Thousand hours worked,Total - all NACE activities,Total employment domestic concept,Croatia,2023,3296599,,
ESTAT:NAMA_10_A64_E$DEFAULTVIEW(1.0),13/05/26 23:00:00,Annual,Thousand hours worked,Total - all NACE activities,Total employment domestic concept,Croatia,2024,3448053,p,
ESTAT:NAMA_10_A64_E$DEFAULTVIEW(1.0),13/05/26 23:00:00,Annual,Thousand hours worked,Total - all NACE activities,Total employment domestic concept,Hungary,2016,7820399,,
ESTAT:NAMA_10_A64_E$DEFAULTVIEW(1.0),13/05/26 23:00:00,Annual,Thousand hours worked,Total - all NACE activities,Total employment domestic concept,Hungary,2017,7892955,,
ESTAT:NAMA_10_A64_E$DEFAULTVIEW(1.0),13/05/26 23:00:00,Annual,Thousand hours worked,Total - all NACE activities,Total employment domestic concept,Hungary,2018,7967149,,
ESTAT:NAMA_10_A64_E$DEFAULTVIEW(1.0),13/05/26 23:00:00,Annual,Thousand hours worked,Total - all NACE activities,Total employment domestic concept,Hungary,2019,8023738,,
ESTAT:NAMA_10_A64_E$DEFAULTVIEW(1.0),13/05/26 23:00:00,Annual,Thousand hours worked,Total - all NACE activities,Total employment domestic concept,Hungary,2020,7575419,,
ESTAT:NAMA_10_A64_E$DEFAULTVIEW(1.0),13/05/26 23:00:00,Annual,Thousand hours worked,Total - all NACE activities,Total employment domestic concept,Hungary,2021,7904131,,
ESTAT:NAMA_10_A64_E$DEFAULTVIEW(1.0),13/05/26 23:00:00,Annual,Thousand hours worked,Total - all NACE activities,Total employment domestic concept,Hungary,2022,8075242,,
ESTAT:NAMA_10_A64_E$DEFAULTVIEW(1.0),13/05/26 23:00:00,Annual,Thousand hours worked,Total - all NACE activities,Total employment domestic concept,Hungary,2023,7984708,,
ESTAT:NAMA_10_A64_E$DEFAULTVIEW(1.0),13/05/26 23:00:00,Annual,Thousand hours worked,Total - all NACE activities,Total employment domestic concept,Hungary,2024,8009263,,
ESTAT:NAMA_10_A64_E$DEFAULTVIEW(1.0),13/05/26 23:00:00,Annual,Thousand hours worked,Total - all NACE activities,Total employment domestic concept,Ireland,2016,3671779,,
ESTAT:NAMA_10_A64_E$DEFAULTVIEW(1.0),13/05/26 23:00:00,Annual,Thousand hours worked,Total - all NACE activities,Total employment domestic concept,Ireland,2017,3836103,,
ESTAT:NAMA_10_A64_E$DEFAULTVIEW(1.0),13/05/26 23:00:00,Annual,Thousand hours worked,Total - all NACE activities,Total employment domestic concept,Ireland,2018,3981393,,
ESTAT:NAMA_10_A64_E$DEFAULTVIEW(1.0),13/05/26 23:00:00,Annual,Thousand hours worked,Total - all NACE activities,Total employment domestic concept,Ireland,2019,4110195,,
ESTAT:NAMA_10_A64_E$DEFAULTVIEW(1.0),13/05/26 23:00:00,Annual,Thousand hours worked,Total - all NACE activities,Total employment domestic concept,Ireland,2020,3724508,,
ESTAT:NAMA_10_A64_E$DEFAULTVIEW(1.0),13/05/26 23:00:00,Annual,Thousand hours worked,Total - all NACE activities,Total employment domestic concept,Ireland,2021,4004754,,
ESTAT:NAMA_10_A64_E$DEFAULTVIEW(1.0),13/05/26 23:00:00,Annual,Thousand hours worked,Total - all NACE activities,Total employment domestic concept,Ireland,2022,4365419,,
ESTAT:NAMA_10_A64_E$DEFAULTVIEW(1.0),13/05/26 23:00:00,Annual,Thousand hours worked,Total - all NACE activities,Total employment domestic concept,Ireland,2023,4439802,,
ESTAT:NAMA_10_A64_E$DEFAULTVIEW(1.0),13/05/26 23:00:00,Annual,Thousand hours worked,Total - all NACE activities,Total employment domestic concept,Ireland,2024,4532889,,
ESTAT:NAMA_10_A64_E$DEFAULTVIEW(1.0),13/05/26 23:00:00,Annual,Thousand hours worked,Total - all NACE activities,Total employment domestic concept,Iceland,2016,286823,p,
ESTAT:NAMA_10_A64_E$DEFAULTVIEW(1.0),13/05/26 23:00:00,Annual,Thousand hours worked,Total - all NACE activities,Total employment domestic concept,Iceland,2017,296441,p,
ESTAT:NAMA_10_A64_E$DEFAULTVIEW(1.0),13/05/26 23:00:00,Annual,Thousand hours worked,Total - all NACE activities,Total employment domestic concept,Iceland,2018,303182,p,
ESTAT:NAMA_10_A64_E$DEFAULTVIEW(1.0),13/05/26 23:00:00,Annual,Thousand hours worked,Total - all NACE activities,Total employment domestic concept,Iceland,2019,299582,p,
ESTAT:NAMA_10_A64_E$DEFAULTVIEW(1.0),13/05/26 23:00:00,Annual,Thousand hours worked,Total - all NACE activities,Total employment domestic concept,Iceland,2020,282341,p,
ESTAT:NAMA_10_A64_E$DEFAULTVIEW(1.0),13/05/26 23:00:00,Annual,Thousand hours worked,Total - all NACE activities,Total employment domestic concept,Iceland,2021,285506,p,
ESTAT:NAMA_10_A64_E$DEFAULTVIEW(1.0),13/05/26 23:00:00,Annual,Thousand hours worked,Total - all NACE activities,Total employment domestic concept,Iceland,2022,305701,p,
ESTAT:NAMA_10_A64_E$DEFAULTVIEW(1.0),13/05/26 23:00:00,Annual,Thousand hours worked,Total - all NACE activities,Total employment domestic concept,Iceland,2023,317960,p,
ESTAT:NAMA_10_A64_E$DEFAULTVIEW(1.0),13/05/26 23:00:00,Annual,Thousand hours worked,Total - all NACE activities,Total employment domestic concept,Iceland,2024,321297,p,
ESTAT:NAMA_10_A64_E$DEFAULTVIEW(1.0),13/05/26 23:00:00,Annual,Thousand hours worked,Total - all NACE activities,Total employment domestic concept,Iceland,2025,319120,p,
ESTAT:NAMA_10_A64_E$DEFAULTVIEW(1.0),13/05/26 23:00:00,Annual,Thousand hours worked,Total - all NACE activities,Total employment domestic concept,Italy,2016,41712758,,
ESTAT:NAMA_10_A64_E$DEFAULTVIEW(1.0),13/05/26 23:00:00,Annual,Thousand hours worked,Total - all NACE activities,Total employment domestic concept,Italy,2017,42167316,,
ESTAT:NAMA_10_A64_E$DEFAULTVIEW(1.0),13/05/26 23:00:00,Annual,Thousand hours worked,Total - all NACE activities,Total employment domestic concept,Italy,2018,42583840,,
ESTAT:NAMA_10_A64_E$DEFAULTVIEW(1.0),13/05/26 23:00:00,Annual,Thousand hours worked,Total - all NACE activities,Total employment domestic concept,Italy,2019,42598804,,
ESTAT:NAMA_10_A64_E$DEFAULTVIEW(1.0),13/05/26 23:00:00,Annual,Thousand hours worked,Total - all NACE activities,Total employment domestic concept,Italy,2020,37590976,,
ESTAT:NAMA_10_A64_E$DEFAULTVIEW(1.0),13/05/26 23:00:00,Annual,Thousand hours worked,Total - all NACE activities,Total employment domestic concept,Italy,2021,41440389,,
ESTAT:NAMA_10_A64_E$DEFAULTVIEW(1.0),13/05/26 23:00:00,Annual,Thousand hours worked,Total - all NACE activities,Total employment domestic concept,Italy,2022,43212191,,
ESTAT:NAMA_10_A64_E$DEFAULTVIEW(1.0),13/05/26 23:00:00,Annual,Thousand hours worked,Total - all NACE activities,Total employment domestic concept,Italy,2023,44560823,,
ESTAT:NAMA_10_A64_E$DEFAULTVIEW(1.0),13/05/26 23:00:00,Annual,Thousand hours worked,Total - all NACE activities,Total employment domestic concept,Italy,2024,45531877,,
ESTAT:NAMA_10_A64_E$DEFAULTVIEW(1.0),13/05/26 23:00:00,Annual,Thousand hours worked,Total - all NACE activities,Total employment domestic concept,Italy,2025,46041658,,
ESTAT:NAMA_10_A64_E$DEFAULTVIEW(1.0),13/05/26 23:00:00,Annual,Thousand hours worked,Total - all NACE activities,Total employment domestic concept,Lithuania,2016,2635787,,
ESTAT:NAMA_10_A64_E$DEFAULTVIEW(1.0),13/05/26 23:00:00,Annual,Thousand hours worked,Total - all NACE activities,Total employment domestic concept,Lithuania,2017,2559135,,
ESTAT:NAMA_10_A64_E$DEFAULTVIEW(1.0),13/05/26 23:00:00,Annual,Thousand hours worked,Total - all NACE activities,Total employment domestic concept,Lithuania,2018,2605497,,
ESTAT:NAMA_10_A64_E$DEFAULTVIEW(1.0),13/05/26 23:00:00,Annual,Thousand hours worked,Total - all NACE activities,Total employment domestic concept,Lithuania,2019,2621643,,
ESTAT:NAMA_10_A64_E$DEFAULTVIEW(1.0),13/05/26 23:00:00,Annual,Thousand hours worked,Total - all NACE activities,Total employment domestic concept,Lithuania,2020,2472351,,
ESTAT:NAMA_10_A64_E$DEFAULTVIEW(1.0),13/05/26 23:00:00,Annual,Thousand hours worked,Total - all NACE activities,Total employment domestic concept,Lithuania,2021,2541613,,
ESTAT:NAMA_10_A64_E$DEFAULTVIEW(1.0),13/05/26 23:00:00,Annual,Thousand hours worked,Total - all NACE activities,Total employment domestic concept,Lithuania,2022,2677187,,
ESTAT:NAMA_10_A64_E$DEFAULTVIEW(1.0),13/05/26 23:00:00,Annual,Thousand hours worked,Total - all NACE activities,Total employment domestic concept,Lithuania,2023,2741218,,
ESTAT:NAMA_10_A64_E$DEFAULTVIEW(1.0),13/05/26 23:00:00,Annual,Thousand hours worked,Total - all NACE activities,Total employment domestic concept,Lithuania,2024,2815375,,
ESTAT:NAMA_10_A64_E$DEFAULTVIEW(1.0),13/05/26 23:00:00,Annual,Thousand hours worked,Total - all NACE activities,Total employment domestic concept,Luxembourg,2016,633782,,
ESTAT:NAMA_10_A64_E$DEFAULTVIEW(1.0),13/05/26 23:00:00,Annual,Thousand hours worked,Total - all NACE activities,Total employment domestic concept,Luxembourg,2017,651779,,
ESTAT:NAMA_10_A64_E$DEFAULTVIEW(1.0),13/05/26 23:00:00,Annual,Thousand hours worked,Total - all NACE activities,Total employment domestic concept,Luxembourg,2018,670510,,
ESTAT:NAMA_10_A64_E$DEFAULTVIEW(1.0),13/05/26 23:00:00,Annual,Thousand hours worked,Total - all NACE activities,Total employment domestic concept,Luxembourg,2019,691879,,
ESTAT:NAMA_10_A64_E$DEFAULTVIEW(1.0),13/05/26 23:00:00,Annual,Thousand hours worked,Total - all NACE activities,Total employment domestic concept,Luxembourg,2020,654552,,
ESTAT:NAMA_10_A64_E$DEFAULTVIEW(1.0),13/05/26 23:00:00,Annual,Thousand hours worked,Total - all NACE activities,Total employment domestic concept,Luxembourg,2021,715850,,
ESTAT:NAMA_10_A64_E$DEFAULTVIEW(1.0),13/05/26 23:00:00,Annual,Thousand hours worked,Total - all NACE activities,Total employment domestic concept,Luxembourg,2022,737629,,
ESTAT:NAMA_10_A64_E$DEFAULTVIEW(1.0),13/05/26 23:00:00,Annual,Thousand hours worked,Total - all NACE activities,Total employment domestic concept,Luxembourg,2023,749340,,
ESTAT:NAMA_10_A64_E$DEFAULTVIEW(1.0),13/05/26 23:00:00,Annual,Thousand hours worked,Total - all NACE activities,Total employment domestic concept,Luxembourg,2024,757119,p,
ESTAT:NAMA_10_A64_E$DEFAULTVIEW(1.0),13/05/26 23:00:00,Annual,Thousand hours worked,Total - all NACE activities,Total employment domestic concept,Latvia,2016,1686172,,
ESTAT:NAMA_10_A64_E$DEFAULTVIEW(1.0),13/05/26 23:00:00,Annual,Thousand hours worked,Total - all NACE activities,Total employment domestic concept,Latvia,2017,1671429,,
ESTAT:NAMA_10_A64_E$DEFAULTVIEW(1.0),13/05/26 23:00:00,Annual,Thousand hours worked,Total - all NACE activities,Total employment domestic concept,Latvia,2018,1716871,,
ESTAT:NAMA_10_A64_E$DEFAULTVIEW(1.0),13/05/26 23:00:00,Annual,Thousand hours worked,Total - all NACE activities,Total employment domestic concept,Latvia,2019,1751075,,
ESTAT:NAMA_10_A64_E$DEFAULTVIEW(1.0),13/05/26 23:00:00,Annual,Thousand hours worked,Total - all NACE activities,Total employment domestic concept,Latvia,2020,1644981,,
ESTAT:NAMA_10_A64_E$DEFAULTVIEW(1.0),13/05/26 23:00:00,Annual,Thousand hours worked,Total - all NACE activities,Total employment domestic concept,Latvia,2021,1651803,,
ESTAT:NAMA_10_A64_E$DEFAULTVIEW(1.0),13/05/26 23:00:00,Annual,Thousand hours worked,Total - all NACE activities,Total employment domestic concept,Latvia,2022,1689057,,
ESTAT:NAMA_10_A64_E$DEFAULTVIEW(1.0),13/05/26 23:00:00,Annual,Thousand hours worked,Total - all NACE activities,Total employment domestic concept,Latvia,2023,1690149,,
ESTAT:NAMA_10_A64_E$DEFAULTVIEW(1.0),13/05/26 23:00:00,Annual,Thousand hours worked,Total - all NACE activities,Total employment domestic concept,Latvia,2024,1674019,,
ESTAT:NAMA_10_A64_E$DEFAULTVIEW(1.0),13/05/26 23:00:00,Annual,Thousand hours worked,Total - all NACE activities,Total employment domestic concept,Malta,2016,418840,,
ESTAT:NAMA_10_A64_E$DEFAULTVIEW(1.0),13/05/26 23:00:00,Annual,Thousand hours worked,Total - all NACE activities,Total employment domestic concept,Malta,2017,435812,,
ESTAT:NAMA_10_A64_E$DEFAULTVIEW(1.0),13/05/26 23:00:00,Annual,Thousand hours worked,Total - all NACE activities,Total employment domestic concept,Malta,2018,472268,,
ESTAT:NAMA_10_A64_E$DEFAULTVIEW(1.0),13/05/26 23:00:00,Annual,Thousand hours worked,Total - all NACE activities,Total employment domestic concept,Malta,2019,516584,,
ESTAT:NAMA_10_A64_E$DEFAULTVIEW(1.0),13/05/26 23:00:00,Annual,Thousand hours worked,Total - all NACE activities,Total employment domestic concept,Malta,2020,491922,,
ESTAT:NAMA_10_A64_E$DEFAULTVIEW(1.0),13/05/26 23:00:00,Annual,Thousand hours worked,Total - all NACE activities,Total employment domestic concept,Malta,2021,508510,,
ESTAT:NAMA_10_A64_E$DEFAULTVIEW(1.0),13/05/26 23:00:00,Annual,Thousand hours worked,Total - all NACE activities,Total employment domestic concept,Malta,2022,535776,,
ESTAT:NAMA_10_A64_E$DEFAULTVIEW(1.0),13/05/26 23:00:00,Annual,Thousand hours worked,Total - all NACE activities,Total employment domestic concept,Malta,2023,573220,,
ESTAT:NAMA_10_A64_E$DEFAULTVIEW(1.0),13/05/26 23:00:00,Annual,Thousand hours worked,Total - all NACE activities,Total employment domestic concept,Malta,2024,595084,,
ESTAT:NAMA_10_A64_E$DEFAULTVIEW(1.0),13/05/26 23:00:00,Annual,Thousand hours worked,Total - all NACE activities,Total employment domestic concept,Malta,2025,623726,,
ESTAT:NAMA_10_A64_E$DEFAULTVIEW(1.0),13/05/26 23:00:00,Annual,Thousand hours worked,Total - all NACE activities,Total employment domestic concept,Netherlands,2016,12927763,,
ESTAT:NAMA_10_A64_E$DEFAULTVIEW(1.0),13/05/26 23:00:00,Annual,Thousand hours worked,Total - all NACE activities,Total employment domestic concept,Netherlands,2017,13228217,,
ESTAT:NAMA_10_A64_E$DEFAULTVIEW(1.0),13/05/26 23:00:00,Annual,Thousand hours worked,Total - all NACE activities,Total employment domestic concept,Netherlands,2018,13583155,,
ESTAT:NAMA_10_A64_E$DEFAULTVIEW(1.0),13/05/26 23:00:00,Annual,Thousand hours worked,Total - all NACE activities,Total employment domestic concept,Netherlands,2019,13943543,,
ESTAT:NAMA_10_A64_E$DEFAULTVIEW(1.0),13/05/26 23:00:00,Annual,Thousand hours worked,Total - all NACE activities,Total employment domestic concept,Netherlands,2020,13353961,,
ESTAT:NAMA_10_A64_E$DEFAULTVIEW(1.0),13/05/26 23:00:00,Annual,Thousand hours worked,Total - all NACE activities,Total employment domestic concept,Netherlands,2021,13974568,,
ESTAT:NAMA_10_A64_E$DEFAULTVIEW(1.0),13/05/26 23:00:00,Annual,Thousand hours worked,Total - all NACE activities,Total employment domestic concept,Netherlands,2022,14511190,p,
ESTAT:NAMA_10_A64_E$DEFAULTVIEW(1.0),13/05/26 23:00:00,Annual,Thousand hours worked,Total - all NACE activities,Total employment domestic concept,Netherlands,2023,14710313,p,
ESTAT:NAMA_10_A64_E$DEFAULTVIEW(1.0),13/05/26 23:00:00,Annual,Thousand hours worked,Total - all NACE activities,Total employment domestic concept,Netherlands,2024,14906025,p,
ESTAT:NAMA_10_A64_E$DEFAULTVIEW(1.0),13/05/26 23:00:00,Annual,Thousand hours worked,Total - all NACE activities,Total employment domestic concept,Norway,2016,3845656,,
ESTAT:NAMA_10_A64_E$DEFAULTVIEW(1.0),13/05/26 23:00:00,Annual,Thousand hours worked,Total - all NACE activities,Total employment domestic concept,Norway,2017,3858564,,
ESTAT:NAMA_10_A64_E$DEFAULTVIEW(1.0),13/05/26 23:00:00,Annual,Thousand hours worked,Total - all NACE activities,Total employment domestic concept,Norway,2018,3917832,,
ESTAT:NAMA_10_A64_E$DEFAULTVIEW(1.0),13/05/26 23:00:00,Annual,Thousand hours worked,Total - all NACE activities,Total employment domestic concept,Norway,2019,3974776,,
ESTAT:NAMA_10_A64_E$DEFAULTVIEW(1.0),13/05/26 23:00:00,Annual,Thousand hours worked,Total - all NACE activities,Total employment domestic concept,Norway,2020,3891040,,
ESTAT:NAMA_10_A64_E$DEFAULTVIEW(1.0),13/05/26 23:00:00,Annual,Thousand hours worked,Total - all NACE activities,Total employment domestic concept,Norway,2021,3980550,,
ESTAT:NAMA_10_A64_E$DEFAULTVIEW(1.0),13/05/26 23:00:00,Annual,Thousand hours worked,Total - all NACE activities,Total employment domestic concept,Norway,2022,4122286,,
ESTAT:NAMA_10_A64_E$DEFAULTVIEW(1.0),13/05/26 23:00:00,Annual,Thousand hours worked,Total - all NACE activities,Total employment domestic concept,Norway,2023,4136099,,
ESTAT:NAMA_10_A64_E$DEFAULTVIEW(1.0),13/05/26 23:00:00,Annual,Thousand hours worked,Total - all NACE activities,Total employment domestic concept,Norway,2024,4154716,,
ESTAT:NAMA_10_A64_E$DEFAULTVIEW(1.0),13/05/26 23:00:00,Annual,Thousand hours worked,Total - all NACE activities,Total employment domestic concept,Norway,2025,4174836,,
ESTAT:NAMA_10_A64_E$DEFAULTVIEW(1.0),13/05/26 23:00:00,Annual,Thousand hours worked,Total - all NACE activities,Total employment domestic concept,Poland,2016,33028202,,
ESTAT:NAMA_10_A64_E$DEFAULTVIEW(1.0),13/05/26 23:00:00,Annual,Thousand hours worked,Total - all NACE activities,Total employment domestic concept,Poland,2017,33108980,,
ESTAT:NAMA_10_A64_E$DEFAULTVIEW(1.0),13/05/26 23:00:00,Annual,Thousand hours worked,Total - all NACE activities,Total employment domestic concept,Poland,2018,32842692,,
ESTAT:NAMA_10_A64_E$DEFAULTVIEW(1.0),13/05/26 23:00:00,Annual,Thousand hours worked,Total - all NACE activities,Total employment domestic concept,Poland,2019,33806733,b,
ESTAT:NAMA_10_A64_E$DEFAULTVIEW(1.0),13/05/26 23:00:00,Annual,Thousand hours worked,Total - all NACE activities,Total employment domestic concept,Poland,2020,33546957,,
ESTAT:NAMA_10_A64_E$DEFAULTVIEW(1.0),13/05/26 23:00:00,Annual,Thousand hours worked,Total - all NACE activities,Total employment domestic concept,Poland,2021,35459696,,
ESTAT:NAMA_10_A64_E$DEFAULTVIEW(1.0),13/05/26 23:00:00,Annual,Thousand hours worked,Total - all NACE activities,Total employment domestic concept,Poland,2022,35672052,,
ESTAT:NAMA_10_A64_E$DEFAULTVIEW(1.0),13/05/26 23:00:00,Annual,Thousand hours worked,Total - all NACE activities,Total employment domestic concept,Poland,2023,35480177,,
ESTAT:NAMA_10_A64_E$DEFAULTVIEW(1.0),13/05/26 23:00:00,Annual,Thousand hours worked,Total - all NACE activities,Total employment domestic concept,Poland,2024,34852702,,
ESTAT:NAMA_10_A64_E$DEFAULTVIEW(1.0),13/05/26 23:00:00,Annual,Thousand hours worked,Total - all NACE activities,Total employment domestic concept,Portugal,2016,8757435,,
ESTAT:NAMA_10_A64_E$DEFAULTVIEW(1.0),13/05/26 23:00:00,Annual,Thousand hours worked,Total - all NACE activities,Total employment domestic concept,Portugal,2017,8993236,,
ESTAT:NAMA_10_A64_E$DEFAULTVIEW(1.0),13/05/26 23:00:00,Annual,Thousand hours worked,Total - all NACE activities,Total employment domestic concept,Portugal,2018,9261851,,
ESTAT:NAMA_10_A64_E$DEFAULTVIEW(1.0),13/05/26 23:00:00,Annual,Thousand hours worked,Total - all NACE activities,Total employment domestic concept,Portugal,2019,9362594,,
ESTAT:NAMA_10_A64_E$DEFAULTVIEW(1.0),13/05/26 23:00:00,Annual,Thousand hours worked,Total - all NACE activities,Total employment domestic concept,Portugal,2020,8594651,,
ESTAT:NAMA_10_A64_E$DEFAULTVIEW(1.0),13/05/26 23:00:00,Annual,Thousand hours worked,Total - all NACE activities,Total employment domestic concept,Portugal,2021,8980701,,
ESTAT:NAMA_10_A64_E$DEFAULTVIEW(1.0),13/05/26 23:00:00,Annual,Thousand hours worked,Total - all NACE activities,Total employment domestic concept,Portugal,2022,9536365,,
ESTAT:NAMA_10_A64_E$DEFAULTVIEW(1.0),13/05/26 23:00:00,Annual,Thousand hours worked,Total - all NACE activities,Total employment domestic concept,Portugal,2023,9998768,,
ESTAT:NAMA_10_A64_E$DEFAULTVIEW(1.0),13/05/26 23:00:00,Annual,Thousand hours worked,Total - all NACE activities,Total employment domestic concept,Portugal,2024,10086102,p,
ESTAT:NAMA_10_A64_E$DEFAULTVIEW(1.0),13/05/26 23:00:00,Annual,Thousand hours worked,Total - all NACE activities,Total employment domestic concept,Romania,2016,15249386,,
ESTAT:NAMA_10_A64_E$DEFAULTVIEW(1.0),13/05/26 23:00:00,Annual,Thousand hours worked,Total - all NACE activities,Total employment domestic concept,Romania,2017,15413569,,
ESTAT:NAMA_10_A64_E$DEFAULTVIEW(1.0),13/05/26 23:00:00,Annual,Thousand hours worked,Total - all NACE activities,Total employment domestic concept,Romania,2018,15437386,,
ESTAT:NAMA_10_A64_E$DEFAULTVIEW(1.0),13/05/26 23:00:00,Annual,Thousand hours worked,Total - all NACE activities,Total employment domestic concept,Romania,2019,15596019,,
ESTAT:NAMA_10_A64_E$DEFAULTVIEW(1.0),13/05/26 23:00:00,Annual,Thousand hours worked,Total - all NACE activities,Total employment domestic concept,Romania,2020,14879402,,
ESTAT:NAMA_10_A64_E$DEFAULTVIEW(1.0),13/05/26 23:00:00,Annual,Thousand hours worked,Total - all NACE activities,Total employment domestic concept,Romania,2021,15565325,,
ESTAT:NAMA_10_A64_E$DEFAULTVIEW(1.0),13/05/26 23:00:00,Annual,Thousand hours worked,Total - all NACE activities,Total employment domestic concept,Romania,2022,15500263,,
ESTAT:NAMA_10_A64_E$DEFAULTVIEW(1.0),13/05/26 23:00:00,Annual,Thousand hours worked,Total - all NACE activities,Total employment domestic concept,Romania,2023,15181085,,
ESTAT:NAMA_10_A64_E$DEFAULTVIEW(1.0),13/05/26 23:00:00,Annual,Thousand hours worked,Total - all NACE activities,Total employment domestic concept,Romania,2024,15778648,p,
ESTAT:NAMA_10_A64_E$DEFAULTVIEW(1.0),13/05/26 23:00:00,Annual,Thousand hours worked,Total - all NACE activities,Total employment domestic concept,Romania,2025,15290527,p,
ESTAT:NAMA_10_A64_E$DEFAULTVIEW(1.0),13/05/26 23:00:00,Annual,Thousand hours worked,Total - all NACE activities,Total employment domestic concept,Serbia,2016,5520969,,
ESTAT:NAMA_10_A64_E$DEFAULTVIEW(1.0),13/05/26 23:00:00,Annual,Thousand hours worked,Total - all NACE activities,Total employment domestic concept,Serbia,2017,5591261,,
ESTAT:NAMA_10_A64_E$DEFAULTVIEW(1.0),13/05/26 23:00:00,Annual,Thousand hours worked,Total - all NACE activities,Total employment domestic concept,Serbia,2018,5653636,,
ESTAT:NAMA_10_A64_E$DEFAULTVIEW(1.0),13/05/26 23:00:00,Annual,Thousand hours worked,Total - all NACE activities,Total employment domestic concept,Serbia,2019,5668668,,
ESTAT:NAMA_10_A64_E$DEFAULTVIEW(1.0),13/05/26 23:00:00,Annual,Thousand hours worked,Total - all NACE activities,Total employment domestic concept,Serbia,2020,5582468,,
ESTAT:NAMA_10_A64_E$DEFAULTVIEW(1.0),13/05/26 23:00:00,Annual,Thousand hours worked,Total - all NACE activities,Total employment domestic concept,Serbia,2021,5577555,,
ESTAT:NAMA_10_A64_E$DEFAULTVIEW(1.0),13/05/26 23:00:00,Annual,Thousand hours worked,Total - all NACE activities,Total employment domestic concept,Serbia,2022,5580193,,
ESTAT:NAMA_10_A64_E$DEFAULTVIEW(1.0),13/05/26 23:00:00,Annual,Thousand hours worked,Total - all NACE activities,Total employment domestic concept,Serbia,2023,5583542,p,
ESTAT:NAMA_10_A64_E$DEFAULTVIEW(1.0),13/05/26 23:00:00,Annual,Thousand hours worked,Total - all NACE activities,Total employment domestic concept,Serbia,2024,5568317,p,
ESTAT:NAMA_10_A64_E$DEFAULTVIEW(1.0),13/05/26 23:00:00,Annual,Thousand hours worked,Total - all NACE activities,Total employment domestic concept,Sweden,2016,8112150,,
ESTAT:NAMA_10_A64_E$DEFAULTVIEW(1.0),13/05/26 23:00:00,Annual,Thousand hours worked,Total - all NACE activities,Total employment domestic concept,Sweden,2017,8247070,,
ESTAT:NAMA_10_A64_E$DEFAULTVIEW(1.0),13/05/26 23:00:00,Annual,Thousand hours worked,Total - all NACE activities,Total employment domestic concept,Sweden,2018,8380670,,
ESTAT:NAMA_10_A64_E$DEFAULTVIEW(1.0),13/05/26 23:00:00,Annual,Thousand hours worked,Total - all NACE activities,Total employment domestic concept,Sweden,2019,8356430,,
ESTAT:NAMA_10_A64_E$DEFAULTVIEW(1.0),13/05/26 23:00:00,Annual,Thousand hours worked,Total - all NACE activities,Total employment domestic concept,Sweden,2020,8085970,,
ESTAT:NAMA_10_A64_E$DEFAULTVIEW(1.0),13/05/26 23:00:00,Annual,Thousand hours worked,Total - all NACE activities,Total employment domestic concept,Sweden,2021,8296400,,
ESTAT:NAMA_10_A64_E$DEFAULTVIEW(1.0),13/05/26 23:00:00,Annual,Thousand hours worked,Total - all NACE activities,Total employment domestic concept,Sweden,2022,8554590,,
ESTAT:NAMA_10_A64_E$DEFAULTVIEW(1.0),13/05/26 23:00:00,Annual,Thousand hours worked,Total - all NACE activities,Total employment domestic concept,Sweden,2023,8644860,,
ESTAT:NAMA_10_A64_E$DEFAULTVIEW(1.0),13/05/26 23:00:00,Annual,Thousand hours worked,Total - all NACE activities,Total employment domestic concept,Sweden,2024,8570350,,
ESTAT:NAMA_10_A64_E$DEFAULTVIEW(1.0),13/05/26 23:00:00,Annual,Thousand hours worked,Total - all NACE activities,Total employment domestic concept,Slovenia,2016,1588934,,
ESTAT:NAMA_10_A64_E$DEFAULTVIEW(1.0),13/05/26 23:00:00,Annual,Thousand hours worked,Total - all NACE activities,Total employment domestic concept,Slovenia,2017,1604529,,
ESTAT:NAMA_10_A64_E$DEFAULTVIEW(1.0),13/05/26 23:00:00,Annual,Thousand hours worked,Total - all NACE activities,Total employment domestic concept,Slovenia,2018,1636416,,
ESTAT:NAMA_10_A64_E$DEFAULTVIEW(1.0),13/05/26 23:00:00,Annual,Thousand hours worked,Total - all NACE activities,Total employment domestic concept,Slovenia,2019,1674621,,
ESTAT:NAMA_10_A64_E$DEFAULTVIEW(1.0),13/05/26 23:00:00,Annual,Thousand hours worked,Total - all NACE activities,Total employment domestic concept,Slovenia,2020,1591772,,
ESTAT:NAMA_10_A64_E$DEFAULTVIEW(1.0),13/05/26 23:00:00,Annual,Thousand hours worked,Total - all NACE activities,Total employment domestic concept,Slovenia,2021,1676285,,
ESTAT:NAMA_10_A64_E$DEFAULTVIEW(1.0),13/05/26 23:00:00,Annual,Thousand hours worked,Total - all NACE activities,Total employment domestic concept,Slovenia,2022,1743217,,
ESTAT:NAMA_10_A64_E$DEFAULTVIEW(1.0),13/05/26 23:00:00,Annual,Thousand hours worked,Total - all NACE activities,Total employment domestic concept,Slovenia,2023,1744081,,
ESTAT:NAMA_10_A64_E$DEFAULTVIEW(1.0),13/05/26 23:00:00,Annual,Thousand hours worked,Total - all NACE activities,Total employment domestic concept,Slovenia,2024,1787387,,
ESTAT:NAMA_10_A64_E$DEFAULTVIEW(1.0),13/05/26 23:00:00,Annual,Thousand hours worked,Total - all NACE activities,Total employment domestic concept,Slovakia,2016,4038652,,
ESTAT:NAMA_10_A64_E$DEFAULTVIEW(1.0),13/05/26 23:00:00,Annual,Thousand hours worked,Total - all NACE activities,Total employment domestic concept,Slovakia,2017,4065534,,
ESTAT:NAMA_10_A64_E$DEFAULTVIEW(1.0),13/05/26 23:00:00,Annual,Thousand hours worked,Total - all NACE activities,Total employment domestic concept,Slovakia,2018,4123329,,
ESTAT:NAMA_10_A64_E$DEFAULTVIEW(1.0),13/05/26 23:00:00,Annual,Thousand hours worked,Total - all NACE activities,Total employment domestic concept,Slovakia,2019,4137228,,
ESTAT:NAMA_10_A64_E$DEFAULTVIEW(1.0),13/05/26 23:00:00,Annual,Thousand hours worked,Total - all NACE activities,Total employment domestic concept,Slovakia,2020,3771291,,
ESTAT:NAMA_10_A64_E$DEFAULTVIEW(1.0),13/05/26 23:00:00,Annual,Thousand hours worked,Total - all NACE activities,Total employment domestic concept,Slovakia,2021,3772064,,
ESTAT:NAMA_10_A64_E$DEFAULTVIEW(1.0),13/05/26 23:00:00,Annual,Thousand hours worked,Total - all NACE activities,Total employment domestic concept,Slovakia,2022,3908108,,
ESTAT:NAMA_10_A64_E$DEFAULTVIEW(1.0),13/05/26 23:00:00,Annual,Thousand hours worked,Total - all NACE activities,Total employment domestic concept,Slovakia,2023,3953967,,
ESTAT:NAMA_10_A64_E$DEFAULTVIEW(1.0),13/05/26 23:00:00,Annual,Thousand hours worked,Total - all NACE activities,Total employment domestic concept,Slovakia,2024,3961324,,
ESTAT:NAMA_10_A64_E$DEFAULTVIEW(1.0),13/05/26 23:00:00,Annual,Thousand hours worked,Total - all NACE activities,Total employment domestic concept,United Kingdom,2016,53094758,,
ESTAT:NAMA_10_A64_E$DEFAULTVIEW(1.0),13/05/26 23:00:00,Annual,Thousand hours worked,Total - all NACE activities,Total employment domestic concept,United Kingdom,2017,53567552,,
ESTAT:NAMA_10_A64_E$DEFAULTVIEW(1.0),13/05/26 23:00:00,Annual,Thousand hours worked,Total - all NACE activities,Total employment domestic concept,United Kingdom,2018,54028644,,
ESTAT:NAMA_10_A64_E$DEFAULTVIEW(1.0),13/05/26 23:00:00,Annual,Thousand hours worked,Total - all NACE activities,Total employment domestic concept,United Kingdom,2019,54749031,,
ESTAT:NAMA_10_A64_E$DEFAULTVIEW(1.0),13/05/26 23:00:00,Annual,Thousand hours worked,Total - all NACE activities,Total employment domestic concept,Kosovo*,2017,,,C
ESTAT:NAMA_10_A64_E$DEFAULTVIEW(1.0),13/05/26 23:00:00,Annual,Thousand hours worked,Total - all NACE activities,Total employment domestic concept,Kosovo*,2018,,,C
ESTAT:NAMA_10_A64_E$DEFAULTVIEW(1.0),13/05/26 23:00:00,Annual,Thousand hours worked,Total - all NACE activities,Total employment domestic concept,Kosovo*,2019,,,C
ESTAT:NAMA_10_A64_E$DEFAULTVIEW(1.0),13/05/26 23:00:00,Annual,Thousand hours worked,Total - all NACE activities,Employees domestic concept,Austria,2016,5807793,,
ESTAT:NAMA_10_A64_E$DEFAULTVIEW(1.0),13/05/26 23:00:00,Annual,Thousand hours worked,Total - all NACE activities,Employees domestic concept,Austria,2017,5870998,,
ESTAT:NAMA_10_A64_E$DEFAULTVIEW(1.0),13/05/26 23:00:00,Annual,Thousand hours worked,Total - all NACE activities,Employees domestic concept,Austria,2018,5999493,,
ESTAT:NAMA_10_A64_E$DEFAULTVIEW(1.0),13/05/26 23:00:00,Annual,Thousand hours worked,Total - all NACE activities,Employees domestic concept,Austria,2019,6120617,,
ESTAT:NAMA_10_A64_E$DEFAULTVIEW(1.0),13/05/26 23:00:00,Annual,Thousand hours worked,Total - all NACE activities,Employees domestic concept,Austria,2020,5542384,,
ESTAT:NAMA_10_A64_E$DEFAULTVIEW(1.0),13/05/26 23:00:00,Annual,Thousand hours worked,Total - all NACE activities,Employees domestic concept,Austria,2021,5849014,,
ESTAT:NAMA_10_A64_E$DEFAULTVIEW(1.0),13/05/26 23:00:00,Annual,Thousand hours worked,Total - all NACE activities,Employees domestic concept,Austria,2022,6016584,,
ESTAT:NAMA_10_A64_E$DEFAULTVIEW(1.0),13/05/26 23:00:00,Annual,Thousand hours worked,Total - all NACE activities,Employees domestic concept,Austria,2023,6078869,,
ESTAT:NAMA_10_A64_E$DEFAULTVIEW(1.0),13/05/26 23:00:00,Annual,Thousand hours worked,Total - all NACE activities,Employees domestic concept,Austria,2024,6095247,,
ESTAT:NAMA_10_A64_E$DEFAULTVIEW(1.0),13/05/26 23:00:00,Annual,Thousand hours worked,Total - all NACE activities,Employees domestic concept,Belgium,2016,5571869,,
ESTAT:NAMA_10_A64_E$DEFAULTVIEW(1.0),13/05/26 23:00:00,Annual,Thousand hours worked,Total - all NACE activities,Employees domestic concept,Belgium,2017,5667791,,
ESTAT:NAMA_10_A64_E$DEFAULTVIEW(1.0),13/05/26 23:00:00,Annual,Thousand hours worked,Total - all NACE activities,Employees domestic concept,Belgium,2018,5766679,,
ESTAT:NAMA_10_A64_E$DEFAULTVIEW(1.0),13/05/26 23:00:00,Annual,Thousand hours worked,Total - all NACE activities,Employees domestic concept,Belgium,2019,5851468,,
ESTAT:NAMA_10_A64_E$DEFAULTVIEW(1.0),13/05/26 23:00:00,Annual,Thousand hours worked,Total - all NACE activities,Employees domestic concept,Belgium,2020,5462654,,
ESTAT:NAMA_10_A64_E$DEFAULTVIEW(1.0),13/05/26 23:00:00,Annual,Thousand hours worked,Total - all NACE activities,Employees domestic concept,Belgium,2021,5784260,,
ESTAT:NAMA_10_A64_E$DEFAULTVIEW(1.0),13/05/26 23:00:00,Annual,Thousand hours worked,Total - all NACE activities,Employees domestic concept,Belgium,2022,6038773,,
ESTAT:NAMA_10_A64_E$DEFAULTVIEW(1.0),13/05/26 23:00:00,Annual,Thousand hours worked,Total - all NACE activities,Employees domestic concept,Belgium,2023,6082408,,
ESTAT:NAMA_10_A64_E$DEFAULTVIEW(1.0),13/05/26 23:00:00,Annual,Thousand hours worked,Total - all NACE activities,Employees domestic concept,Belgium,2024,6068983,p,
ESTAT:NAMA_10_A64_E$DEFAULTVIEW(1.0),13/05/26 23:00:00,Annual,Thousand hours worked,Total - all NACE activities,Employees domestic concept,Bulgaria,2016,4271290,,
ESTAT:NAMA_10_A64_E$DEFAULTVIEW(1.0),13/05/26 23:00:00,Annual,Thousand hours worked,Total - all NACE activities,Employees domestic concept,Bulgaria,2017,4284960,,
ESTAT:NAMA_10_A64_E$DEFAULTVIEW(1.0),13/05/26 23:00:00,Annual,Thousand hours worked,Total - all NACE activities,Employees domestic concept,Bulgaria,2018,4322918,,
ESTAT:NAMA_10_A64_E$DEFAULTVIEW(1.0),13/05/26 23:00:00,Annual,Thousand hours worked,Total - all NACE activities,Employees domestic concept,Bulgaria,2019,4390383,,
ESTAT:NAMA_10_A64_E$DEFAULTVIEW(1.0),13/05/26 23:00:00,Annual,Thousand hours worked,Total - all NACE activities,Employees domestic concept,Bulgaria,2020,4180063,,
ESTAT:NAMA_10_A64_E$DEFAULTVIEW(1.0),13/05/26 23:00:00,Annual,Thousand hours worked,Total - all NACE activities,Employees domestic concept,Bulgaria,2021,4246030,,
ESTAT:NAMA_10_A64_E$DEFAULTVIEW(1.0),13/05/26 23:00:00,Annual,Thousand hours worked,Total - all NACE activities,Employees domestic concept,Bulgaria,2022,4271629,,
ESTAT:NAMA_10_A64_E$DEFAULTVIEW(1.0),13/05/26 23:00:00,Annual,Thousand hours worked,Total - all NACE activities,Employees domestic concept,Bulgaria,2023,4504957,,
ESTAT:NAMA_10_A64_E$DEFAULTVIEW(1.0),13/05/26 23:00:00,Annual,Thousand hours worked,Total - all NACE activities,Employees domestic concept,Bulgaria,2024,4432933,,
ESTAT:NAMA_10_A64_E$DEFAULTVIEW(1.0),13/05/26 23:00:00,Annual,Thousand hours worked,Total - all NACE activities,Employees domestic concept,Switzerland,2016,7064354,,
ESTAT:NAMA_10_A64_E$DEFAULTVIEW(1.0),13/05/26 23:00:00,Annual,Thousand hours worked,Total - all NACE activities,Employees domestic concept,Switzerland,2017,7069334,,
ESTAT:NAMA_10_A64_E$DEFAULTVIEW(1.0),13/05/26 23:00:00,Annual,Thousand hours worked,Total - all NACE activities,Employees domestic concept,Switzerland,2018,7096450,,
ESTAT:NAMA_10_A64_E$DEFAULTVIEW(1.0),13/05/26 23:00:00,Annual,Thousand hours worked,Total - all NACE activities,Employees domestic concept,Switzerland,2019,7173169,,
ESTAT:NAMA_10_A64_E$DEFAULTVIEW(1.0),13/05/26 23:00:00,Annual,Thousand hours worked,Total - all NACE activities,Employees domestic concept,Switzerland,2020,6907858,,
ESTAT:NAMA_10_A64_E$DEFAULTVIEW(1.0),13/05/26 23:00:00,Annual,Thousand hours worked,Total - all NACE activities,Employees domestic concept,Switzerland,2021,7107728,,
ESTAT:NAMA_10_A64_E$DEFAULTVIEW(1.0),13/05/26 23:00:00,Annual,Thousand hours worked,Total - all NACE activities,Employees domestic concept,Switzerland,2022,7235967,,
ESTAT:NAMA_10_A64_E$DEFAULTVIEW(1.0),13/05/26 23:00:00,Annual,Thousand hours worked,Total - all NACE activities,Employees domestic concept,Switzerland,2023,7358256,,
ESTAT:NAMA_10_A64_E$DEFAULTVIEW(1.0),13/05/26 23:00:00,Annual,Thousand hours worked,Total - all NACE activities,Employees domestic concept,Switzerland,2024,7400999,,
ESTAT:NAMA_10_A64_E$DEFAULTVIEW(1.0),13/05/26 23:00:00,Annual,Thousand hours worked,Total - all NACE activities,Employees domestic concept,Cyprus,2016,601759,,
ESTAT:NAMA_10_A64_E$DEFAULTVIEW(1.0),13/05/26 23:00:00,Annual,Thousand hours worked,Total - all NACE activities,Employees domestic concept,Cyprus,2017,630294,,
ESTAT:NAMA_10_A64_E$DEFAULTVIEW(1.0),13/05/26 23:00:00,Annual,Thousand hours worked,Total - all NACE activities,Employees domestic concept,Cyprus,2018,665754,,
ESTAT:NAMA_10_A64_E$DEFAULTVIEW(1.0),13/05/26 23:00:00,Annual,Thousand hours worked,Total - all NACE activities,Employees domestic concept,Cyprus,2019,701712,,
ESTAT:NAMA_10_A64_E$DEFAULTVIEW(1.0),13/05/26 23:00:00,Annual,Thousand hours worked,Total - all NACE activities,Employees domestic concept,Cyprus,2020,664000,,
ESTAT:NAMA_10_A64_E$DEFAULTVIEW(1.0),13/05/26 23:00:00,Annual,Thousand hours worked,Total - all NACE activities,Employees domestic concept,Cyprus,2021,725910,,
ESTAT:NAMA_10_A64_E$DEFAULTVIEW(1.0),13/05/26 23:00:00,Annual,Thousand hours worked,Total - all NACE activities,Employees domestic concept,Cyprus,2022,766048,,
ESTAT:NAMA_10_A64_E$DEFAULTVIEW(1.0),13/05/26 23:00:00,Annual,Thousand hours worked,Total - all NACE activities,Employees domestic concept,Cyprus,2023,791348,,
ESTAT:NAMA_10_A64_E$DEFAULTVIEW(1.0),13/05/26 23:00:00,Annual,Thousand hours worked,Total - all NACE activities,Employees domestic concept,Cyprus,2024,813128,,
ESTAT:NAMA_10_A64_E$DEFAULTVIEW(1.0),13/05/26 23:00:00,Annual,Thousand hours worked,Total - all NACE activities,Employees domestic concept,Czechia,2016,7732629,,
ESTAT:NAMA_10_A64_E$DEFAULTVIEW(1.0),13/05/26 23:00:00,Annual,Thousand hours worked,Total - all NACE activities,Employees domestic concept,Czechia,2017,7843080,,
ESTAT:NAMA_10_A64_E$DEFAULTVIEW(1.0),13/05/26 23:00:00,Annual,Thousand hours worked,Total - all NACE activities,Employees domestic concept,Czechia,2018,7981225,,
ESTAT:NAMA_10_A64_E$DEFAULTVIEW(1.0),13/05/26 23:00:00,Annual,Thousand hours worked,Total - all NACE activities,Employees domestic concept,Czechia,2019,8020870,,
ESTAT:NAMA_10_A64_E$DEFAULTVIEW(1.0),13/05/26 23:00:00,Annual,Thousand hours worked,Total - all NACE activities,Employees domestic concept,Czechia,2020,7367889,,
ESTAT:NAMA_10_A64_E$DEFAULTVIEW(1.0),13/05/26 23:00:00,Annual,Thousand hours worked,Total - all NACE activities,Employees domestic concept,Czechia,2021,7618187,,
ESTAT:NAMA_10_A64_E$DEFAULTVIEW(1.0),13/05/26 23:00:00,Annual,Thousand hours worked,Total - all NACE activities,Employees domestic concept,Czechia,2022,7907022,,
ESTAT:NAMA_10_A64_E$DEFAULTVIEW(1.0),13/05/26 23:00:00,Annual,Thousand hours worked,Total - all NACE activities,Employees domestic concept,Czechia,2023,8046540,,
ESTAT:NAMA_10_A64_E$DEFAULTVIEW(1.0),13/05/26 23:00:00,Annual,Thousand hours worked,Total - all NACE activities,Employees domestic concept,Czechia,2024,8209919,,
ESTAT:NAMA_10_A64_E$DEFAULTVIEW(1.0),13/05/26 23:00:00,Annual,Thousand hours worked,Total - all NACE activities,Employees domestic concept,Germany,2016,52493340,,
ESTAT:NAMA_10_A64_E$DEFAULTVIEW(1.0),13/05/26 23:00:00,Annual,Thousand hours worked,Total - all NACE activities,Employees domestic concept,Germany,2017,53225274,,
ESTAT:NAMA_10_A64_E$DEFAULTVIEW(1.0),13/05/26 23:00:00,Annual,Thousand hours worked,Total - all NACE activities,Employees domestic concept,Germany,2018,53913078,,
ESTAT:NAMA_10_A64_E$DEFAULTVIEW(1.0),13/05/26 23:00:00,Annual,Thousand hours worked,Total - all NACE activities,Employees domestic concept,Germany,2019,54332658,,
ESTAT:NAMA_10_A64_E$DEFAULTVIEW(1.0),13/05/26 23:00:00,Annual,Thousand hours worked,Total - all NACE activities,Employees domestic concept,Germany,2020,52027524,,
ESTAT:NAMA_10_A64_E$DEFAULTVIEW(1.0),13/05/26 23:00:00,Annual,Thousand hours worked,Total - all NACE activities,Employees domestic concept,Germany,2021,53378616,,
ESTAT:NAMA_10_A64_E$DEFAULTVIEW(1.0),13/05/26 23:00:00,Annual,Thousand hours worked,Total - all NACE activities,Employees domestic concept,Germany,2022,54340469,p,
ESTAT:NAMA_10_A64_E$DEFAULTVIEW(1.0),13/05/26 23:00:00,Annual,Thousand hours worked,Total - all NACE activities,Employees domestic concept,Germany,2023,54782389,p,
ESTAT:NAMA_10_A64_E$DEFAULTVIEW(1.0),13/05/26 23:00:00,Annual,Thousand hours worked,Total - all NACE activities,Employees domestic concept,Germany,2024,54874365,p,
ESTAT:NAMA_10_A64_E$DEFAULTVIEW(1.0),13/05/26 23:00:00,Annual,Thousand hours worked,Total - all NACE activities,Employees domestic concept,Denmark,2016,3742892,,
ESTAT:NAMA_10_A64_E$DEFAULTVIEW(1.0),13/05/26 23:00:00,Annual,Thousand hours worked,Total - all NACE activities,Employees domestic concept,Denmark,2017,3785312,,
ESTAT:NAMA_10_A64_E$DEFAULTVIEW(1.0),13/05/26 23:00:00,Annual,Thousand hours worked,Total - all NACE activities,Employees domestic concept,Denmark,2018,3788313,,
ESTAT:NAMA_10_A64_E$DEFAULTVIEW(1.0),13/05/26 23:00:00,Annual,Thousand hours worked,Total - all NACE activities,Employees domestic concept,Denmark,2019,3843317,,
ESTAT:NAMA_10_A64_E$DEFAULTVIEW(1.0),13/05/26 23:00:00,Annual,Thousand hours worked,Total - all NACE activities,Employees domestic concept,Denmark,2020,3715338,,
ESTAT:NAMA_10_A64_E$DEFAULTVIEW(1.0),13/05/26 23:00:00,Annual,Thousand hours worked,Total - all NACE activities,Employees domestic concept,Denmark,2021,3920103,,
ESTAT:NAMA_10_A64_E$DEFAULTVIEW(1.0),13/05/26 23:00:00,Annual,Thousand hours worked,Total - all NACE activities,Employees domestic concept,Denmark,2022,4078475,,
ESTAT:NAMA_10_A64_E$DEFAULTVIEW(1.0),13/05/26 23:00:00,Annual,Thousand hours worked,Total - all NACE activities,Employees domestic concept,Denmark,2023,4112214,,
ESTAT:NAMA_10_A64_E$DEFAULTVIEW(1.0),13/05/26 23:00:00,Annual,Thousand hours worked,Total - all NACE activities,Employees domestic concept,Denmark,2024,4135052,,
ESTAT:NAMA_10_A64_E$DEFAULTVIEW(1.0),13/05/26 23:00:00,Annual,Thousand hours worked,Total - all NACE activities,Employees domestic concept,Euro area - 12 countries (2001-2006),2016,184425371,,
ESTAT:NAMA_10_A64_E$DEFAULTVIEW(1.0),13/05/26 23:00:00,Annual,Thousand hours worked,Total - all NACE activities,Employees domestic concept,Euro area - 12 countries (2001-2006),2017,187485341,,
ESTAT:NAMA_10_A64_E$DEFAULTVIEW(1.0),13/05/26 23:00:00,Annual,Thousand hours worked,Total - all NACE activities,Employees domestic concept,Euro area - 12 countries (2001-2006),2018,191444370,,
ESTAT:NAMA_10_A64_E$DEFAULTVIEW(1.0),13/05/26 23:00:00,Annual,Thousand hours worked,Total - all NACE activities,Employees domestic concept,Euro area - 12 countries (2001-2006),2019,193693059,,
ESTAT:NAMA_10_A64_E$DEFAULTVIEW(1.0),13/05/26 23:00:00,Annual,Thousand hours worked,Total - all NACE activities,Employees domestic concept,Euro area - 12 countries (2001-2006),2020,179352477,,
ESTAT:NAMA_10_A64_E$DEFAULTVIEW(1.0),13/05/26 23:00:00,Annual,Thousand hours worked,Total - all NACE activities,Employees domestic concept,Euro area - 12 countries (2001-2006),2021,190426420,,
ESTAT:NAMA_10_A64_E$DEFAULTVIEW(1.0),13/05/26 23:00:00,Annual,Thousand hours worked,Total - all NACE activities,Employees domestic concept,Euro area - 12 countries (2001-2006),2022,197899886,,
ESTAT:NAMA_10_A64_E$DEFAULTVIEW(1.0),13/05/26 23:00:00,Annual,Thousand hours worked,Total - all NACE activities,Employees domestic concept,Euro area - 12 countries (2001-2006),2023,201797279,,
ESTAT:NAMA_10_A64_E$DEFAULTVIEW(1.0),13/05/26 23:00:00,Annual,Thousand hours worked,Total - all NACE activities,Employees domestic concept,Euro area - 12 countries (2001-2006),2024,204139437,,
ESTAT:NAMA_10_A64_E$DEFAULTVIEW(1.0),13/05/26 23:00:00,Annual,Thousand hours worked,Total - all NACE activities,Employees domestic concept,Euro area - 19 countries  (2015-2022),2016,194723975,,
ESTAT:NAMA_10_A64_E$DEFAULTVIEW(1.0),13/05/26 23:00:00,Annual,Thousand hours worked,Total - all NACE activities,Employees domestic concept,Euro area - 19 countries  (2015-2022),2017,197834846,,
ESTAT:NAMA_10_A64_E$DEFAULTVIEW(1.0),13/05/26 23:00:00,Annual,Thousand hours worked,Total - all NACE activities,Employees domestic concept,Euro area - 19 countries  (2015-2022),2018,202024447,,
ESTAT:NAMA_10_A64_E$DEFAULTVIEW(1.0),13/05/26 23:00:00,Annual,Thousand hours worked,Total - all NACE activities,Employees domestic concept,Euro area - 19 countries  (2015-2022),2019,204427457,,
ESTAT:NAMA_10_A64_E$DEFAULTVIEW(1.0),13/05/26 23:00:00,Annual,Thousand hours worked,Total - all NACE activities,Employees domestic concept,Euro area - 19 countries  (2015-2022),2020,189411989,,
ESTAT:NAMA_10_A64_E$DEFAULTVIEW(1.0),13/05/26 23:00:00,Annual,Thousand hours worked,Total - all NACE activities,Employees domestic concept,Euro area - 19 countries  (2015-2022),2021,200677857,,
ESTAT:NAMA_10_A64_E$DEFAULTVIEW(1.0),13/05/26 23:00:00,Annual,Thousand hours worked,Total - all NACE activities,Employees domestic concept,Euro area - 19 countries  (2015-2022),2022,208502575,,
ESTAT:NAMA_10_A64_E$DEFAULTVIEW(1.0),13/05/26 23:00:00,Annual,Thousand hours worked,Total - all NACE activities,Employees domestic concept,Euro area - 19 countries  (2015-2022),2023,212621423,,
ESTAT:NAMA_10_A64_E$DEFAULTVIEW(1.0),13/05/26 23:00:00,Annual,Thousand hours worked,Total - all NACE activities,Employees domestic concept,Euro area - 19 countries  (2015-2022),2024,215073588,,
ESTAT:NAMA_10_A64_E$DEFAULTVIEW(1.0),13/05/26 23:00:00,Annual,Thousand hours worked,Total - all NACE activities,Employees domestic concept,Euro area – 20 countries (2023-2025),2016,197375496,,
ESTAT:NAMA_10_A64_E$DEFAULTVIEW(1.0),13/05/26 23:00:00,Annual,Thousand hours worked,Total - all NACE activities,Employees domestic concept,Euro area – 20 countries (2023-2025),2017,200578724,,
ESTAT:NAMA_10_A64_E$DEFAULTVIEW(1.0),13/05/26 23:00:00,Annual,Thousand hours worked,Total - all NACE activities,Employees domestic concept,Euro area – 20 countries (2023-2025),2018,204779631,,
ESTAT:NAMA_10_A64_E$DEFAULTVIEW(1.0),13/05/26 23:00:00,Annual,Thousand hours worked,Total - all NACE activities,Employees domestic concept,Euro area – 20 countries (2023-2025),2019,207218021,,
ESTAT:NAMA_10_A64_E$DEFAULTVIEW(1.0),13/05/26 23:00:00,Annual,Thousand hours worked,Total - all NACE activities,Employees domestic concept,Euro area – 20 countries (2023-2025),2020,192139386,,
ESTAT:NAMA_10_A64_E$DEFAULTVIEW(1.0),13/05/26 23:00:00,Annual,Thousand hours worked,Total - all NACE activities,Employees domestic concept,Euro area – 20 countries (2023-2025),2021,203423346,,
ESTAT:NAMA_10_A64_E$DEFAULTVIEW(1.0),13/05/26 23:00:00,Annual,Thousand hours worked,Total - all NACE activities,Employees domestic concept,Euro area – 20 countries (2023-2025),2022,211282019,,
ESTAT:NAMA_10_A64_E$DEFAULTVIEW(1.0),13/05/26 23:00:00,Annual,Thousand hours worked,Total - all NACE activities,Employees domestic concept,Euro area – 20 countries (2023-2025),2023,215466643,,
ESTAT:NAMA_10_A64_E$DEFAULTVIEW(1.0),13/05/26 23:00:00,Annual,Thousand hours worked,Total - all NACE activities,Employees domestic concept,Euro area – 20 countries (2023-2025),2024,218068568,,
ESTAT:NAMA_10_A64_E$DEFAULTVIEW(1.0),13/05/26 23:00:00,Annual,Thousand hours worked,Total - all NACE activities,Employees domestic concept,Euro area – 21 countries (from 2026),2016,201646786,,
ESTAT:NAMA_10_A64_E$DEFAULTVIEW(1.0),13/05/26 23:00:00,Annual,Thousand hours worked,Total - all NACE activities,Employees domestic concept,Euro area – 21 countries (from 2026),2017,204863684,,
ESTAT:NAMA_10_A64_E$DEFAULTVIEW(1.0),13/05/26 23:00:00,Annual,Thousand hours worked,Total - all NACE activities,Employees domestic concept,Euro area – 21 countries (from 2026),2018,209102549,,
ESTAT:NAMA_10_A64_E$DEFAULTVIEW(1.0),13/05/26 23:00:00,Annual,Thousand hours worked,Total - all NACE activities,Employees domestic concept,Euro area – 21 countries (from 2026),2019,211608404,,
ESTAT:NAMA_10_A64_E$DEFAULTVIEW(1.0),13/05/26 23:00:00,Annual,Thousand hours worked,Total - all NACE activities,Employees domestic concept,Euro area – 21 countries (from 2026),2020,196319449,,
ESTAT:NAMA_10_A64_E$DEFAULTVIEW(1.0),13/05/26 23:00:00,Annual,Thousand hours worked,Total - all NACE activities,Employees domestic concept,Euro area – 21 countries (from 2026),2021,207669377,,
ESTAT:NAMA_10_A64_E$DEFAULTVIEW(1.0),13/05/26 23:00:00,Annual,Thousand hours worked,Total - all NACE activities,Employees domestic concept,Euro area – 21 countries (from 2026),2022,215553648,,
ESTAT:NAMA_10_A64_E$DEFAULTVIEW(1.0),13/05/26 23:00:00,Annual,Thousand hours worked,Total - all NACE activities,Employees domestic concept,Euro area – 21 countries (from 2026),2023,219971600,,
ESTAT:NAMA_10_A64_E$DEFAULTVIEW(1.0),13/05/26 23:00:00,Annual,Thousand hours worked,Total - all NACE activities,Employees domestic concept,Euro area – 21 countries (from 2026),2024,222501502,,
ESTAT:NAMA_10_A64_E$DEFAULTVIEW(1.0),13/05/26 23:00:00,Annual,Thousand hours worked,Total - all NACE activities,Employees domestic concept,Estonia,2016,1052044,,
ESTAT:NAMA_10_A64_E$DEFAULTVIEW(1.0),13/05/26 23:00:00,Annual,Thousand hours worked,Total - all NACE activities,Employees domestic concept,Estonia,2017,1052576,,
ESTAT:NAMA_10_A64_E$DEFAULTVIEW(1.0),13/05/26 23:00:00,Annual,Thousand hours worked,Total - all NACE activities,Employees domestic concept,Estonia,2018,1054331,,
ESTAT:NAMA_10_A64_E$DEFAULTVIEW(1.0),13/05/26 23:00:00,Annual,Thousand hours worked,Total - all NACE activities,Employees domestic concept,Estonia,2019,1016606,,
ESTAT:NAMA_10_A64_E$DEFAULTVIEW(1.0),13/05/26 23:00:00,Annual,Thousand hours worked,Total - all NACE activities,Employees domestic concept,Estonia,2020,994698,,
ESTAT:NAMA_10_A64_E$DEFAULTVIEW(1.0),13/05/26 23:00:00,Annual,Thousand hours worked,Total - all NACE activities,Employees domestic concept,Estonia,2021,984571,,
ESTAT:NAMA_10_A64_E$DEFAULTVIEW(1.0),13/05/26 23:00:00,Annual,Thousand hours worked,Total - all NACE activities,Employees domestic concept,Estonia,2022,1003596,,
ESTAT:NAMA_10_A64_E$DEFAULTVIEW(1.0),13/05/26 23:00:00,Annual,Thousand hours worked,Total - all NACE activities,Employees domestic concept,Estonia,2023,1024577,,
ESTAT:NAMA_10_A64_E$DEFAULTVIEW(1.0),13/05/26 23:00:00,Annual,Thousand hours worked,Total - all NACE activities,Employees domestic concept,Estonia,2024,1031904,,
ESTAT:NAMA_10_A64_E$DEFAULTVIEW(1.0),13/05/26 23:00:00,Annual,Thousand hours worked,Total - all NACE activities,Employees domestic concept,Greece,2016,6113230,,
ESTAT:NAMA_10_A64_E$DEFAULTVIEW(1.0),13/05/26 23:00:00,Annual,Thousand hours worked,Total - all NACE activities,Employees domestic concept,Greece,2017,6062064,,
ESTAT:NAMA_10_A64_E$DEFAULTVIEW(1.0),13/05/26 23:00:00,Annual,Thousand hours worked,Total - all NACE activities,Employees domestic concept,Greece,2018,6574035,,
ESTAT:NAMA_10_A64_E$DEFAULTVIEW(1.0),13/05/26 23:00:00,Annual,Thousand hours worked,Total - all NACE activities,Employees domestic concept,Greece,2019,6669750,,
ESTAT:NAMA_10_A64_E$DEFAULTVIEW(1.0),13/05/26 23:00:00,Annual,Thousand hours worked,Total - all NACE activities,Employees domestic concept,Greece,2020,5783748,,
ESTAT:NAMA_10_A64_E$DEFAULTVIEW(1.0),13/05/26 23:00:00,Annual,Thousand hours worked,Total - all NACE activities,Employees domestic concept,Greece,2021,6530747,,
ESTAT:NAMA_10_A64_E$DEFAULTVIEW(1.0),13/05/26 23:00:00,Annual,Thousand hours worked,Total - all NACE activities,Employees domestic concept,Greece,2022,6954672,,
ESTAT:NAMA_10_A64_E$DEFAULTVIEW(1.0),13/05/26 23:00:00,Annual,Thousand hours worked,Total - all NACE activities,Employees domestic concept,Greece,2023,7176964,p,
ESTAT:NAMA_10_A64_E$DEFAULTVIEW(1.0),13/05/26 23:00:00,Annual,Thousand hours worked,Total - all NACE activities,Employees domestic concept,Greece,2024,7247268,p,
ESTAT:NAMA_10_A64_E$DEFAULTVIEW(1.0),13/05/26 23:00:00,Annual,Thousand hours worked,Total - all NACE activities,Employees domestic concept,Spain,2016,26106057,,
ESTAT:NAMA_10_A64_E$DEFAULTVIEW(1.0),13/05/26 23:00:00,Annual,Thousand hours worked,Total - all NACE activities,Employees domestic concept,Spain,2017,26861152,,
ESTAT:NAMA_10_A64_E$DEFAULTVIEW(1.0),13/05/26 23:00:00,Annual,Thousand hours worked,Total - all NACE activities,Employees domestic concept,Spain,2018,27593003,,
ESTAT:NAMA_10_A64_E$DEFAULTVIEW(1.0),13/05/26 23:00:00,Annual,Thousand hours worked,Total - all NACE activities,Employees domestic concept,Spain,2019,28067456,,
ESTAT:NAMA_10_A64_E$DEFAULTVIEW(1.0),13/05/26 23:00:00,Annual,Thousand hours worked,Total - all NACE activities,Employees domestic concept,Spain,2020,25278861,,
ESTAT:NAMA_10_A64_E$DEFAULTVIEW(1.0),13/05/26 23:00:00,Annual,Thousand hours worked,Total - all NACE activities,Employees domestic concept,Spain,2021,26867057,,
ESTAT:NAMA_10_A64_E$DEFAULTVIEW(1.0),13/05/26 23:00:00,Annual,Thousand hours worked,Total - all NACE activities,Employees domestic concept,Spain,2022,28330944,,
ESTAT:NAMA_10_A64_E$DEFAULTVIEW(1.0),13/05/26 23:00:00,Annual,Thousand hours worked,Total - all NACE activities,Employees domestic concept,Spain,2023,29118789,p,
ESTAT:NAMA_10_A64_E$DEFAULTVIEW(1.0),13/05/26 23:00:00,Annual,Thousand hours worked,Total - all NACE activities,Employees domestic concept,Spain,2024,29825970,p,
ESTAT:NAMA_10_A64_E$DEFAULTVIEW(1.0),13/05/26 23:00:00,Annual,Thousand hours worked,Total - all NACE activities,Employees domestic concept,European Union - 27 countries (from 2020),2016,265427545,,
ESTAT:NAMA_10_A64_E$DEFAULTVIEW(1.0),13/05/26 23:00:00,Annual,Thousand hours worked,Total - all NACE activities,Employees domestic concept,European Union - 27 countries (from 2020),2017,269410636,,
ESTAT:NAMA_10_A64_E$DEFAULTVIEW(1.0),13/05/26 23:00:00,Annual,Thousand hours worked,Total - all NACE activities,Employees domestic concept,European Union - 27 countries (from 2020),2018,274092591,,
ESTAT:NAMA_10_A64_E$DEFAULTVIEW(1.0),13/05/26 23:00:00,Annual,Thousand hours worked,Total - all NACE activities,Employees domestic concept,European Union - 27 countries (from 2020),2019,277910751,,
ESTAT:NAMA_10_A64_E$DEFAULTVIEW(1.0),13/05/26 23:00:00,Annual,Thousand hours worked,Total - all NACE activities,Employees domestic concept,European Union - 27 countries (from 2020),2020,260382497,,
ESTAT:NAMA_10_A64_E$DEFAULTVIEW(1.0),13/05/26 23:00:00,Annual,Thousand hours worked,Total - all NACE activities,Employees domestic concept,European Union - 27 countries (from 2020),2021,274485340,,
ESTAT:NAMA_10_A64_E$DEFAULTVIEW(1.0),13/05/26 23:00:00,Annual,Thousand hours worked,Total - all NACE activities,Employees domestic concept,European Union - 27 countries (from 2020),2022,283336498,,
ESTAT:NAMA_10_A64_E$DEFAULTVIEW(1.0),13/05/26 23:00:00,Annual,Thousand hours worked,Total - all NACE activities,Employees domestic concept,European Union - 27 countries (from 2020),2023,287641704,,
ESTAT:NAMA_10_A64_E$DEFAULTVIEW(1.0),13/05/26 23:00:00,Annual,Thousand hours worked,Total - all NACE activities,Employees domestic concept,European Union - 27 countries (from 2020),2024,290697886,,
ESTAT:NAMA_10_A64_E$DEFAULTVIEW(1.0),13/05/26 23:00:00,Annual,Thousand hours worked,Total - all NACE activities,Employees domestic concept,Finland,2016,3451300,,
ESTAT:NAMA_10_A64_E$DEFAULTVIEW(1.0),13/05/26 23:00:00,Annual,Thousand hours worked,Total - all NACE activities,Employees domestic concept,Finland,2017,3485800,,
ESTAT:NAMA_10_A64_E$DEFAULTVIEW(1.0),13/05/26 23:00:00,Annual,Thousand hours worked,Total - all NACE activities,Employees domestic concept,Finland,2018,3572200,,
ESTAT:NAMA_10_A64_E$DEFAULTVIEW(1.0),13/05/26 23:00:00,Annual,Thousand hours worked,Total - all NACE activities,Employees domestic concept,Finland,2019,3602700,,
ESTAT:NAMA_10_A64_E$DEFAULTVIEW(1.0),13/05/26 23:00:00,Annual,Thousand hours worked,Total - all NACE activities,Employees domestic concept,Finland,2020,3514000,,
ESTAT:NAMA_10_A64_E$DEFAULTVIEW(1.0),13/05/26 23:00:00,Annual,Thousand hours worked,Total - all NACE activities,Employees domestic concept,Finland,2021,3587700,,
ESTAT:NAMA_10_A64_E$DEFAULTVIEW(1.0),13/05/26 23:00:00,Annual,Thousand hours worked,Total - all NACE activities,Employees domestic concept,Finland,2022,3708900,,
ESTAT:NAMA_10_A64_E$DEFAULTVIEW(1.0),13/05/26 23:00:00,Annual,Thousand hours worked,Total - all NACE activities,Employees domestic concept,Finland,2023,3749700,,
ESTAT:NAMA_10_A64_E$DEFAULTVIEW(1.0),13/05/26 23:00:00,Annual,Thousand hours worked,Total - all NACE activities,Employees domestic concept,Finland,2024,3729500,,
ESTAT:NAMA_10_A64_E$DEFAULTVIEW(1.0),13/05/26 23:00:00,Annual,Thousand hours worked,Total - all NACE activities,Employees domestic concept,France,2016,34735658,,
ESTAT:NAMA_10_A64_E$DEFAULTVIEW(1.0),13/05/26 23:00:00,Annual,Thousand hours worked,Total - all NACE activities,Employees domestic concept,France,2017,34865325,,
ESTAT:NAMA_10_A64_E$DEFAULTVIEW(1.0),13/05/26 23:00:00,Annual,Thousand hours worked,Total - all NACE activities,Employees domestic concept,France,2018,35403374,,
ESTAT:NAMA_10_A64_E$DEFAULTVIEW(1.0),13/05/26 23:00:00,Annual,Thousand hours worked,Total - all NACE activities,Employees domestic concept,France,2019,35846958,,
ESTAT:NAMA_10_A64_E$DEFAULTVIEW(1.0),13/05/26 23:00:00,Annual,Thousand hours worked,Total - all NACE activities,Employees domestic concept,France,2020,32967112,,
ESTAT:NAMA_10_A64_E$DEFAULTVIEW(1.0),13/05/26 23:00:00,Annual,Thousand hours worked,Total - all NACE activities,Employees domestic concept,France,2021,35813019,,
ESTAT:NAMA_10_A64_E$DEFAULTVIEW(1.0),13/05/26 23:00:00,Annual,Thousand hours worked,Total - all NACE activities,Employees domestic concept,France,2022,37319729,,
ESTAT:NAMA_10_A64_E$DEFAULTVIEW(1.0),13/05/26 23:00:00,Annual,Thousand hours worked,Total - all NACE activities,Employees domestic concept,France,2023,37809707,p,
ESTAT:NAMA_10_A64_E$DEFAULTVIEW(1.0),13/05/26 23:00:00,Annual,Thousand hours worked,Total - all NACE activities,Employees domestic concept,France,2024,38168540,p,
ESTAT:NAMA_10_A64_E$DEFAULTVIEW(1.0),13/05/26 23:00:00,Annual,Thousand hours worked,Total - all NACE activities,Employees domestic concept,Croatia,2016,2651521,,
ESTAT:NAMA_10_A64_E$DEFAULTVIEW(1.0),13/05/26 23:00:00,Annual,Thousand hours worked,Total - all NACE activities,Employees domestic concept,Croatia,2017,2743878,,
ESTAT:NAMA_10_A64_E$DEFAULTVIEW(1.0),13/05/26 23:00:00,Annual,Thousand hours worked,Total - all NACE activities,Employees domestic concept,Croatia,2018,2755184,,
ESTAT:NAMA_10_A64_E$DEFAULTVIEW(1.0),13/05/26 23:00:00,Annual,Thousand hours worked,Total - all NACE activities,Employees domestic concept,Croatia,2019,2790563,,
ESTAT:NAMA_10_A64_E$DEFAULTVIEW(1.0),13/05/26 23:00:00,Annual,Thousand hours worked,Total - all NACE activities,Employees domestic concept,Croatia,2020,2727397,,
ESTAT:NAMA_10_A64_E$DEFAULTVIEW(1.0),13/05/26 23:00:00,Annual,Thousand hours worked,Total - all NACE activities,Employees domestic concept,Croatia,2021,2745489,,
ESTAT:NAMA_10_A64_E$DEFAULTVIEW(1.0),13/05/26 23:00:00,Annual,Thousand hours worked,Total - all NACE activities,Employees domestic concept,Croatia,2022,2779443,,
ESTAT:NAMA_10_A64_E$DEFAULTVIEW(1.0),13/05/26 23:00:00,Annual,Thousand hours worked,Total - all NACE activities,Employees domestic concept,Croatia,2023,2845220,,
ESTAT:NAMA_10_A64_E$DEFAULTVIEW(1.0),13/05/26 23:00:00,Annual,Thousand hours worked,Total - all NACE activities,Employees domestic concept,Croatia,2024,2994980,p,
ESTAT:NAMA_10_A64_E$DEFAULTVIEW(1.0),13/05/26 23:00:00,Annual,Thousand hours worked,Total - all NACE activities,Employees domestic concept,Hungary,2016,7035632,,
ESTAT:NAMA_10_A64_E$DEFAULTVIEW(1.0),13/05/26 23:00:00,Annual,Thousand hours worked,Total - all NACE activities,Employees domestic concept,Hungary,2017,7096474,,
ESTAT:NAMA_10_A64_E$DEFAULTVIEW(1.0),13/05/26 23:00:00,Annual,Thousand hours worked,Total - all NACE activities,Employees domestic concept,Hungary,2018,7169669,,
ESTAT:NAMA_10_A64_E$DEFAULTVIEW(1.0),13/05/26 23:00:00,Annual,Thousand hours worked,Total - all NACE activities,Employees domestic concept,Hungary,2019,7224312,,
ESTAT:NAMA_10_A64_E$DEFAULTVIEW(1.0),13/05/26 23:00:00,Annual,Thousand hours worked,Total - all NACE activities,Employees domestic concept,Hungary,2020,6813474,,
ESTAT:NAMA_10_A64_E$DEFAULTVIEW(1.0),13/05/26 23:00:00,Annual,Thousand hours worked,Total - all NACE activities,Employees domestic concept,Hungary,2021,7082585,,
ESTAT:NAMA_10_A64_E$DEFAULTVIEW(1.0),13/05/26 23:00:00,Annual,Thousand hours worked,Total - all NACE activities,Employees domestic concept,Hungary,2022,7221549,,
ESTAT:NAMA_10_A64_E$DEFAULTVIEW(1.0),13/05/26 23:00:00,Annual,Thousand hours worked,Total - all NACE activities,Employees domestic concept,Hungary,2023,7201760,,
ESTAT:NAMA_10_A64_E$DEFAULTVIEW(1.0),13/05/26 23:00:00,Annual,Thousand hours worked,Total - all NACE activities,Employees domestic concept,Hungary,2024,7247415,,
ESTAT:NAMA_10_A64_E$DEFAULTVIEW(1.0),13/05/26 23:00:00,Annual,Thousand hours worked,Total - all NACE activities,Employees domestic concept,Ireland,2016,2948377,,
ESTAT:NAMA_10_A64_E$DEFAULTVIEW(1.0),13/05/26 23:00:00,Annual,Thousand hours worked,Total - all NACE activities,Employees domestic concept,Ireland,2017,3107699,,
ESTAT:NAMA_10_A64_E$DEFAULTVIEW(1.0),13/05/26 23:00:00,Annual,Thousand hours worked,Total - all NACE activities,Employees domestic concept,Ireland,2018,3249554,,
ESTAT:NAMA_10_A64_E$DEFAULTVIEW(1.0),13/05/26 23:00:00,Annual,Thousand hours worked,Total - all NACE activities,Employees domestic concept,Ireland,2019,3384310,,
ESTAT:NAMA_10_A64_E$DEFAULTVIEW(1.0),13/05/26 23:00:00,Annual,Thousand hours worked,Total - all NACE activities,Employees domestic concept,Ireland,2020,3121016,,
ESTAT:NAMA_10_A64_E$DEFAULTVIEW(1.0),13/05/26 23:00:00,Annual,Thousand hours worked,Total - all NACE activities,Employees domestic concept,Ireland,2021,3358467,,
ESTAT:NAMA_10_A64_E$DEFAULTVIEW(1.0),13/05/26 23:00:00,Annual,Thousand hours worked,Total - all NACE activities,Employees domestic concept,Ireland,2022,3650692,,
ESTAT:NAMA_10_A64_E$DEFAULTVIEW(1.0),13/05/26 23:00:00,Annual,Thousand hours worked,Total - all NACE activities,Employees domestic concept,Ireland,2023,3735005,,
ESTAT:NAMA_10_A64_E$DEFAULTVIEW(1.0),13/05/26 23:00:00,Annual,Thousand hours worked,Total - all NACE activities,Employees domestic concept,Ireland,2024,3829394,,
ESTAT:NAMA_10_A64_E$DEFAULTVIEW(1.0),13/05/26 23:00:00,Annual,Thousand hours worked,Total - all NACE activities,Employees domestic concept,Iceland,2016,273640,p,
ESTAT:NAMA_10_A64_E$DEFAULTVIEW(1.0),13/05/26 23:00:00,Annual,Thousand hours worked,Total - all NACE activities,Employees domestic concept,Iceland,2017,283656,p,
ESTAT:NAMA_10_A64_E$DEFAULTVIEW(1.0),13/05/26 23:00:00,Annual,Thousand hours worked,Total - all NACE activities,Employees domestic concept,Iceland,2018,290625,p,
ESTAT:NAMA_10_A64_E$DEFAULTVIEW(1.0),13/05/26 23:00:00,Annual,Thousand hours worked,Total - all NACE activities,Employees domestic concept,Iceland,2019,287046,p,
ESTAT:NAMA_10_A64_E$DEFAULTVIEW(1.0),13/05/26 23:00:00,Annual,Thousand hours worked,Total - all NACE activities,Employees domestic concept,Iceland,2020,270571,p,
ESTAT:NAMA_10_A64_E$DEFAULTVIEW(1.0),13/05/26 23:00:00,Annual,Thousand hours worked,Total - all NACE activities,Employees domestic concept,Iceland,2021,273402,p,
ESTAT:NAMA_10_A64_E$DEFAULTVIEW(1.0),13/05/26 23:00:00,Annual,Thousand hours worked,Total - all NACE activities,Employees domestic concept,Iceland,2022,292866,p,
ESTAT:NAMA_10_A64_E$DEFAULTVIEW(1.0),13/05/26 23:00:00,Annual,Thousand hours worked,Total - all NACE activities,Employees domestic concept,Iceland,2023,304823,p,
ESTAT:NAMA_10_A64_E$DEFAULTVIEW(1.0),13/05/26 23:00:00,Annual,Thousand hours worked,Total - all NACE activities,Employees domestic concept,Iceland,2024,307398,p,
ESTAT:NAMA_10_A64_E$DEFAULTVIEW(1.0),13/05/26 23:00:00,Annual,Thousand hours worked,Total - all NACE activities,Employees domestic concept,Iceland,2025,305321,p,
ESTAT:NAMA_10_A64_E$DEFAULTVIEW(1.0),13/05/26 23:00:00,Annual,Thousand hours worked,Total - all NACE activities,Employees domestic concept,Italy,2016,29031417,,
ESTAT:NAMA_10_A64_E$DEFAULTVIEW(1.0),13/05/26 23:00:00,Annual,Thousand hours worked,Total - all NACE activities,Employees domestic concept,Italy,2017,29683385,,
ESTAT:NAMA_10_A64_E$DEFAULTVIEW(1.0),13/05/26 23:00:00,Annual,Thousand hours worked,Total - all NACE activities,Employees domestic concept,Italy,2018,30186500,,
ESTAT:NAMA_10_A64_E$DEFAULTVIEW(1.0),13/05/26 23:00:00,Annual,Thousand hours worked,Total - all NACE activities,Employees domestic concept,Italy,2019,30260758,,
ESTAT:NAMA_10_A64_E$DEFAULTVIEW(1.0),13/05/26 23:00:00,Annual,Thousand hours worked,Total - all NACE activities,Employees domestic concept,Italy,2020,27114747,,
ESTAT:NAMA_10_A64_E$DEFAULTVIEW(1.0),13/05/26 23:00:00,Annual,Thousand hours worked,Total - all NACE activities,Employees domestic concept,Italy,2021,29853207,,
ESTAT:NAMA_10_A64_E$DEFAULTVIEW(1.0),13/05/26 23:00:00,Annual,Thousand hours worked,Total - all NACE activities,Employees domestic concept,Italy,2022,31272737,,
ESTAT:NAMA_10_A64_E$DEFAULTVIEW(1.0),13/05/26 23:00:00,Annual,Thousand hours worked,Total - all NACE activities,Employees domestic concept,Italy,2023,32481527,,
ESTAT:NAMA_10_A64_E$DEFAULTVIEW(1.0),13/05/26 23:00:00,Annual,Thousand hours worked,Total - all NACE activities,Employees domestic concept,Italy,2024,33291200,,
ESTAT:NAMA_10_A64_E$DEFAULTVIEW(1.0),13/05/26 23:00:00,Annual,Thousand hours worked,Total - all NACE activities,Employees domestic concept,Italy,2025,33616625,,
ESTAT:NAMA_10_A64_E$DEFAULTVIEW(1.0),13/05/26 23:00:00,Annual,Thousand hours worked,Total - all NACE activities,Employees domestic concept,Lithuania,2016,2294151,,
ESTAT:NAMA_10_A64_E$DEFAULTVIEW(1.0),13/05/26 23:00:00,Annual,Thousand hours worked,Total - all NACE activities,Employees domestic concept,Lithuania,2017,2234448,,
ESTAT:NAMA_10_A64_E$DEFAULTVIEW(1.0),13/05/26 23:00:00,Annual,Thousand hours worked,Total - all NACE activities,Employees domestic concept,Lithuania,2018,2283639,,
ESTAT:NAMA_10_A64_E$DEFAULTVIEW(1.0),13/05/26 23:00:00,Annual,Thousand hours worked,Total - all NACE activities,Employees domestic concept,Lithuania,2019,2298641,,
ESTAT:NAMA_10_A64_E$DEFAULTVIEW(1.0),13/05/26 23:00:00,Annual,Thousand hours worked,Total - all NACE activities,Employees domestic concept,Lithuania,2020,2189377,,
ESTAT:NAMA_10_A64_E$DEFAULTVIEW(1.0),13/05/26 23:00:00,Annual,Thousand hours worked,Total - all NACE activities,Employees domestic concept,Lithuania,2021,2251785,,
ESTAT:NAMA_10_A64_E$DEFAULTVIEW(1.0),13/05/26 23:00:00,Annual,Thousand hours worked,Total - all NACE activities,Employees domestic concept,Lithuania,2022,2346241,,
ESTAT:NAMA_10_A64_E$DEFAULTVIEW(1.0),13/05/26 23:00:00,Annual,Thousand hours worked,Total - all NACE activities,Employees domestic concept,Lithuania,2023,2425097,,
ESTAT:NAMA_10_A64_E$DEFAULTVIEW(1.0),13/05/26 23:00:00,Annual,Thousand hours worked,Total - all NACE activities,Employees domestic concept,Lithuania,2024,2493484,,
ESTAT:NAMA_10_A64_E$DEFAULTVIEW(1.0),13/05/26 23:00:00,Annual,Thousand hours worked,Total - all NACE activities,Employees domestic concept,Luxembourg,2016,593964,,
ESTAT:NAMA_10_A64_E$DEFAULTVIEW(1.0),13/05/26 23:00:00,Annual,Thousand hours worked,Total - all NACE activities,Employees domestic concept,Luxembourg,2017,612014,,
ESTAT:NAMA_10_A64_E$DEFAULTVIEW(1.0),13/05/26 23:00:00,Annual,Thousand hours worked,Total - all NACE activities,Employees domestic concept,Luxembourg,2018,634690,,
ESTAT:NAMA_10_A64_E$DEFAULTVIEW(1.0),13/05/26 23:00:00,Annual,Thousand hours worked,Total - all NACE activities,Employees domestic concept,Luxembourg,2019,655031,,
ESTAT:NAMA_10_A64_E$DEFAULTVIEW(1.0),13/05/26 23:00:00,Annual,Thousand hours worked,Total - all NACE activities,Employees domestic concept,Luxembourg,2020,620626,,
ESTAT:NAMA_10_A64_E$DEFAULTVIEW(1.0),13/05/26 23:00:00,Annual,Thousand hours worked,Total - all NACE activities,Employees domestic concept,Luxembourg,2021,678356,,
ESTAT:NAMA_10_A64_E$DEFAULTVIEW(1.0),13/05/26 23:00:00,Annual,Thousand hours worked,Total - all NACE activities,Employees domestic concept,Luxembourg,2022,699619,,
ESTAT:NAMA_10_A64_E$DEFAULTVIEW(1.0),13/05/26 23:00:00,Annual,Thousand hours worked,Total - all NACE activities,Employees domestic concept,Luxembourg,2023,711283,,
ESTAT:NAMA_10_A64_E$DEFAULTVIEW(1.0),13/05/26 23:00:00,Annual,Thousand hours worked,Total - all NACE activities,Employees domestic concept,Luxembourg,2024,718002,p,
ESTAT:NAMA_10_A64_E$DEFAULTVIEW(1.0),13/05/26 23:00:00,Annual,Thousand hours worked,Total - all NACE activities,Employees domestic concept,Latvia,2016,1454440,,
ESTAT:NAMA_10_A64_E$DEFAULTVIEW(1.0),13/05/26 23:00:00,Annual,Thousand hours worked,Total - all NACE activities,Employees domestic concept,Latvia,2017,1448126,,
ESTAT:NAMA_10_A64_E$DEFAULTVIEW(1.0),13/05/26 23:00:00,Annual,Thousand hours worked,Total - all NACE activities,Employees domestic concept,Latvia,2018,1515589,,
ESTAT:NAMA_10_A64_E$DEFAULTVIEW(1.0),13/05/26 23:00:00,Annual,Thousand hours worked,Total - all NACE activities,Employees domestic concept,Latvia,2019,1549219,,
ESTAT:NAMA_10_A64_E$DEFAULTVIEW(1.0),13/05/26 23:00:00,Annual,Thousand hours worked,Total - all NACE activities,Employees domestic concept,Latvia,2020,1442205,,
ESTAT:NAMA_10_A64_E$DEFAULTVIEW(1.0),13/05/26 23:00:00,Annual,Thousand hours worked,Total - all NACE activities,Employees domestic concept,Latvia,2021,1442138,,
ESTAT:NAMA_10_A64_E$DEFAULTVIEW(1.0),13/05/26 23:00:00,Annual,Thousand hours worked,Total - all NACE activities,Employees domestic concept,Latvia,2022,1464537,,
ESTAT:NAMA_10_A64_E$DEFAULTVIEW(1.0),13/05/26 23:00:00,Annual,Thousand hours worked,Total - all NACE activities,Employees domestic concept,Latvia,2023,1489725,,
ESTAT:NAMA_10_A64_E$DEFAULTVIEW(1.0),13/05/26 23:00:00,Annual,Thousand hours worked,Total - all NACE activities,Employees domestic concept,Latvia,2024,1470823,,
ESTAT:NAMA_10_A64_E$DEFAULTVIEW(1.0),13/05/26 23:00:00,Annual,Thousand hours worked,Total - all NACE activities,Employees domestic concept,Malta,2016,351130,,
ESTAT:NAMA_10_A64_E$DEFAULTVIEW(1.0),13/05/26 23:00:00,Annual,Thousand hours worked,Total - all NACE activities,Employees domestic concept,Malta,2017,366296,,
ESTAT:NAMA_10_A64_E$DEFAULTVIEW(1.0),13/05/26 23:00:00,Annual,Thousand hours worked,Total - all NACE activities,Employees domestic concept,Malta,2018,393489,,
ESTAT:NAMA_10_A64_E$DEFAULTVIEW(1.0),13/05/26 23:00:00,Annual,Thousand hours worked,Total - all NACE activities,Employees domestic concept,Malta,2019,429421,,
ESTAT:NAMA_10_A64_E$DEFAULTVIEW(1.0),13/05/26 23:00:00,Annual,Thousand hours worked,Total - all NACE activities,Employees domestic concept,Malta,2020,411255,,
ESTAT:NAMA_10_A64_E$DEFAULTVIEW(1.0),13/05/26 23:00:00,Annual,Thousand hours worked,Total - all NACE activities,Employees domestic concept,Malta,2021,422812,,
ESTAT:NAMA_10_A64_E$DEFAULTVIEW(1.0),13/05/26 23:00:00,Annual,Thousand hours worked,Total - all NACE activities,Employees domestic concept,Malta,2022,442495,,
ESTAT:NAMA_10_A64_E$DEFAULTVIEW(1.0),13/05/26 23:00:00,Annual,Thousand hours worked,Total - all NACE activities,Employees domestic concept,Malta,2023,478155,,
ESTAT:NAMA_10_A64_E$DEFAULTVIEW(1.0),13/05/26 23:00:00,Annual,Thousand hours worked,Total - all NACE activities,Employees domestic concept,Malta,2024,498330,,
ESTAT:NAMA_10_A64_E$DEFAULTVIEW(1.0),13/05/26 23:00:00,Annual,Thousand hours worked,Total - all NACE activities,Employees domestic concept,Malta,2025,521778,,
ESTAT:NAMA_10_A64_E$DEFAULTVIEW(1.0),13/05/26 23:00:00,Annual,Thousand hours worked,Total - all NACE activities,Employees domestic concept,Netherlands,2016,10122168,,
ESTAT:NAMA_10_A64_E$DEFAULTVIEW(1.0),13/05/26 23:00:00,Annual,Thousand hours worked,Total - all NACE activities,Employees domestic concept,Netherlands,2017,10366935,,
ESTAT:NAMA_10_A64_E$DEFAULTVIEW(1.0),13/05/26 23:00:00,Annual,Thousand hours worked,Total - all NACE activities,Employees domestic concept,Netherlands,2018,10664522,,
ESTAT:NAMA_10_A64_E$DEFAULTVIEW(1.0),13/05/26 23:00:00,Annual,Thousand hours worked,Total - all NACE activities,Employees domestic concept,Netherlands,2019,10937980,,
ESTAT:NAMA_10_A64_E$DEFAULTVIEW(1.0),13/05/26 23:00:00,Annual,Thousand hours worked,Total - all NACE activities,Employees domestic concept,Netherlands,2020,10542266,,
ESTAT:NAMA_10_A64_E$DEFAULTVIEW(1.0),13/05/26 23:00:00,Annual,Thousand hours worked,Total - all NACE activities,Employees domestic concept,Netherlands,2021,10983876,,
ESTAT:NAMA_10_A64_E$DEFAULTVIEW(1.0),13/05/26 23:00:00,Annual,Thousand hours worked,Total - all NACE activities,Employees domestic concept,Netherlands,2022,11361989,p,
ESTAT:NAMA_10_A64_E$DEFAULTVIEW(1.0),13/05/26 23:00:00,Annual,Thousand hours worked,Total - all NACE activities,Employees domestic concept,Netherlands,2023,11479276,p,
ESTAT:NAMA_10_A64_E$DEFAULTVIEW(1.0),13/05/26 23:00:00,Annual,Thousand hours worked,Total - all NACE activities,Employees domestic concept,Netherlands,2024,11630812,p,
ESTAT:NAMA_10_A64_E$DEFAULTVIEW(1.0),13/05/26 23:00:00,Annual,Thousand hours worked,Total - all NACE activities,Employees domestic concept,Norway,2016,3572097,,
ESTAT:NAMA_10_A64_E$DEFAULTVIEW(1.0),13/05/26 23:00:00,Annual,Thousand hours worked,Total - all NACE activities,Employees domestic concept,Norway,2017,3591124,,
ESTAT:NAMA_10_A64_E$DEFAULTVIEW(1.0),13/05/26 23:00:00,Annual,Thousand hours worked,Total - all NACE activities,Employees domestic concept,Norway,2018,3656102,,
ESTAT:NAMA_10_A64_E$DEFAULTVIEW(1.0),13/05/26 23:00:00,Annual,Thousand hours worked,Total - all NACE activities,Employees domestic concept,Norway,2019,3717475,,
ESTAT:NAMA_10_A64_E$DEFAULTVIEW(1.0),13/05/26 23:00:00,Annual,Thousand hours worked,Total - all NACE activities,Employees domestic concept,Norway,2020,3642474,,
ESTAT:NAMA_10_A64_E$DEFAULTVIEW(1.0),13/05/26 23:00:00,Annual,Thousand hours worked,Total - all NACE activities,Employees domestic concept,Norway,2021,3726739,,
ESTAT:NAMA_10_A64_E$DEFAULTVIEW(1.0),13/05/26 23:00:00,Annual,Thousand hours worked,Total - all NACE activities,Employees domestic concept,Norway,2022,3864216,,
ESTAT:NAMA_10_A64_E$DEFAULTVIEW(1.0),13/05/26 23:00:00,Annual,Thousand hours worked,Total - all NACE activities,Employees domestic concept,Norway,2023,3884140,,
ESTAT:NAMA_10_A64_E$DEFAULTVIEW(1.0),13/05/26 23:00:00,Annual,Thousand hours worked,Total - all NACE activities,Employees domestic concept,Norway,2024,3903122,,
ESTAT:NAMA_10_A64_E$DEFAULTVIEW(1.0),13/05/26 23:00:00,Annual,Thousand hours worked,Total - all NACE activities,Employees domestic concept,Norway,2025,3924572,,
ESTAT:NAMA_10_A64_E$DEFAULTVIEW(1.0),13/05/26 23:00:00,Annual,Thousand hours worked,Total - all NACE activities,Employees domestic concept,Poland,2016,25845553,,
ESTAT:NAMA_10_A64_E$DEFAULTVIEW(1.0),13/05/26 23:00:00,Annual,Thousand hours worked,Total - all NACE activities,Employees domestic concept,Poland,2017,26058788,,
ESTAT:NAMA_10_A64_E$DEFAULTVIEW(1.0),13/05/26 23:00:00,Annual,Thousand hours worked,Total - all NACE activities,Employees domestic concept,Poland,2018,25921895,,
ESTAT:NAMA_10_A64_E$DEFAULTVIEW(1.0),13/05/26 23:00:00,Annual,Thousand hours worked,Total - all NACE activities,Employees domestic concept,Poland,2019,26842715,b,
ESTAT:NAMA_10_A64_E$DEFAULTVIEW(1.0),13/05/26 23:00:00,Annual,Thousand hours worked,Total - all NACE activities,Employees domestic concept,Poland,2020,26603604,,
ESTAT:NAMA_10_A64_E$DEFAULTVIEW(1.0),13/05/26 23:00:00,Annual,Thousand hours worked,Total - all NACE activities,Employees domestic concept,Poland,2021,27917423,,
ESTAT:NAMA_10_A64_E$DEFAULTVIEW(1.0),13/05/26 23:00:00,Annual,Thousand hours worked,Total - all NACE activities,Employees domestic concept,Poland,2022,28034551,,
ESTAT:NAMA_10_A64_E$DEFAULTVIEW(1.0),13/05/26 23:00:00,Annual,Thousand hours worked,Total - all NACE activities,Employees domestic concept,Poland,2023,27852175,,
ESTAT:NAMA_10_A64_E$DEFAULTVIEW(1.0),13/05/26 23:00:00,Annual,Thousand hours worked,Total - all NACE activities,Employees domestic concept,Poland,2024,27752385,,
ESTAT:NAMA_10_A64_E$DEFAULTVIEW(1.0),13/05/26 23:00:00,Annual,Thousand hours worked,Total - all NACE activities,Employees domestic concept,Portugal,2016,7450200,,
ESTAT:NAMA_10_A64_E$DEFAULTVIEW(1.0),13/05/26 23:00:00,Annual,Thousand hours worked,Total - all NACE activities,Employees domestic concept,Portugal,2017,7676903,,
ESTAT:NAMA_10_A64_E$DEFAULTVIEW(1.0),13/05/26 23:00:00,Annual,Thousand hours worked,Total - all NACE activities,Employees domestic concept,Portugal,2018,7887243,,
ESTAT:NAMA_10_A64_E$DEFAULTVIEW(1.0),13/05/26 23:00:00,Annual,Thousand hours worked,Total - all NACE activities,Employees domestic concept,Portugal,2019,7963374,,
ESTAT:NAMA_10_A64_E$DEFAULTVIEW(1.0),13/05/26 23:00:00,Annual,Thousand hours worked,Total - all NACE activities,Employees domestic concept,Portugal,2020,7377539,,
ESTAT:NAMA_10_A64_E$DEFAULTVIEW(1.0),13/05/26 23:00:00,Annual,Thousand hours worked,Total - all NACE activities,Employees domestic concept,Portugal,2021,7742100,,
ESTAT:NAMA_10_A64_E$DEFAULTVIEW(1.0),13/05/26 23:00:00,Annual,Thousand hours worked,Total - all NACE activities,Employees domestic concept,Portugal,2022,8204778,,
ESTAT:NAMA_10_A64_E$DEFAULTVIEW(1.0),13/05/26 23:00:00,Annual,Thousand hours worked,Total - all NACE activities,Employees domestic concept,Portugal,2023,8593865,,
ESTAT:NAMA_10_A64_E$DEFAULTVIEW(1.0),13/05/26 23:00:00,Annual,Thousand hours worked,Total - all NACE activities,Employees domestic concept,Portugal,2024,8710706,p,
ESTAT:NAMA_10_A64_E$DEFAULTVIEW(1.0),13/05/26 23:00:00,Annual,Thousand hours worked,Total - all NACE activities,Employees domestic concept,Romania,2016,11801042,,
ESTAT:NAMA_10_A64_E$DEFAULTVIEW(1.0),13/05/26 23:00:00,Annual,Thousand hours worked,Total - all NACE activities,Employees domestic concept,Romania,2017,12003499,,
ESTAT:NAMA_10_A64_E$DEFAULTVIEW(1.0),13/05/26 23:00:00,Annual,Thousand hours worked,Total - all NACE activities,Employees domestic concept,Romania,2018,12229800,,
ESTAT:NAMA_10_A64_E$DEFAULTVIEW(1.0),13/05/26 23:00:00,Annual,Thousand hours worked,Total - all NACE activities,Employees domestic concept,Romania,2019,12489805,,
ESTAT:NAMA_10_A64_E$DEFAULTVIEW(1.0),13/05/26 23:00:00,Annual,Thousand hours worked,Total - all NACE activities,Employees domestic concept,Romania,2020,11933383,,
ESTAT:NAMA_10_A64_E$DEFAULTVIEW(1.0),13/05/26 23:00:00,Annual,Thousand hours worked,Total - all NACE activities,Employees domestic concept,Romania,2021,12406956,,
ESTAT:NAMA_10_A64_E$DEFAULTVIEW(1.0),13/05/26 23:00:00,Annual,Thousand hours worked,Total - all NACE activities,Employees domestic concept,Romania,2022,12406492,,
ESTAT:NAMA_10_A64_E$DEFAULTVIEW(1.0),13/05/26 23:00:00,Annual,Thousand hours worked,Total - all NACE activities,Employees domestic concept,Romania,2023,12216263,,
ESTAT:NAMA_10_A64_E$DEFAULTVIEW(1.0),13/05/26 23:00:00,Annual,Thousand hours worked,Total - all NACE activities,Employees domestic concept,Romania,2024,12682845,p,
ESTAT:NAMA_10_A64_E$DEFAULTVIEW(1.0),13/05/26 23:00:00,Annual,Thousand hours worked,Total - all NACE activities,Employees domestic concept,Romania,2025,12658707,p,
ESTAT:NAMA_10_A64_E$DEFAULTVIEW(1.0),13/05/26 23:00:00,Annual,Thousand hours worked,Total - all NACE activities,Employees domestic concept,Serbia,2016,3237608,,
ESTAT:NAMA_10_A64_E$DEFAULTVIEW(1.0),13/05/26 23:00:00,Annual,Thousand hours worked,Total - all NACE activities,Employees domestic concept,Serbia,2017,3328075,,
ESTAT:NAMA_10_A64_E$DEFAULTVIEW(1.0),13/05/26 23:00:00,Annual,Thousand hours worked,Total - all NACE activities,Employees domestic concept,Serbia,2018,3429290,,
ESTAT:NAMA_10_A64_E$DEFAULTVIEW(1.0),13/05/26 23:00:00,Annual,Thousand hours worked,Total - all NACE activities,Employees domestic concept,Serbia,2019,3490396,,
ESTAT:NAMA_10_A64_E$DEFAULTVIEW(1.0),13/05/26 23:00:00,Annual,Thousand hours worked,Total - all NACE activities,Employees domestic concept,Serbia,2020,3520746,,
ESTAT:NAMA_10_A64_E$DEFAULTVIEW(1.0),13/05/26 23:00:00,Annual,Thousand hours worked,Total - all NACE activities,Employees domestic concept,Serbia,2021,3615579,,
ESTAT:NAMA_10_A64_E$DEFAULTVIEW(1.0),13/05/26 23:00:00,Annual,Thousand hours worked,Total - all NACE activities,Employees domestic concept,Serbia,2022,3668607,,
ESTAT:NAMA_10_A64_E$DEFAULTVIEW(1.0),13/05/26 23:00:00,Annual,Thousand hours worked,Total - all NACE activities,Employees domestic concept,Serbia,2023,3745340,p,
ESTAT:NAMA_10_A64_E$DEFAULTVIEW(1.0),13/05/26 23:00:00,Annual,Thousand hours worked,Total - all NACE activities,Employees domestic concept,Serbia,2024,3755137,p,
ESTAT:NAMA_10_A64_E$DEFAULTVIEW(1.0),13/05/26 23:00:00,Annual,Thousand hours worked,Total - all NACE activities,Employees domestic concept,Sweden,2016,7623010,,
ESTAT:NAMA_10_A64_E$DEFAULTVIEW(1.0),13/05/26 23:00:00,Annual,Thousand hours worked,Total - all NACE activities,Employees domestic concept,Sweden,2017,7759800,,
ESTAT:NAMA_10_A64_E$DEFAULTVIEW(1.0),13/05/26 23:00:00,Annual,Thousand hours worked,Total - all NACE activities,Employees domestic concept,Sweden,2018,7899140,,
ESTAT:NAMA_10_A64_E$DEFAULTVIEW(1.0),13/05/26 23:00:00,Annual,Thousand hours worked,Total - all NACE activities,Employees domestic concept,Sweden,2019,7881330,,
ESTAT:NAMA_10_A64_E$DEFAULTVIEW(1.0),13/05/26 23:00:00,Annual,Thousand hours worked,Total - all NACE activities,Employees domestic concept,Sweden,2020,7629360,,
ESTAT:NAMA_10_A64_E$DEFAULTVIEW(1.0),13/05/26 23:00:00,Annual,Thousand hours worked,Total - all NACE activities,Employees domestic concept,Sweden,2021,7870710,,
ESTAT:NAMA_10_A64_E$DEFAULTVIEW(1.0),13/05/26 23:00:00,Annual,Thousand hours worked,Total - all NACE activities,Employees domestic concept,Sweden,2022,8133340,,
ESTAT:NAMA_10_A64_E$DEFAULTVIEW(1.0),13/05/26 23:00:00,Annual,Thousand hours worked,Total - all NACE activities,Employees domestic concept,Sweden,2023,8234620,,
ESTAT:NAMA_10_A64_E$DEFAULTVIEW(1.0),13/05/26 23:00:00,Annual,Thousand hours worked,Total - all NACE activities,Employees domestic concept,Sweden,2024,8176950,,
ESTAT:NAMA_10_A64_E$DEFAULTVIEW(1.0),13/05/26 23:00:00,Annual,Thousand hours worked,Total - all NACE activities,Employees domestic concept,Slovenia,2016,1241134,,
ESTAT:NAMA_10_A64_E$DEFAULTVIEW(1.0),13/05/26 23:00:00,Annual,Thousand hours worked,Total - all NACE activities,Employees domestic concept,Slovenia,2017,1259702,,
ESTAT:NAMA_10_A64_E$DEFAULTVIEW(1.0),13/05/26 23:00:00,Annual,Thousand hours worked,Total - all NACE activities,Employees domestic concept,Slovenia,2018,1288126,,
ESTAT:NAMA_10_A64_E$DEFAULTVIEW(1.0),13/05/26 23:00:00,Annual,Thousand hours worked,Total - all NACE activities,Employees domestic concept,Slovenia,2019,1320704,,
ESTAT:NAMA_10_A64_E$DEFAULTVIEW(1.0),13/05/26 23:00:00,Annual,Thousand hours worked,Total - all NACE activities,Employees domestic concept,Slovenia,2020,1259026,,
ESTAT:NAMA_10_A64_E$DEFAULTVIEW(1.0),13/05/26 23:00:00,Annual,Thousand hours worked,Total - all NACE activities,Employees domestic concept,Slovenia,2021,1329531,,
ESTAT:NAMA_10_A64_E$DEFAULTVIEW(1.0),13/05/26 23:00:00,Annual,Thousand hours worked,Total - all NACE activities,Employees domestic concept,Slovenia,2022,1367476,,
ESTAT:NAMA_10_A64_E$DEFAULTVIEW(1.0),13/05/26 23:00:00,Annual,Thousand hours worked,Total - all NACE activities,Employees domestic concept,Slovenia,2023,1372414,,
ESTAT:NAMA_10_A64_E$DEFAULTVIEW(1.0),13/05/26 23:00:00,Annual,Thousand hours worked,Total - all NACE activities,Employees domestic concept,Slovenia,2024,1395071,,
ESTAT:NAMA_10_A64_E$DEFAULTVIEW(1.0),13/05/26 23:00:00,Annual,Thousand hours worked,Total - all NACE activities,Employees domestic concept,Slovakia,2016,3311962,,
ESTAT:NAMA_10_A64_E$DEFAULTVIEW(1.0),13/05/26 23:00:00,Annual,Thousand hours worked,Total - all NACE activities,Employees domestic concept,Slovakia,2017,3342011,,
ESTAT:NAMA_10_A64_E$DEFAULTVIEW(1.0),13/05/26 23:00:00,Annual,Thousand hours worked,Total - all NACE activities,Employees domestic concept,Slovakia,2018,3399503,,
ESTAT:NAMA_10_A64_E$DEFAULTVIEW(1.0),13/05/26 23:00:00,Annual,Thousand hours worked,Total - all NACE activities,Employees domestic concept,Slovakia,2019,3397413,,
ESTAT:NAMA_10_A64_E$DEFAULTVIEW(1.0),13/05/26 23:00:00,Annual,Thousand hours worked,Total - all NACE activities,Employees domestic concept,Slovakia,2020,3115098,,
ESTAT:NAMA_10_A64_E$DEFAULTVIEW(1.0),13/05/26 23:00:00,Annual,Thousand hours worked,Total - all NACE activities,Employees domestic concept,Slovakia,2021,3111003,,
ESTAT:NAMA_10_A64_E$DEFAULTVIEW(1.0),13/05/26 23:00:00,Annual,Thousand hours worked,Total - all NACE activities,Employees domestic concept,Slovakia,2022,3208988,,
ESTAT:NAMA_10_A64_E$DEFAULTVIEW(1.0),13/05/26 23:00:00,Annual,Thousand hours worked,Total - all NACE activities,Employees domestic concept,Slovakia,2023,3227849,,
ESTAT:NAMA_10_A64_E$DEFAULTVIEW(1.0),13/05/26 23:00:00,Annual,Thousand hours worked,Total - all NACE activities,Employees domestic concept,Slovakia,2024,3229040,,
ESTAT:NAMA_10_A64_E$DEFAULTVIEW(1.0),13/05/26 23:00:00,Annual,Thousand hours worked,Total - all NACE activities,Employees domestic concept,United Kingdom,2016,44579275,,
ESTAT:NAMA_10_A64_E$DEFAULTVIEW(1.0),13/05/26 23:00:00,Annual,Thousand hours worked,Total - all NACE activities,Employees domestic concept,United Kingdom,2017,45056129,,
ESTAT:NAMA_10_A64_E$DEFAULTVIEW(1.0),13/05/26 23:00:00,Annual,Thousand hours worked,Total - all NACE activities,Employees domestic concept,United Kingdom,2018,45673166,,
ESTAT:NAMA_10_A64_E$DEFAULTVIEW(1.0),13/05/26 23:00:00,Annual,Thousand hours worked,Total - all NACE activities,Employees domestic concept,United Kingdom,2019,46071755,,
ESTAT:NAMA_10_A64_E$DEFAULTVIEW(1.0),13/05/26 23:00:00,Annual,Thousand hours worked,Total - all NACE activities,Employees domestic concept,Kosovo*,2017,,,C
ESTAT:NAMA_10_A64_E$DEFAULTVIEW(1.0),13/05/26 23:00:00,Annual,Thousand hours worked,Total - all NACE activities,Employees domestic concept,Kosovo*,2018,,,C
ESTAT:NAMA_10_A64_E$DEFAULTVIEW(1.0),13/05/26 23:00:00,Annual,Thousand hours worked,Total - all NACE activities,Employees domestic concept,Kosovo*,2019,,,C
ESTAT:NAMA_10_A64_E$DEFAULTVIEW(1.0),13/05/26 23:00:00,Annual,Thousand hours worked,Total - all NACE activities,Self-employed domestic concept,Austria,2016,1203248,,
ESTAT:NAMA_10_A64_E$DEFAULTVIEW(1.0),13/05/26 23:00:00,Annual,Thousand hours worked,Total - all NACE activities,Self-employed domestic concept,Austria,2017,1209962,,
ESTAT:NAMA_10_A64_E$DEFAULTVIEW(1.0),13/05/26 23:00:00,Annual,Thousand hours worked,Total - all NACE activities,Self-employed domestic concept,Austria,2018,1226352,,
ESTAT:NAMA_10_A64_E$DEFAULTVIEW(1.0),13/05/26 23:00:00,Annual,Thousand hours worked,Total - all NACE activities,Self-employed domestic concept,Austria,2019,1223845,,
ESTAT:NAMA_10_A64_E$DEFAULTVIEW(1.0),13/05/26 23:00:00,Annual,Thousand hours worked,Total - all NACE activities,Self-employed domestic concept,Austria,2020,1154533,,
ESTAT:NAMA_10_A64_E$DEFAULTVIEW(1.0),13/05/26 23:00:00,Annual,Thousand hours worked,Total - all NACE activities,Self-employed domestic concept,Austria,2021,1179643,,
ESTAT:NAMA_10_A64_E$DEFAULTVIEW(1.0),13/05/26 23:00:00,Annual,Thousand hours worked,Total - all NACE activities,Self-employed domestic concept,Austria,2022,1192428,,
ESTAT:NAMA_10_A64_E$DEFAULTVIEW(1.0),13/05/26 23:00:00,Annual,Thousand hours worked,Total - all NACE activities,Self-employed domestic concept,Austria,2023,1175435,,
ESTAT:NAMA_10_A64_E$DEFAULTVIEW(1.0),13/05/26 23:00:00,Annual,Thousand hours worked,Total - all NACE activities,Self-employed domestic concept,Austria,2024,1169330,,
ESTAT:NAMA_10_A64_E$DEFAULTVIEW(1.0),13/05/26 23:00:00,Annual,Thousand hours worked,Total - all NACE activities,Self-employed domestic concept,Belgium,2016,1809357,,
ESTAT:NAMA_10_A64_E$DEFAULTVIEW(1.0),13/05/26 23:00:00,Annual,Thousand hours worked,Total - all NACE activities,Self-employed domestic concept,Belgium,2017,1833950,,
ESTAT:NAMA_10_A64_E$DEFAULTVIEW(1.0),13/05/26 23:00:00,Annual,Thousand hours worked,Total - all NACE activities,Self-employed domestic concept,Belgium,2018,1860305,,
ESTAT:NAMA_10_A64_E$DEFAULTVIEW(1.0),13/05/26 23:00:00,Annual,Thousand hours worked,Total - all NACE activities,Self-employed domestic concept,Belgium,2019,1895546,,
ESTAT:NAMA_10_A64_E$DEFAULTVIEW(1.0),13/05/26 23:00:00,Annual,Thousand hours worked,Total - all NACE activities,Self-employed domestic concept,Belgium,2020,1650046,,
ESTAT:NAMA_10_A64_E$DEFAULTVIEW(1.0),13/05/26 23:00:00,Annual,Thousand hours worked,Total - all NACE activities,Self-employed domestic concept,Belgium,2021,1904457,,
ESTAT:NAMA_10_A64_E$DEFAULTVIEW(1.0),13/05/26 23:00:00,Annual,Thousand hours worked,Total - all NACE activities,Self-employed domestic concept,Belgium,2022,1997531,,
ESTAT:NAMA_10_A64_E$DEFAULTVIEW(1.0),13/05/26 23:00:00,Annual,Thousand hours worked,Total - all NACE activities,Self-employed domestic concept,Belgium,2023,2019118,,
ESTAT:NAMA_10_A64_E$DEFAULTVIEW(1.0),13/05/26 23:00:00,Annual,Thousand hours worked,Total - all NACE activities,Self-employed domestic concept,Belgium,2024,2011745,p,
ESTAT:NAMA_10_A64_E$DEFAULTVIEW(1.0),13/05/26 23:00:00,Annual,Thousand hours worked,Total - all NACE activities,Self-employed domestic concept,Bulgaria,2016,1420890,,
ESTAT:NAMA_10_A64_E$DEFAULTVIEW(1.0),13/05/26 23:00:00,Annual,Thousand hours worked,Total - all NACE activities,Self-employed domestic concept,Bulgaria,2017,1508100,,
ESTAT:NAMA_10_A64_E$DEFAULTVIEW(1.0),13/05/26 23:00:00,Annual,Thousand hours worked,Total - all NACE activities,Self-employed domestic concept,Bulgaria,2018,1468671,,
ESTAT:NAMA_10_A64_E$DEFAULTVIEW(1.0),13/05/26 23:00:00,Annual,Thousand hours worked,Total - all NACE activities,Self-employed domestic concept,Bulgaria,2019,1321855,,
ESTAT:NAMA_10_A64_E$DEFAULTVIEW(1.0),13/05/26 23:00:00,Annual,Thousand hours worked,Total - all NACE activities,Self-employed domestic concept,Bulgaria,2020,1300660,,
ESTAT:NAMA_10_A64_E$DEFAULTVIEW(1.0),13/05/26 23:00:00,Annual,Thousand hours worked,Total - all NACE activities,Self-employed domestic concept,Bulgaria,2021,1277874,,
ESTAT:NAMA_10_A64_E$DEFAULTVIEW(1.0),13/05/26 23:00:00,Annual,Thousand hours worked,Total - all NACE activities,Self-employed domestic concept,Bulgaria,2022,1304810,,
ESTAT:NAMA_10_A64_E$DEFAULTVIEW(1.0),13/05/26 23:00:00,Annual,Thousand hours worked,Total - all NACE activities,Self-employed domestic concept,Bulgaria,2023,1271851,,
ESTAT:NAMA_10_A64_E$DEFAULTVIEW(1.0),13/05/26 23:00:00,Annual,Thousand hours worked,Total - all NACE activities,Self-employed domestic concept,Bulgaria,2024,1285890,,
ESTAT:NAMA_10_A64_E$DEFAULTVIEW(1.0),13/05/26 23:00:00,Annual,Thousand hours worked,Total - all NACE activities,Self-employed domestic concept,Switzerland,2016,769353,,
ESTAT:NAMA_10_A64_E$DEFAULTVIEW(1.0),13/05/26 23:00:00,Annual,Thousand hours worked,Total - all NACE activities,Self-employed domestic concept,Switzerland,2017,746353,,
ESTAT:NAMA_10_A64_E$DEFAULTVIEW(1.0),13/05/26 23:00:00,Annual,Thousand hours worked,Total - all NACE activities,Self-employed domestic concept,Switzerland,2018,760922,,
ESTAT:NAMA_10_A64_E$DEFAULTVIEW(1.0),13/05/26 23:00:00,Annual,Thousand hours worked,Total - all NACE activities,Self-employed domestic concept,Switzerland,2019,730019,,
ESTAT:NAMA_10_A64_E$DEFAULTVIEW(1.0),13/05/26 23:00:00,Annual,Thousand hours worked,Total - all NACE activities,Self-employed domestic concept,Switzerland,2020,700348,,
ESTAT:NAMA_10_A64_E$DEFAULTVIEW(1.0),13/05/26 23:00:00,Annual,Thousand hours worked,Total - all NACE activities,Self-employed domestic concept,Switzerland,2021,720927,,
ESTAT:NAMA_10_A64_E$DEFAULTVIEW(1.0),13/05/26 23:00:00,Annual,Thousand hours worked,Total - all NACE activities,Self-employed domestic concept,Switzerland,2022,729531,,
ESTAT:NAMA_10_A64_E$DEFAULTVIEW(1.0),13/05/26 23:00:00,Annual,Thousand hours worked,Total - all NACE activities,Self-employed domestic concept,Switzerland,2023,747761,,
ESTAT:NAMA_10_A64_E$DEFAULTVIEW(1.0),13/05/26 23:00:00,Annual,Thousand hours worked,Total - all NACE activities,Self-employed domestic concept,Switzerland,2024,716328,,
ESTAT:NAMA_10_A64_E$DEFAULTVIEW(1.0),13/05/26 23:00:00,Annual,Thousand hours worked,Total - all NACE activities,Self-employed domestic concept,Cyprus,2016,108925,,
ESTAT:NAMA_10_A64_E$DEFAULTVIEW(1.0),13/05/26 23:00:00,Annual,Thousand hours worked,Total - all NACE activities,Self-employed domestic concept,Cyprus,2017,111293,,
ESTAT:NAMA_10_A64_E$DEFAULTVIEW(1.0),13/05/26 23:00:00,Annual,Thousand hours worked,Total - all NACE activities,Self-employed domestic concept,Cyprus,2018,113687,,
ESTAT:NAMA_10_A64_E$DEFAULTVIEW(1.0),13/05/26 23:00:00,Annual,Thousand hours worked,Total - all NACE activities,Self-employed domestic concept,Cyprus,2019,117843,,
ESTAT:NAMA_10_A64_E$DEFAULTVIEW(1.0),13/05/26 23:00:00,Annual,Thousand hours worked,Total - all NACE activities,Self-employed domestic concept,Cyprus,2020,113170,,
ESTAT:NAMA_10_A64_E$DEFAULTVIEW(1.0),13/05/26 23:00:00,Annual,Thousand hours worked,Total - all NACE activities,Self-employed domestic concept,Cyprus,2021,116965,,
ESTAT:NAMA_10_A64_E$DEFAULTVIEW(1.0),13/05/26 23:00:00,Annual,Thousand hours worked,Total - all NACE activities,Self-employed domestic concept,Cyprus,2022,119971,,
ESTAT:NAMA_10_A64_E$DEFAULTVIEW(1.0),13/05/26 23:00:00,Annual,Thousand hours worked,Total - all NACE activities,Self-employed domestic concept,Cyprus,2023,120027,,
ESTAT:NAMA_10_A64_E$DEFAULTVIEW(1.0),13/05/26 23:00:00,Annual,Thousand hours worked,Total - all NACE activities,Self-employed domestic concept,Cyprus,2024,118976,,
ESTAT:NAMA_10_A64_E$DEFAULTVIEW(1.0),13/05/26 23:00:00,Annual,Thousand hours worked,Total - all NACE activities,Self-employed domestic concept,Czechia,2016,1538531,,
ESTAT:NAMA_10_A64_E$DEFAULTVIEW(1.0),13/05/26 23:00:00,Annual,Thousand hours worked,Total - all NACE activities,Self-employed domestic concept,Czechia,2017,1564498,,
ESTAT:NAMA_10_A64_E$DEFAULTVIEW(1.0),13/05/26 23:00:00,Annual,Thousand hours worked,Total - all NACE activities,Self-employed domestic concept,Czechia,2018,1577101,,
ESTAT:NAMA_10_A64_E$DEFAULTVIEW(1.0),13/05/26 23:00:00,Annual,Thousand hours worked,Total - all NACE activities,Self-employed domestic concept,Czechia,2019,1521445,,
ESTAT:NAMA_10_A64_E$DEFAULTVIEW(1.0),13/05/26 23:00:00,Annual,Thousand hours worked,Total - all NACE activities,Self-employed domestic concept,Czechia,2020,1376490,,
ESTAT:NAMA_10_A64_E$DEFAULTVIEW(1.0),13/05/26 23:00:00,Annual,Thousand hours worked,Total - all NACE activities,Self-employed domestic concept,Czechia,2021,1470461,,
ESTAT:NAMA_10_A64_E$DEFAULTVIEW(1.0),13/05/26 23:00:00,Annual,Thousand hours worked,Total - all NACE activities,Self-employed domestic concept,Czechia,2022,1582697,,
ESTAT:NAMA_10_A64_E$DEFAULTVIEW(1.0),13/05/26 23:00:00,Annual,Thousand hours worked,Total - all NACE activities,Self-employed domestic concept,Czechia,2023,1612095,,
ESTAT:NAMA_10_A64_E$DEFAULTVIEW(1.0),13/05/26 23:00:00,Annual,Thousand hours worked,Total - all NACE activities,Self-employed domestic concept,Czechia,2024,1630276,,
ESTAT:NAMA_10_A64_E$DEFAULTVIEW(1.0),13/05/26 23:00:00,Annual,Thousand hours worked,Total - all NACE activities,Self-employed domestic concept,Germany,2016,8484906,,
ESTAT:NAMA_10_A64_E$DEFAULTVIEW(1.0),13/05/26 23:00:00,Annual,Thousand hours worked,Total - all NACE activities,Self-employed domestic concept,Germany,2017,8258634,,
ESTAT:NAMA_10_A64_E$DEFAULTVIEW(1.0),13/05/26 23:00:00,Annual,Thousand hours worked,Total - all NACE activities,Self-employed domestic concept,Germany,2018,8051092,,
ESTAT:NAMA_10_A64_E$DEFAULTVIEW(1.0),13/05/26 23:00:00,Annual,Thousand hours worked,Total - all NACE activities,Self-employed domestic concept,Germany,2019,7808597,,
ESTAT:NAMA_10_A64_E$DEFAULTVIEW(1.0),13/05/26 23:00:00,Annual,Thousand hours worked,Total - all NACE activities,Self-employed domestic concept,Germany,2020,7038323,,
ESTAT:NAMA_10_A64_E$DEFAULTVIEW(1.0),13/05/26 23:00:00,Annual,Thousand hours worked,Total - all NACE activities,Self-employed domestic concept,Germany,2021,7031522,,
ESTAT:NAMA_10_A64_E$DEFAULTVIEW(1.0),13/05/26 23:00:00,Annual,Thousand hours worked,Total - all NACE activities,Self-employed domestic concept,Germany,2022,6956537,p,
ESTAT:NAMA_10_A64_E$DEFAULTVIEW(1.0),13/05/26 23:00:00,Annual,Thousand hours worked,Total - all NACE activities,Self-employed domestic concept,Germany,2023,6713617,p,
ESTAT:NAMA_10_A64_E$DEFAULTVIEW(1.0),13/05/26 23:00:00,Annual,Thousand hours worked,Total - all NACE activities,Self-employed domestic concept,Germany,2024,6489586,p,
ESTAT:NAMA_10_A64_E$DEFAULTVIEW(1.0),13/05/26 23:00:00,Annual,Thousand hours worked,Total - all NACE activities,Self-employed domestic concept,Denmark,2016,314415,,
ESTAT:NAMA_10_A64_E$DEFAULTVIEW(1.0),13/05/26 23:00:00,Annual,Thousand hours worked,Total - all NACE activities,Self-employed domestic concept,Denmark,2017,309868,,
ESTAT:NAMA_10_A64_E$DEFAULTVIEW(1.0),13/05/26 23:00:00,Annual,Thousand hours worked,Total - all NACE activities,Self-employed domestic concept,Denmark,2018,301305,,
ESTAT:NAMA_10_A64_E$DEFAULTVIEW(1.0),13/05/26 23:00:00,Annual,Thousand hours worked,Total - all NACE activities,Self-employed domestic concept,Denmark,2019,279594,,
ESTAT:NAMA_10_A64_E$DEFAULTVIEW(1.0),13/05/26 23:00:00,Annual,Thousand hours worked,Total - all NACE activities,Self-employed domestic concept,Denmark,2020,267372,,
ESTAT:NAMA_10_A64_E$DEFAULTVIEW(1.0),13/05/26 23:00:00,Annual,Thousand hours worked,Total - all NACE activities,Self-employed domestic concept,Denmark,2021,299395,,
ESTAT:NAMA_10_A64_E$DEFAULTVIEW(1.0),13/05/26 23:00:00,Annual,Thousand hours worked,Total - all NACE activities,Self-employed domestic concept,Denmark,2022,301363,,
ESTAT:NAMA_10_A64_E$DEFAULTVIEW(1.0),13/05/26 23:00:00,Annual,Thousand hours worked,Total - all NACE activities,Self-employed domestic concept,Denmark,2023,280162,,
ESTAT:NAMA_10_A64_E$DEFAULTVIEW(1.0),13/05/26 23:00:00,Annual,Thousand hours worked,Total - all NACE activities,Self-employed domestic concept,Denmark,2024,277657,,
ESTAT:NAMA_10_A64_E$DEFAULTVIEW(1.0),13/05/26 23:00:00,Annual,Thousand hours worked,Total - all NACE activities,Self-employed domestic concept,Euro area - 12 countries (2001-2006),2016,45917389,,
ESTAT:NAMA_10_A64_E$DEFAULTVIEW(1.0),13/05/26 23:00:00,Annual,Thousand hours worked,Total - all NACE activities,Self-employed domestic concept,Euro area - 12 countries (2001-2006),2017,45460807,,
ESTAT:NAMA_10_A64_E$DEFAULTVIEW(1.0),13/05/26 23:00:00,Annual,Thousand hours worked,Total - all NACE activities,Self-employed domestic concept,Euro area - 12 countries (2001-2006),2018,45493420,,
ESTAT:NAMA_10_A64_E$DEFAULTVIEW(1.0),13/05/26 23:00:00,Annual,Thousand hours worked,Total - all NACE activities,Self-employed domestic concept,Euro area - 12 countries (2001-2006),2019,45531795,,
ESTAT:NAMA_10_A64_E$DEFAULTVIEW(1.0),13/05/26 23:00:00,Annual,Thousand hours worked,Total - all NACE activities,Self-employed domestic concept,Euro area - 12 countries (2001-2006),2020,40421696,,
ESTAT:NAMA_10_A64_E$DEFAULTVIEW(1.0),13/05/26 23:00:00,Annual,Thousand hours worked,Total - all NACE activities,Self-employed domestic concept,Euro area - 12 countries (2001-2006),2021,43465153,,
ESTAT:NAMA_10_A64_E$DEFAULTVIEW(1.0),13/05/26 23:00:00,Annual,Thousand hours worked,Total - all NACE activities,Self-employed domestic concept,Euro area - 12 countries (2001-2006),2022,44825697,,
ESTAT:NAMA_10_A64_E$DEFAULTVIEW(1.0),13/05/26 23:00:00,Annual,Thousand hours worked,Total - all NACE activities,Self-employed domestic concept,Euro area - 12 countries (2001-2006),2023,45115614,,
ESTAT:NAMA_10_A64_E$DEFAULTVIEW(1.0),13/05/26 23:00:00,Annual,Thousand hours worked,Total - all NACE activities,Self-employed domestic concept,Euro area - 12 countries (2001-2006),2024,45367675,,
ESTAT:NAMA_10_A64_E$DEFAULTVIEW(1.0),13/05/26 23:00:00,Annual,Thousand hours worked,Total - all NACE activities,Self-employed domestic concept,Euro area - 19 countries  (2015-2022),2016,47856798,,
ESTAT:NAMA_10_A64_E$DEFAULTVIEW(1.0),13/05/26 23:00:00,Annual,Thousand hours worked,Total - all NACE activities,Self-employed domestic concept,Euro area - 19 countries  (2015-2022),2017,47380390,,
ESTAT:NAMA_10_A64_E$DEFAULTVIEW(1.0),13/05/26 23:00:00,Annual,Thousand hours worked,Total - all NACE activities,Self-employed domestic concept,Euro area - 19 countries  (2015-2022),2018,47407755,,
ESTAT:NAMA_10_A64_E$DEFAULTVIEW(1.0),13/05/26 23:00:00,Annual,Thousand hours worked,Total - all NACE activities,Self-employed domestic concept,Euro area - 19 countries  (2015-2022),2019,47484582,,
ESTAT:NAMA_10_A64_E$DEFAULTVIEW(1.0),13/05/26 23:00:00,Annual,Thousand hours worked,Total - all NACE activities,Self-employed domestic concept,Euro area - 19 countries  (2015-2022),2020,42208315,,
ESTAT:NAMA_10_A64_E$DEFAULTVIEW(1.0),13/05/26 23:00:00,Annual,Thousand hours worked,Total - all NACE activities,Self-employed domestic concept,Euro area - 19 countries  (2015-2022),2021,45297143,,
ESTAT:NAMA_10_A64_E$DEFAULTVIEW(1.0),13/05/26 23:00:00,Annual,Thousand hours worked,Total - all NACE activities,Self-employed domestic concept,Euro area - 19 countries  (2015-2022),2022,46786041,,
ESTAT:NAMA_10_A64_E$DEFAULTVIEW(1.0),13/05/26 23:00:00,Annual,Thousand hours worked,Total - all NACE activities,Self-employed domestic concept,Euro area - 19 countries  (2015-2022),2023,47071927,,
ESTAT:NAMA_10_A64_E$DEFAULTVIEW(1.0),13/05/26 23:00:00,Annual,Thousand hours worked,Total - all NACE activities,Self-employed domestic concept,Euro area - 19 countries  (2015-2022),2024,47369735,,
ESTAT:NAMA_10_A64_E$DEFAULTVIEW(1.0),13/05/26 23:00:00,Annual,Thousand hours worked,Total - all NACE activities,Self-employed domestic concept,Euro area – 20 countries (2023-2025),2016,48291715,,
ESTAT:NAMA_10_A64_E$DEFAULTVIEW(1.0),13/05/26 23:00:00,Annual,Thousand hours worked,Total - all NACE activities,Self-employed domestic concept,Euro area – 20 countries (2023-2025),2017,47795023,,
ESTAT:NAMA_10_A64_E$DEFAULTVIEW(1.0),13/05/26 23:00:00,Annual,Thousand hours worked,Total - all NACE activities,Self-employed domestic concept,Euro area – 20 countries (2023-2025),2018,47815017,,
ESTAT:NAMA_10_A64_E$DEFAULTVIEW(1.0),13/05/26 23:00:00,Annual,Thousand hours worked,Total - all NACE activities,Self-employed domestic concept,Euro area – 20 countries (2023-2025),2019,47904492,,
ESTAT:NAMA_10_A64_E$DEFAULTVIEW(1.0),13/05/26 23:00:00,Annual,Thousand hours worked,Total - all NACE activities,Self-employed domestic concept,Euro area – 20 countries (2023-2025),2020,42619420,,
ESTAT:NAMA_10_A64_E$DEFAULTVIEW(1.0),13/05/26 23:00:00,Annual,Thousand hours worked,Total - all NACE activities,Self-employed domestic concept,Euro area – 20 countries (2023-2025),2021,45734032,,
ESTAT:NAMA_10_A64_E$DEFAULTVIEW(1.0),13/05/26 23:00:00,Annual,Thousand hours worked,Total - all NACE activities,Self-employed domestic concept,Euro area – 20 countries (2023-2025),2022,47228800,,
ESTAT:NAMA_10_A64_E$DEFAULTVIEW(1.0),13/05/26 23:00:00,Annual,Thousand hours worked,Total - all NACE activities,Self-employed domestic concept,Euro area – 20 countries (2023-2025),2023,47523305,,
ESTAT:NAMA_10_A64_E$DEFAULTVIEW(1.0),13/05/26 23:00:00,Annual,Thousand hours worked,Total - all NACE activities,Self-employed domestic concept,Euro area – 20 countries (2023-2025),2024,47822807,,
ESTAT:NAMA_10_A64_E$DEFAULTVIEW(1.0),13/05/26 23:00:00,Annual,Thousand hours worked,Total - all NACE activities,Self-employed domestic concept,Euro area – 21 countries (from 2026),2016,49712604,,
ESTAT:NAMA_10_A64_E$DEFAULTVIEW(1.0),13/05/26 23:00:00,Annual,Thousand hours worked,Total - all NACE activities,Self-employed domestic concept,Euro area – 21 countries (from 2026),2017,49303123,,
ESTAT:NAMA_10_A64_E$DEFAULTVIEW(1.0),13/05/26 23:00:00,Annual,Thousand hours worked,Total - all NACE activities,Self-employed domestic concept,Euro area – 21 countries (from 2026),2018,49283688,,
ESTAT:NAMA_10_A64_E$DEFAULTVIEW(1.0),13/05/26 23:00:00,Annual,Thousand hours worked,Total - all NACE activities,Self-employed domestic concept,Euro area – 21 countries (from 2026),2019,49226347,,
ESTAT:NAMA_10_A64_E$DEFAULTVIEW(1.0),13/05/26 23:00:00,Annual,Thousand hours worked,Total - all NACE activities,Self-employed domestic concept,Euro area – 21 countries (from 2026),2020,43920080,,
ESTAT:NAMA_10_A64_E$DEFAULTVIEW(1.0),13/05/26 23:00:00,Annual,Thousand hours worked,Total - all NACE activities,Self-employed domestic concept,Euro area – 21 countries (from 2026),2021,47011905,,
ESTAT:NAMA_10_A64_E$DEFAULTVIEW(1.0),13/05/26 23:00:00,Annual,Thousand hours worked,Total - all NACE activities,Self-employed domestic concept,Euro area – 21 countries (from 2026),2022,48533610,,
ESTAT:NAMA_10_A64_E$DEFAULTVIEW(1.0),13/05/26 23:00:00,Annual,Thousand hours worked,Total - all NACE activities,Self-employed domestic concept,Euro area – 21 countries (from 2026),2023,48795156,,
ESTAT:NAMA_10_A64_E$DEFAULTVIEW(1.0),13/05/26 23:00:00,Annual,Thousand hours worked,Total - all NACE activities,Self-employed domestic concept,Euro area – 21 countries (from 2026),2024,49108698,,
ESTAT:NAMA_10_A64_E$DEFAULTVIEW(1.0),13/05/26 23:00:00,Annual,Thousand hours worked,Total - all NACE activities,Self-employed domestic concept,Estonia,2016,115749,,
ESTAT:NAMA_10_A64_E$DEFAULTVIEW(1.0),13/05/26 23:00:00,Annual,Thousand hours worked,Total - all NACE activities,Self-employed domestic concept,Estonia,2017,122706,,
ESTAT:NAMA_10_A64_E$DEFAULTVIEW(1.0),13/05/26 23:00:00,Annual,Thousand hours worked,Total - all NACE activities,Self-employed domestic concept,Estonia,2018,128646,,
ESTAT:NAMA_10_A64_E$DEFAULTVIEW(1.0),13/05/26 23:00:00,Annual,Thousand hours worked,Total - all NACE activities,Self-employed domestic concept,Estonia,2019,124632,,
ESTAT:NAMA_10_A64_E$DEFAULTVIEW(1.0),13/05/26 23:00:00,Annual,Thousand hours worked,Total - all NACE activities,Self-employed domestic concept,Estonia,2020,123095,,
ESTAT:NAMA_10_A64_E$DEFAULTVIEW(1.0),13/05/26 23:00:00,Annual,Thousand hours worked,Total - all NACE activities,Self-employed domestic concept,Estonia,2021,118951,,
ESTAT:NAMA_10_A64_E$DEFAULTVIEW(1.0),13/05/26 23:00:00,Annual,Thousand hours worked,Total - all NACE activities,Self-employed domestic concept,Estonia,2022,121926,,
ESTAT:NAMA_10_A64_E$DEFAULTVIEW(1.0),13/05/26 23:00:00,Annual,Thousand hours worked,Total - all NACE activities,Self-employed domestic concept,Estonia,2023,127134,,
ESTAT:NAMA_10_A64_E$DEFAULTVIEW(1.0),13/05/26 23:00:00,Annual,Thousand hours worked,Total - all NACE activities,Self-employed domestic concept,Estonia,2024,134056,,
ESTAT:NAMA_10_A64_E$DEFAULTVIEW(1.0),13/05/26 23:00:00,Annual,Thousand hours worked,Total - all NACE activities,Self-employed domestic concept,Greece,2016,3046688,,
ESTAT:NAMA_10_A64_E$DEFAULTVIEW(1.0),13/05/26 23:00:00,Annual,Thousand hours worked,Total - all NACE activities,Self-employed domestic concept,Greece,2017,3070717,,
ESTAT:NAMA_10_A64_E$DEFAULTVIEW(1.0),13/05/26 23:00:00,Annual,Thousand hours worked,Total - all NACE activities,Self-employed domestic concept,Greece,2018,3046523,,
ESTAT:NAMA_10_A64_E$DEFAULTVIEW(1.0),13/05/26 23:00:00,Annual,Thousand hours worked,Total - all NACE activities,Self-employed domestic concept,Greece,2019,2943031,,
ESTAT:NAMA_10_A64_E$DEFAULTVIEW(1.0),13/05/26 23:00:00,Annual,Thousand hours worked,Total - all NACE activities,Self-employed domestic concept,Greece,2020,2692221,,
ESTAT:NAMA_10_A64_E$DEFAULTVIEW(1.0),13/05/26 23:00:00,Annual,Thousand hours worked,Total - all NACE activities,Self-employed domestic concept,Greece,2021,2984401,,
ESTAT:NAMA_10_A64_E$DEFAULTVIEW(1.0),13/05/26 23:00:00,Annual,Thousand hours worked,Total - all NACE activities,Self-employed domestic concept,Greece,2022,3099821,,
ESTAT:NAMA_10_A64_E$DEFAULTVIEW(1.0),13/05/26 23:00:00,Annual,Thousand hours worked,Total - all NACE activities,Self-employed domestic concept,Greece,2023,3084007,p,
ESTAT:NAMA_10_A64_E$DEFAULTVIEW(1.0),13/05/26 23:00:00,Annual,Thousand hours worked,Total - all NACE activities,Self-employed domestic concept,Greece,2024,3144198,p,
ESTAT:NAMA_10_A64_E$DEFAULTVIEW(1.0),13/05/26 23:00:00,Annual,Thousand hours worked,Total - all NACE activities,Self-employed domestic concept,Spain,2016,6155411,,
ESTAT:NAMA_10_A64_E$DEFAULTVIEW(1.0),13/05/26 23:00:00,Annual,Thousand hours worked,Total - all NACE activities,Self-employed domestic concept,Spain,2017,6091065,,
ESTAT:NAMA_10_A64_E$DEFAULTVIEW(1.0),13/05/26 23:00:00,Annual,Thousand hours worked,Total - all NACE activities,Self-employed domestic concept,Spain,2018,6172614,,
ESTAT:NAMA_10_A64_E$DEFAULTVIEW(1.0),13/05/26 23:00:00,Annual,Thousand hours worked,Total - all NACE activities,Self-employed domestic concept,Spain,2019,6281079,,
ESTAT:NAMA_10_A64_E$DEFAULTVIEW(1.0),13/05/26 23:00:00,Annual,Thousand hours worked,Total - all NACE activities,Self-employed domestic concept,Spain,2020,5298085,,
ESTAT:NAMA_10_A64_E$DEFAULTVIEW(1.0),13/05/26 23:00:00,Annual,Thousand hours worked,Total - all NACE activities,Self-employed domestic concept,Spain,2021,5920866,,
ESTAT:NAMA_10_A64_E$DEFAULTVIEW(1.0),13/05/26 23:00:00,Annual,Thousand hours worked,Total - all NACE activities,Self-employed domestic concept,Spain,2022,6117734,,
ESTAT:NAMA_10_A64_E$DEFAULTVIEW(1.0),13/05/26 23:00:00,Annual,Thousand hours worked,Total - all NACE activities,Self-employed domestic concept,Spain,2023,6250838,p,
ESTAT:NAMA_10_A64_E$DEFAULTVIEW(1.0),13/05/26 23:00:00,Annual,Thousand hours worked,Total - all NACE activities,Self-employed domestic concept,Spain,2024,6333430,p,
ESTAT:NAMA_10_A64_E$DEFAULTVIEW(1.0),13/05/26 23:00:00,Annual,Thousand hours worked,Total - all NACE activities,Self-employed domestic concept,European Union - 27 countries (from 2020),2016,63470449,,
ESTAT:NAMA_10_A64_E$DEFAULTVIEW(1.0),13/05/26 23:00:00,Annual,Thousand hours worked,Total - all NACE activities,Self-employed domestic concept,European Union - 27 countries (from 2020),2017,62921503,,
ESTAT:NAMA_10_A64_E$DEFAULTVIEW(1.0),13/05/26 23:00:00,Annual,Thousand hours worked,Total - all NACE activities,Self-employed domestic concept,European Union - 27 countries (from 2020),2018,62569487,,
ESTAT:NAMA_10_A64_E$DEFAULTVIEW(1.0),13/05/26 23:00:00,Annual,Thousand hours worked,Total - all NACE activities,Self-employed domestic concept,European Union - 27 countries (from 2020),2019,62372145,,
ESTAT:NAMA_10_A64_E$DEFAULTVIEW(1.0),13/05/26 23:00:00,Annual,Thousand hours worked,Total - all NACE activities,Self-employed domestic concept,European Union - 27 countries (from 2020),2020,56671868,,
ESTAT:NAMA_10_A64_E$DEFAULTVIEW(1.0),13/05/26 23:00:00,Annual,Thousand hours worked,Total - all NACE activities,Self-employed domestic concept,European Union - 27 countries (from 2020),2021,60729640,,
ESTAT:NAMA_10_A64_E$DEFAULTVIEW(1.0),13/05/26 23:00:00,Annual,Thousand hours worked,Total - all NACE activities,Self-employed domestic concept,European Union - 27 countries (from 2020),2022,62423884,,
ESTAT:NAMA_10_A64_E$DEFAULTVIEW(1.0),13/05/26 23:00:00,Annual,Thousand hours worked,Total - all NACE activities,Self-employed domestic concept,European Union - 27 countries (from 2020),2023,62473426,,
ESTAT:NAMA_10_A64_E$DEFAULTVIEW(1.0),13/05/26 23:00:00,Annual,Thousand hours worked,Total - all NACE activities,Self-employed domestic concept,European Union - 27 countries (from 2020),2024,62367430,,
ESTAT:NAMA_10_A64_E$DEFAULTVIEW(1.0),13/05/26 23:00:00,Annual,Thousand hours worked,Total - all NACE activities,Self-employed domestic concept,Finland,2016,611100,,
ESTAT:NAMA_10_A64_E$DEFAULTVIEW(1.0),13/05/26 23:00:00,Annual,Thousand hours worked,Total - all NACE activities,Self-employed domestic concept,Finland,2017,584800,,
ESTAT:NAMA_10_A64_E$DEFAULTVIEW(1.0),13/05/26 23:00:00,Annual,Thousand hours worked,Total - all NACE activities,Self-employed domestic concept,Finland,2018,599500,,
ESTAT:NAMA_10_A64_E$DEFAULTVIEW(1.0),13/05/26 23:00:00,Annual,Thousand hours worked,Total - all NACE activities,Self-employed domestic concept,Finland,2019,602500,,
ESTAT:NAMA_10_A64_E$DEFAULTVIEW(1.0),13/05/26 23:00:00,Annual,Thousand hours worked,Total - all NACE activities,Self-employed domestic concept,Finland,2020,572200,,
ESTAT:NAMA_10_A64_E$DEFAULTVIEW(1.0),13/05/26 23:00:00,Annual,Thousand hours worked,Total - all NACE activities,Self-employed domestic concept,Finland,2021,587200,,
ESTAT:NAMA_10_A64_E$DEFAULTVIEW(1.0),13/05/26 23:00:00,Annual,Thousand hours worked,Total - all NACE activities,Self-employed domestic concept,Finland,2022,572500,,
ESTAT:NAMA_10_A64_E$DEFAULTVIEW(1.0),13/05/26 23:00:00,Annual,Thousand hours worked,Total - all NACE activities,Self-employed domestic concept,Finland,2023,538300,,
ESTAT:NAMA_10_A64_E$DEFAULTVIEW(1.0),13/05/26 23:00:00,Annual,Thousand hours worked,Total - all NACE activities,Self-employed domestic concept,Finland,2024,518400,,
ESTAT:NAMA_10_A64_E$DEFAULTVIEW(1.0),13/05/26 23:00:00,Annual,Thousand hours worked,Total - all NACE activities,Self-employed domestic concept,France,2016,7049286,,
ESTAT:NAMA_10_A64_E$DEFAULTVIEW(1.0),13/05/26 23:00:00,Annual,Thousand hours worked,Total - all NACE activities,Self-employed domestic concept,France,2017,6981965,,
ESTAT:NAMA_10_A64_E$DEFAULTVIEW(1.0),13/05/26 23:00:00,Annual,Thousand hours worked,Total - all NACE activities,Self-employed domestic concept,France,2018,7078795,,
ESTAT:NAMA_10_A64_E$DEFAULTVIEW(1.0),13/05/26 23:00:00,Annual,Thousand hours worked,Total - all NACE activities,Self-employed domestic concept,France,2019,7271636,,
ESTAT:NAMA_10_A64_E$DEFAULTVIEW(1.0),13/05/26 23:00:00,Annual,Thousand hours worked,Total - all NACE activities,Self-employed domestic concept,France,2020,6873835,,
ESTAT:NAMA_10_A64_E$DEFAULTVIEW(1.0),13/05/26 23:00:00,Annual,Thousand hours worked,Total - all NACE activities,Self-employed domestic concept,France,2021,7356809,,
ESTAT:NAMA_10_A64_E$DEFAULTVIEW(1.0),13/05/26 23:00:00,Annual,Thousand hours worked,Total - all NACE activities,Self-employed domestic concept,France,2022,7716167,,
ESTAT:NAMA_10_A64_E$DEFAULTVIEW(1.0),13/05/26 23:00:00,Annual,Thousand hours worked,Total - all NACE activities,Self-employed domestic concept,France,2023,7876109,p,
ESTAT:NAMA_10_A64_E$DEFAULTVIEW(1.0),13/05/26 23:00:00,Annual,Thousand hours worked,Total - all NACE activities,Self-employed domestic concept,France,2024,8049808,p,
ESTAT:NAMA_10_A64_E$DEFAULTVIEW(1.0),13/05/26 23:00:00,Annual,Thousand hours worked,Total - all NACE activities,Self-employed domestic concept,Croatia,2016,434917,,
ESTAT:NAMA_10_A64_E$DEFAULTVIEW(1.0),13/05/26 23:00:00,Annual,Thousand hours worked,Total - all NACE activities,Self-employed domestic concept,Croatia,2017,414633,,
ESTAT:NAMA_10_A64_E$DEFAULTVIEW(1.0),13/05/26 23:00:00,Annual,Thousand hours worked,Total - all NACE activities,Self-employed domestic concept,Croatia,2018,407262,,
ESTAT:NAMA_10_A64_E$DEFAULTVIEW(1.0),13/05/26 23:00:00,Annual,Thousand hours worked,Total - all NACE activities,Self-employed domestic concept,Croatia,2019,419910,,
ESTAT:NAMA_10_A64_E$DEFAULTVIEW(1.0),13/05/26 23:00:00,Annual,Thousand hours worked,Total - all NACE activities,Self-employed domestic concept,Croatia,2020,411105,,
ESTAT:NAMA_10_A64_E$DEFAULTVIEW(1.0),13/05/26 23:00:00,Annual,Thousand hours worked,Total - all NACE activities,Self-employed domestic concept,Croatia,2021,436889,,
ESTAT:NAMA_10_A64_E$DEFAULTVIEW(1.0),13/05/26 23:00:00,Annual,Thousand hours worked,Total - all NACE activities,Self-employed domestic concept,Croatia,2022,442759,,
ESTAT:NAMA_10_A64_E$DEFAULTVIEW(1.0),13/05/26 23:00:00,Annual,Thousand hours worked,Total - all NACE activities,Self-employed domestic concept,Croatia,2023,451379,,
ESTAT:NAMA_10_A64_E$DEFAULTVIEW(1.0),13/05/26 23:00:00,Annual,Thousand hours worked,Total - all NACE activities,Self-employed domestic concept,Croatia,2024,453073,p,
ESTAT:NAMA_10_A64_E$DEFAULTVIEW(1.0),13/05/26 23:00:00,Annual,Thousand hours worked,Total - all NACE activities,Self-employed domestic concept,Hungary,2016,784767,,
ESTAT:NAMA_10_A64_E$DEFAULTVIEW(1.0),13/05/26 23:00:00,Annual,Thousand hours worked,Total - all NACE activities,Self-employed domestic concept,Hungary,2017,796481,,
ESTAT:NAMA_10_A64_E$DEFAULTVIEW(1.0),13/05/26 23:00:00,Annual,Thousand hours worked,Total - all NACE activities,Self-employed domestic concept,Hungary,2018,797480,,
ESTAT:NAMA_10_A64_E$DEFAULTVIEW(1.0),13/05/26 23:00:00,Annual,Thousand hours worked,Total - all NACE activities,Self-employed domestic concept,Hungary,2019,799426,,
ESTAT:NAMA_10_A64_E$DEFAULTVIEW(1.0),13/05/26 23:00:00,Annual,Thousand hours worked,Total - all NACE activities,Self-employed domestic concept,Hungary,2020,761945,,
ESTAT:NAMA_10_A64_E$DEFAULTVIEW(1.0),13/05/26 23:00:00,Annual,Thousand hours worked,Total - all NACE activities,Self-employed domestic concept,Hungary,2021,821546,,
ESTAT:NAMA_10_A64_E$DEFAULTVIEW(1.0),13/05/26 23:00:00,Annual,Thousand hours worked,Total - all NACE activities,Self-employed domestic concept,Hungary,2022,853693,,
ESTAT:NAMA_10_A64_E$DEFAULTVIEW(1.0),13/05/26 23:00:00,Annual,Thousand hours worked,Total - all NACE activities,Self-employed domestic concept,Hungary,2023,782948,,
ESTAT:NAMA_10_A64_E$DEFAULTVIEW(1.0),13/05/26 23:00:00,Annual,Thousand hours worked,Total - all NACE activities,Self-employed domestic concept,Hungary,2024,761848,,
ESTAT:NAMA_10_A64_E$DEFAULTVIEW(1.0),13/05/26 23:00:00,Annual,Thousand hours worked,Total - all NACE activities,Self-employed domestic concept,Ireland,2016,723402,,
ESTAT:NAMA_10_A64_E$DEFAULTVIEW(1.0),13/05/26 23:00:00,Annual,Thousand hours worked,Total - all NACE activities,Self-employed domestic concept,Ireland,2017,728404,,
ESTAT:NAMA_10_A64_E$DEFAULTVIEW(1.0),13/05/26 23:00:00,Annual,Thousand hours worked,Total - all NACE activities,Self-employed domestic concept,Ireland,2018,731839,,
ESTAT:NAMA_10_A64_E$DEFAULTVIEW(1.0),13/05/26 23:00:00,Annual,Thousand hours worked,Total - all NACE activities,Self-employed domestic concept,Ireland,2019,725885,,
ESTAT:NAMA_10_A64_E$DEFAULTVIEW(1.0),13/05/26 23:00:00,Annual,Thousand hours worked,Total - all NACE activities,Self-employed domestic concept,Ireland,2020,603492,,
ESTAT:NAMA_10_A64_E$DEFAULTVIEW(1.0),13/05/26 23:00:00,Annual,Thousand hours worked,Total - all NACE activities,Self-employed domestic concept,Ireland,2021,646287,,
ESTAT:NAMA_10_A64_E$DEFAULTVIEW(1.0),13/05/26 23:00:00,Annual,Thousand hours worked,Total - all NACE activities,Self-employed domestic concept,Ireland,2022,714727,,
ESTAT:NAMA_10_A64_E$DEFAULTVIEW(1.0),13/05/26 23:00:00,Annual,Thousand hours worked,Total - all NACE activities,Self-employed domestic concept,Ireland,2023,704797,,
ESTAT:NAMA_10_A64_E$DEFAULTVIEW(1.0),13/05/26 23:00:00,Annual,Thousand hours worked,Total - all NACE activities,Self-employed domestic concept,Ireland,2024,703495,,
ESTAT:NAMA_10_A64_E$DEFAULTVIEW(1.0),13/05/26 23:00:00,Annual,Thousand hours worked,Total - all NACE activities,Self-employed domestic concept,Iceland,2016,13183,p,
ESTAT:NAMA_10_A64_E$DEFAULTVIEW(1.0),13/05/26 23:00:00,Annual,Thousand hours worked,Total - all NACE activities,Self-employed domestic concept,Iceland,2017,12785,p,
ESTAT:NAMA_10_A64_E$DEFAULTVIEW(1.0),13/05/26 23:00:00,Annual,Thousand hours worked,Total - all NACE activities,Self-employed domestic concept,Iceland,2018,12557,p,
ESTAT:NAMA_10_A64_E$DEFAULTVIEW(1.0),13/05/26 23:00:00,Annual,Thousand hours worked,Total - all NACE activities,Self-employed domestic concept,Iceland,2019,12536,p,
ESTAT:NAMA_10_A64_E$DEFAULTVIEW(1.0),13/05/26 23:00:00,Annual,Thousand hours worked,Total - all NACE activities,Self-employed domestic concept,Iceland,2020,11770,p,
ESTAT:NAMA_10_A64_E$DEFAULTVIEW(1.0),13/05/26 23:00:00,Annual,Thousand hours worked,Total - all NACE activities,Self-employed domestic concept,Iceland,2021,12105,p,
ESTAT:NAMA_10_A64_E$DEFAULTVIEW(1.0),13/05/26 23:00:00,Annual,Thousand hours worked,Total - all NACE activities,Self-employed domestic concept,Iceland,2022,12835,p,
ESTAT:NAMA_10_A64_E$DEFAULTVIEW(1.0),13/05/26 23:00:00,Annual,Thousand hours worked,Total - all NACE activities,Self-employed domestic concept,Iceland,2023,13137,p,
ESTAT:NAMA_10_A64_E$DEFAULTVIEW(1.0),13/05/26 23:00:00,Annual,Thousand hours worked,Total - all NACE activities,Self-employed domestic concept,Iceland,2024,13899,p,
ESTAT:NAMA_10_A64_E$DEFAULTVIEW(1.0),13/05/26 23:00:00,Annual,Thousand hours worked,Total - all NACE activities,Self-employed domestic concept,Iceland,2025,13799,e,
ESTAT:NAMA_10_A64_E$DEFAULTVIEW(1.0),13/05/26 23:00:00,Annual,Thousand hours worked,Total - all NACE activities,Self-employed domestic concept,Italy,2016,12681342,,
ESTAT:NAMA_10_A64_E$DEFAULTVIEW(1.0),13/05/26 23:00:00,Annual,Thousand hours worked,Total - all NACE activities,Self-employed domestic concept,Italy,2017,12483931,,
ESTAT:NAMA_10_A64_E$DEFAULTVIEW(1.0),13/05/26 23:00:00,Annual,Thousand hours worked,Total - all NACE activities,Self-employed domestic concept,Italy,2018,12397340,,
ESTAT:NAMA_10_A64_E$DEFAULTVIEW(1.0),13/05/26 23:00:00,Annual,Thousand hours worked,Total - all NACE activities,Self-employed domestic concept,Italy,2019,12338046,,
ESTAT:NAMA_10_A64_E$DEFAULTVIEW(1.0),13/05/26 23:00:00,Annual,Thousand hours worked,Total - all NACE activities,Self-employed domestic concept,Italy,2020,10476229,,
ESTAT:NAMA_10_A64_E$DEFAULTVIEW(1.0),13/05/26 23:00:00,Annual,Thousand hours worked,Total - all NACE activities,Self-employed domestic concept,Italy,2021,11587182,,
ESTAT:NAMA_10_A64_E$DEFAULTVIEW(1.0),13/05/26 23:00:00,Annual,Thousand hours worked,Total - all NACE activities,Self-employed domestic concept,Italy,2022,11939454,,
ESTAT:NAMA_10_A64_E$DEFAULTVIEW(1.0),13/05/26 23:00:00,Annual,Thousand hours worked,Total - all NACE activities,Self-employed domestic concept,Italy,2023,12079296,,
ESTAT:NAMA_10_A64_E$DEFAULTVIEW(1.0),13/05/26 23:00:00,Annual,Thousand hours worked,Total - all NACE activities,Self-employed domestic concept,Italy,2024,12240677,,
ESTAT:NAMA_10_A64_E$DEFAULTVIEW(1.0),13/05/26 23:00:00,Annual,Thousand hours worked,Total - all NACE activities,Self-employed domestic concept,Italy,2025,12425033,,
ESTAT:NAMA_10_A64_E$DEFAULTVIEW(1.0),13/05/26 23:00:00,Annual,Thousand hours worked,Total - all NACE activities,Self-employed domestic concept,Lithuania,2016,341636,,
ESTAT:NAMA_10_A64_E$DEFAULTVIEW(1.0),13/05/26 23:00:00,Annual,Thousand hours worked,Total - all NACE activities,Self-employed domestic concept,Lithuania,2017,324687,,
ESTAT:NAMA_10_A64_E$DEFAULTVIEW(1.0),13/05/26 23:00:00,Annual,Thousand hours worked,Total - all NACE activities,Self-employed domestic concept,Lithuania,2018,321858,,
ESTAT:NAMA_10_A64_E$DEFAULTVIEW(1.0),13/05/26 23:00:00,Annual,Thousand hours worked,Total - all NACE activities,Self-employed domestic concept,Lithuania,2019,323002,,
ESTAT:NAMA_10_A64_E$DEFAULTVIEW(1.0),13/05/26 23:00:00,Annual,Thousand hours worked,Total - all NACE activities,Self-employed domestic concept,Lithuania,2020,282974,,
ESTAT:NAMA_10_A64_E$DEFAULTVIEW(1.0),13/05/26 23:00:00,Annual,Thousand hours worked,Total - all NACE activities,Self-employed domestic concept,Lithuania,2021,289828,,
ESTAT:NAMA_10_A64_E$DEFAULTVIEW(1.0),13/05/26 23:00:00,Annual,Thousand hours worked,Total - all NACE activities,Self-employed domestic concept,Lithuania,2022,330946,,
ESTAT:NAMA_10_A64_E$DEFAULTVIEW(1.0),13/05/26 23:00:00,Annual,Thousand hours worked,Total - all NACE activities,Self-employed domestic concept,Lithuania,2023,316121,,
ESTAT:NAMA_10_A64_E$DEFAULTVIEW(1.0),13/05/26 23:00:00,Annual,Thousand hours worked,Total - all NACE activities,Self-employed domestic concept,Lithuania,2024,321890,,
ESTAT:NAMA_10_A64_E$DEFAULTVIEW(1.0),13/05/26 23:00:00,Annual,Thousand hours worked,Total - all NACE activities,Self-employed domestic concept,Luxembourg,2016,39818,,
ESTAT:NAMA_10_A64_E$DEFAULTVIEW(1.0),13/05/26 23:00:00,Annual,Thousand hours worked,Total - all NACE activities,Self-employed domestic concept,Luxembourg,2017,39766,,
ESTAT:NAMA_10_A64_E$DEFAULTVIEW(1.0),13/05/26 23:00:00,Annual,Thousand hours worked,Total - all NACE activities,Self-employed domestic concept,Luxembourg,2018,35820,,
ESTAT:NAMA_10_A64_E$DEFAULTVIEW(1.0),13/05/26 23:00:00,Annual,Thousand hours worked,Total - all NACE activities,Self-employed domestic concept,Luxembourg,2019,36848,,
ESTAT:NAMA_10_A64_E$DEFAULTVIEW(1.0),13/05/26 23:00:00,Annual,Thousand hours worked,Total - all NACE activities,Self-employed domestic concept,Luxembourg,2020,33926,,
ESTAT:NAMA_10_A64_E$DEFAULTVIEW(1.0),13/05/26 23:00:00,Annual,Thousand hours worked,Total - all NACE activities,Self-employed domestic concept,Luxembourg,2021,37494,,
ESTAT:NAMA_10_A64_E$DEFAULTVIEW(1.0),13/05/26 23:00:00,Annual,Thousand hours worked,Total - all NACE activities,Self-employed domestic concept,Luxembourg,2022,38011,,
ESTAT:NAMA_10_A64_E$DEFAULTVIEW(1.0),13/05/26 23:00:00,Annual,Thousand hours worked,Total - all NACE activities,Self-employed domestic concept,Luxembourg,2023,38057,,
ESTAT:NAMA_10_A64_E$DEFAULTVIEW(1.0),13/05/26 23:00:00,Annual,Thousand hours worked,Total - all NACE activities,Self-employed domestic concept,Luxembourg,2024,39117,p,
ESTAT:NAMA_10_A64_E$DEFAULTVIEW(1.0),13/05/26 23:00:00,Annual,Thousand hours worked,Total - all NACE activities,Self-employed domestic concept,Latvia,2016,231732,,
ESTAT:NAMA_10_A64_E$DEFAULTVIEW(1.0),13/05/26 23:00:00,Annual,Thousand hours worked,Total - all NACE activities,Self-employed domestic concept,Latvia,2017,223303,,
ESTAT:NAMA_10_A64_E$DEFAULTVIEW(1.0),13/05/26 23:00:00,Annual,Thousand hours worked,Total - all NACE activities,Self-employed domestic concept,Latvia,2018,201282,,
ESTAT:NAMA_10_A64_E$DEFAULTVIEW(1.0),13/05/26 23:00:00,Annual,Thousand hours worked,Total - all NACE activities,Self-employed domestic concept,Latvia,2019,201856,,
ESTAT:NAMA_10_A64_E$DEFAULTVIEW(1.0),13/05/26 23:00:00,Annual,Thousand hours worked,Total - all NACE activities,Self-employed domestic concept,Latvia,2020,202776,,
ESTAT:NAMA_10_A64_E$DEFAULTVIEW(1.0),13/05/26 23:00:00,Annual,Thousand hours worked,Total - all NACE activities,Self-employed domestic concept,Latvia,2021,209664,,
ESTAT:NAMA_10_A64_E$DEFAULTVIEW(1.0),13/05/26 23:00:00,Annual,Thousand hours worked,Total - all NACE activities,Self-employed domestic concept,Latvia,2022,224520,,
ESTAT:NAMA_10_A64_E$DEFAULTVIEW(1.0),13/05/26 23:00:00,Annual,Thousand hours worked,Total - all NACE activities,Self-employed domestic concept,Latvia,2023,200424,,
ESTAT:NAMA_10_A64_E$DEFAULTVIEW(1.0),13/05/26 23:00:00,Annual,Thousand hours worked,Total - all NACE activities,Self-employed domestic concept,Latvia,2024,203196,,
ESTAT:NAMA_10_A64_E$DEFAULTVIEW(1.0),13/05/26 23:00:00,Annual,Thousand hours worked,Total - all NACE activities,Self-employed domestic concept,Malta,2016,67710,,
ESTAT:NAMA_10_A64_E$DEFAULTVIEW(1.0),13/05/26 23:00:00,Annual,Thousand hours worked,Total - all NACE activities,Self-employed domestic concept,Malta,2017,69517,,
ESTAT:NAMA_10_A64_E$DEFAULTVIEW(1.0),13/05/26 23:00:00,Annual,Thousand hours worked,Total - all NACE activities,Self-employed domestic concept,Malta,2018,78779,,
ESTAT:NAMA_10_A64_E$DEFAULTVIEW(1.0),13/05/26 23:00:00,Annual,Thousand hours worked,Total - all NACE activities,Self-employed domestic concept,Malta,2019,87163,,
ESTAT:NAMA_10_A64_E$DEFAULTVIEW(1.0),13/05/26 23:00:00,Annual,Thousand hours worked,Total - all NACE activities,Self-employed domestic concept,Malta,2020,80667,,
ESTAT:NAMA_10_A64_E$DEFAULTVIEW(1.0),13/05/26 23:00:00,Annual,Thousand hours worked,Total - all NACE activities,Self-employed domestic concept,Malta,2021,85698,,
ESTAT:NAMA_10_A64_E$DEFAULTVIEW(1.0),13/05/26 23:00:00,Annual,Thousand hours worked,Total - all NACE activities,Self-employed domestic concept,Malta,2022,93281,,
ESTAT:NAMA_10_A64_E$DEFAULTVIEW(1.0),13/05/26 23:00:00,Annual,Thousand hours worked,Total - all NACE activities,Self-employed domestic concept,Malta,2023,95065,,
ESTAT:NAMA_10_A64_E$DEFAULTVIEW(1.0),13/05/26 23:00:00,Annual,Thousand hours worked,Total - all NACE activities,Self-employed domestic concept,Malta,2024,96754,,
ESTAT:NAMA_10_A64_E$DEFAULTVIEW(1.0),13/05/26 23:00:00,Annual,Thousand hours worked,Total - all NACE activities,Self-employed domestic concept,Malta,2025,101948,,
ESTAT:NAMA_10_A64_E$DEFAULTVIEW(1.0),13/05/26 23:00:00,Annual,Thousand hours worked,Total - all NACE activities,Self-employed domestic concept,Netherlands,2016,2805596,,
ESTAT:NAMA_10_A64_E$DEFAULTVIEW(1.0),13/05/26 23:00:00,Annual,Thousand hours worked,Total - all NACE activities,Self-employed domestic concept,Netherlands,2017,2861281,,
ESTAT:NAMA_10_A64_E$DEFAULTVIEW(1.0),13/05/26 23:00:00,Annual,Thousand hours worked,Total - all NACE activities,Self-employed domestic concept,Netherlands,2018,2918633,,
ESTAT:NAMA_10_A64_E$DEFAULTVIEW(1.0),13/05/26 23:00:00,Annual,Thousand hours worked,Total - all NACE activities,Self-employed domestic concept,Netherlands,2019,3005562,,
ESTAT:NAMA_10_A64_E$DEFAULTVIEW(1.0),13/05/26 23:00:00,Annual,Thousand hours worked,Total - all NACE activities,Self-employed domestic concept,Netherlands,2020,2811694,,
ESTAT:NAMA_10_A64_E$DEFAULTVIEW(1.0),13/05/26 23:00:00,Annual,Thousand hours worked,Total - all NACE activities,Self-employed domestic concept,Netherlands,2021,2990692,,
ESTAT:NAMA_10_A64_E$DEFAULTVIEW(1.0),13/05/26 23:00:00,Annual,Thousand hours worked,Total - all NACE activities,Self-employed domestic concept,Netherlands,2022,3149201,p,
ESTAT:NAMA_10_A64_E$DEFAULTVIEW(1.0),13/05/26 23:00:00,Annual,Thousand hours worked,Total - all NACE activities,Self-employed domestic concept,Netherlands,2023,3231037,p,
ESTAT:NAMA_10_A64_E$DEFAULTVIEW(1.0),13/05/26 23:00:00,Annual,Thousand hours worked,Total - all NACE activities,Self-employed domestic concept,Netherlands,2024,3275212,p,
ESTAT:NAMA_10_A64_E$DEFAULTVIEW(1.0),13/05/26 23:00:00,Annual,Thousand hours worked,Total - all NACE activities,Self-employed domestic concept,Norway,2016,273559,,
ESTAT:NAMA_10_A64_E$DEFAULTVIEW(1.0),13/05/26 23:00:00,Annual,Thousand hours worked,Total - all NACE activities,Self-employed domestic concept,Norway,2017,267440,,
ESTAT:NAMA_10_A64_E$DEFAULTVIEW(1.0),13/05/26 23:00:00,Annual,Thousand hours worked,Total - all NACE activities,Self-employed domestic concept,Norway,2018,261730,,
ESTAT:NAMA_10_A64_E$DEFAULTVIEW(1.0),13/05/26 23:00:00,Annual,Thousand hours worked,Total - all NACE activities,Self-employed domestic concept,Norway,2019,257301,,
ESTAT:NAMA_10_A64_E$DEFAULTVIEW(1.0),13/05/26 23:00:00,Annual,Thousand hours worked,Total - all NACE activities,Self-employed domestic concept,Norway,2020,248566,,
ESTAT:NAMA_10_A64_E$DEFAULTVIEW(1.0),13/05/26 23:00:00,Annual,Thousand hours worked,Total - all NACE activities,Self-employed domestic concept,Norway,2021,253818,,
ESTAT:NAMA_10_A64_E$DEFAULTVIEW(1.0),13/05/26 23:00:00,Annual,Thousand hours worked,Total - all NACE activities,Self-employed domestic concept,Norway,2022,258067,,
ESTAT:NAMA_10_A64_E$DEFAULTVIEW(1.0),13/05/26 23:00:00,Annual,Thousand hours worked,Total - all NACE activities,Self-employed domestic concept,Norway,2023,251961,,
ESTAT:NAMA_10_A64_E$DEFAULTVIEW(1.0),13/05/26 23:00:00,Annual,Thousand hours worked,Total - all NACE activities,Self-employed domestic concept,Norway,2024,251594,,
ESTAT:NAMA_10_A64_E$DEFAULTVIEW(1.0),13/05/26 23:00:00,Annual,Thousand hours worked,Total - all NACE activities,Self-employed domestic concept,Norway,2025,250265,,
ESTAT:NAMA_10_A64_E$DEFAULTVIEW(1.0),13/05/26 23:00:00,Annual,Thousand hours worked,Total - all NACE activities,Self-employed domestic concept,Poland,2016,7182648,,
ESTAT:NAMA_10_A64_E$DEFAULTVIEW(1.0),13/05/26 23:00:00,Annual,Thousand hours worked,Total - all NACE activities,Self-employed domestic concept,Poland,2017,7050192,,
ESTAT:NAMA_10_A64_E$DEFAULTVIEW(1.0),13/05/26 23:00:00,Annual,Thousand hours worked,Total - all NACE activities,Self-employed domestic concept,Poland,2018,6920797,,
ESTAT:NAMA_10_A64_E$DEFAULTVIEW(1.0),13/05/26 23:00:00,Annual,Thousand hours worked,Total - all NACE activities,Self-employed domestic concept,Poland,2019,6964019,b,
ESTAT:NAMA_10_A64_E$DEFAULTVIEW(1.0),13/05/26 23:00:00,Annual,Thousand hours worked,Total - all NACE activities,Self-employed domestic concept,Poland,2020,6943353,,
ESTAT:NAMA_10_A64_E$DEFAULTVIEW(1.0),13/05/26 23:00:00,Annual,Thousand hours worked,Total - all NACE activities,Self-employed domestic concept,Poland,2021,7542273,,
ESTAT:NAMA_10_A64_E$DEFAULTVIEW(1.0),13/05/26 23:00:00,Annual,Thousand hours worked,Total - all NACE activities,Self-employed domestic concept,Poland,2022,7637500,,
ESTAT:NAMA_10_A64_E$DEFAULTVIEW(1.0),13/05/26 23:00:00,Annual,Thousand hours worked,Total - all NACE activities,Self-employed domestic concept,Poland,2023,7628002,,
ESTAT:NAMA_10_A64_E$DEFAULTVIEW(1.0),13/05/26 23:00:00,Annual,Thousand hours worked,Total - all NACE activities,Self-employed domestic concept,Poland,2024,7100317,,
ESTAT:NAMA_10_A64_E$DEFAULTVIEW(1.0),13/05/26 23:00:00,Annual,Thousand hours worked,Total - all NACE activities,Self-employed domestic concept,Portugal,2016,1307235,,
ESTAT:NAMA_10_A64_E$DEFAULTVIEW(1.0),13/05/26 23:00:00,Annual,Thousand hours worked,Total - all NACE activities,Self-employed domestic concept,Portugal,2017,1316333,,
ESTAT:NAMA_10_A64_E$DEFAULTVIEW(1.0),13/05/26 23:00:00,Annual,Thousand hours worked,Total - all NACE activities,Self-employed domestic concept,Portugal,2018,1374608,,
ESTAT:NAMA_10_A64_E$DEFAULTVIEW(1.0),13/05/26 23:00:00,Annual,Thousand hours worked,Total - all NACE activities,Self-employed domestic concept,Portugal,2019,1399220,,
ESTAT:NAMA_10_A64_E$DEFAULTVIEW(1.0),13/05/26 23:00:00,Annual,Thousand hours worked,Total - all NACE activities,Self-employed domestic concept,Portugal,2020,1217111,,
ESTAT:NAMA_10_A64_E$DEFAULTVIEW(1.0),13/05/26 23:00:00,Annual,Thousand hours worked,Total - all NACE activities,Self-employed domestic concept,Portugal,2021,1238601,,
ESTAT:NAMA_10_A64_E$DEFAULTVIEW(1.0),13/05/26 23:00:00,Annual,Thousand hours worked,Total - all NACE activities,Self-employed domestic concept,Portugal,2022,1331587,,
ESTAT:NAMA_10_A64_E$DEFAULTVIEW(1.0),13/05/26 23:00:00,Annual,Thousand hours worked,Total - all NACE activities,Self-employed domestic concept,Portugal,2023,1404904,,
ESTAT:NAMA_10_A64_E$DEFAULTVIEW(1.0),13/05/26 23:00:00,Annual,Thousand hours worked,Total - all NACE activities,Self-employed domestic concept,Portugal,2024,1375396,p,
ESTAT:NAMA_10_A64_E$DEFAULTVIEW(1.0),13/05/26 23:00:00,Annual,Thousand hours worked,Total - all NACE activities,Self-employed domestic concept,Romania,2016,3448344,,
ESTAT:NAMA_10_A64_E$DEFAULTVIEW(1.0),13/05/26 23:00:00,Annual,Thousand hours worked,Total - all NACE activities,Self-employed domestic concept,Romania,2017,3410070,,
ESTAT:NAMA_10_A64_E$DEFAULTVIEW(1.0),13/05/26 23:00:00,Annual,Thousand hours worked,Total - all NACE activities,Self-employed domestic concept,Romania,2018,3207585,,
ESTAT:NAMA_10_A64_E$DEFAULTVIEW(1.0),13/05/26 23:00:00,Annual,Thousand hours worked,Total - all NACE activities,Self-employed domestic concept,Romania,2019,3106215,,
ESTAT:NAMA_10_A64_E$DEFAULTVIEW(1.0),13/05/26 23:00:00,Annual,Thousand hours worked,Total - all NACE activities,Self-employed domestic concept,Romania,2020,2946019,,
ESTAT:NAMA_10_A64_E$DEFAULTVIEW(1.0),13/05/26 23:00:00,Annual,Thousand hours worked,Total - all NACE activities,Self-employed domestic concept,Romania,2021,3158369,,
ESTAT:NAMA_10_A64_E$DEFAULTVIEW(1.0),13/05/26 23:00:00,Annual,Thousand hours worked,Total - all NACE activities,Self-employed domestic concept,Romania,2022,3093771,,
ESTAT:NAMA_10_A64_E$DEFAULTVIEW(1.0),13/05/26 23:00:00,Annual,Thousand hours worked,Total - all NACE activities,Self-employed domestic concept,Romania,2023,2964823,,
ESTAT:NAMA_10_A64_E$DEFAULTVIEW(1.0),13/05/26 23:00:00,Annual,Thousand hours worked,Total - all NACE activities,Self-employed domestic concept,Romania,2024,3095803,p,
ESTAT:NAMA_10_A64_E$DEFAULTVIEW(1.0),13/05/26 23:00:00,Annual,Thousand hours worked,Total - all NACE activities,Self-employed domestic concept,Romania,2025,2631820,p,
ESTAT:NAMA_10_A64_E$DEFAULTVIEW(1.0),13/05/26 23:00:00,Annual,Thousand hours worked,Total - all NACE activities,Self-employed domestic concept,Serbia,2016,2283360,,
ESTAT:NAMA_10_A64_E$DEFAULTVIEW(1.0),13/05/26 23:00:00,Annual,Thousand hours worked,Total - all NACE activities,Self-employed domestic concept,Serbia,2017,2263186,,
ESTAT:NAMA_10_A64_E$DEFAULTVIEW(1.0),13/05/26 23:00:00,Annual,Thousand hours worked,Total - all NACE activities,Self-employed domestic concept,Serbia,2018,2224345,,
ESTAT:NAMA_10_A64_E$DEFAULTVIEW(1.0),13/05/26 23:00:00,Annual,Thousand hours worked,Total - all NACE activities,Self-employed domestic concept,Serbia,2019,2178273,,
ESTAT:NAMA_10_A64_E$DEFAULTVIEW(1.0),13/05/26 23:00:00,Annual,Thousand hours worked,Total - all NACE activities,Self-employed domestic concept,Serbia,2020,2061722,,
ESTAT:NAMA_10_A64_E$DEFAULTVIEW(1.0),13/05/26 23:00:00,Annual,Thousand hours worked,Total - all NACE activities,Self-employed domestic concept,Serbia,2021,1961976,,
ESTAT:NAMA_10_A64_E$DEFAULTVIEW(1.0),13/05/26 23:00:00,Annual,Thousand hours worked,Total - all NACE activities,Self-employed domestic concept,Serbia,2022,1911586,,
ESTAT:NAMA_10_A64_E$DEFAULTVIEW(1.0),13/05/26 23:00:00,Annual,Thousand hours worked,Total - all NACE activities,Self-employed domestic concept,Serbia,2023,1838201,p,
ESTAT:NAMA_10_A64_E$DEFAULTVIEW(1.0),13/05/26 23:00:00,Annual,Thousand hours worked,Total - all NACE activities,Self-employed domestic concept,Serbia,2024,1813181,p,
ESTAT:NAMA_10_A64_E$DEFAULTVIEW(1.0),13/05/26 23:00:00,Annual,Thousand hours worked,Total - all NACE activities,Self-employed domestic concept,Sweden,2016,489140,,
ESTAT:NAMA_10_A64_E$DEFAULTVIEW(1.0),13/05/26 23:00:00,Annual,Thousand hours worked,Total - all NACE activities,Self-employed domestic concept,Sweden,2017,487270,,
ESTAT:NAMA_10_A64_E$DEFAULTVIEW(1.0),13/05/26 23:00:00,Annual,Thousand hours worked,Total - all NACE activities,Self-employed domestic concept,Sweden,2018,481530,,
ESTAT:NAMA_10_A64_E$DEFAULTVIEW(1.0),13/05/26 23:00:00,Annual,Thousand hours worked,Total - all NACE activities,Self-employed domestic concept,Sweden,2019,475100,,
ESTAT:NAMA_10_A64_E$DEFAULTVIEW(1.0),13/05/26 23:00:00,Annual,Thousand hours worked,Total - all NACE activities,Self-employed domestic concept,Sweden,2020,456610,,
ESTAT:NAMA_10_A64_E$DEFAULTVIEW(1.0),13/05/26 23:00:00,Annual,Thousand hours worked,Total - all NACE activities,Self-employed domestic concept,Sweden,2021,425690,,
ESTAT:NAMA_10_A64_E$DEFAULTVIEW(1.0),13/05/26 23:00:00,Annual,Thousand hours worked,Total - all NACE activities,Self-employed domestic concept,Sweden,2022,421250,,
ESTAT:NAMA_10_A64_E$DEFAULTVIEW(1.0),13/05/26 23:00:00,Annual,Thousand hours worked,Total - all NACE activities,Self-employed domestic concept,Sweden,2023,410240,,
ESTAT:NAMA_10_A64_E$DEFAULTVIEW(1.0),13/05/26 23:00:00,Annual,Thousand hours worked,Total - all NACE activities,Self-employed domestic concept,Sweden,2024,393400,,
ESTAT:NAMA_10_A64_E$DEFAULTVIEW(1.0),13/05/26 23:00:00,Annual,Thousand hours worked,Total - all NACE activities,Self-employed domestic concept,Slovenia,2016,347800,,
ESTAT:NAMA_10_A64_E$DEFAULTVIEW(1.0),13/05/26 23:00:00,Annual,Thousand hours worked,Total - all NACE activities,Self-employed domestic concept,Slovenia,2017,344827,,
ESTAT:NAMA_10_A64_E$DEFAULTVIEW(1.0),13/05/26 23:00:00,Annual,Thousand hours worked,Total - all NACE activities,Self-employed domestic concept,Slovenia,2018,348289,,
ESTAT:NAMA_10_A64_E$DEFAULTVIEW(1.0),13/05/26 23:00:00,Annual,Thousand hours worked,Total - all NACE activities,Self-employed domestic concept,Slovenia,2019,353917,,
ESTAT:NAMA_10_A64_E$DEFAULTVIEW(1.0),13/05/26 23:00:00,Annual,Thousand hours worked,Total - all NACE activities,Self-employed domestic concept,Slovenia,2020,332746,,
ESTAT:NAMA_10_A64_E$DEFAULTVIEW(1.0),13/05/26 23:00:00,Annual,Thousand hours worked,Total - all NACE activities,Self-employed domestic concept,Slovenia,2021,346754,,
ESTAT:NAMA_10_A64_E$DEFAULTVIEW(1.0),13/05/26 23:00:00,Annual,Thousand hours worked,Total - all NACE activities,Self-employed domestic concept,Slovenia,2022,375740,,
ESTAT:NAMA_10_A64_E$DEFAULTVIEW(1.0),13/05/26 23:00:00,Annual,Thousand hours worked,Total - all NACE activities,Self-employed domestic concept,Slovenia,2023,371668,,
ESTAT:NAMA_10_A64_E$DEFAULTVIEW(1.0),13/05/26 23:00:00,Annual,Thousand hours worked,Total - all NACE activities,Self-employed domestic concept,Slovenia,2024,392316,,
ESTAT:NAMA_10_A64_E$DEFAULTVIEW(1.0),13/05/26 23:00:00,Annual,Thousand hours worked,Total - all NACE activities,Self-employed domestic concept,Slovakia,2016,726690,,
ESTAT:NAMA_10_A64_E$DEFAULTVIEW(1.0),13/05/26 23:00:00,Annual,Thousand hours worked,Total - all NACE activities,Self-employed domestic concept,Slovakia,2017,723523,,
ESTAT:NAMA_10_A64_E$DEFAULTVIEW(1.0),13/05/26 23:00:00,Annual,Thousand hours worked,Total - all NACE activities,Self-employed domestic concept,Slovakia,2018,723826,,
ESTAT:NAMA_10_A64_E$DEFAULTVIEW(1.0),13/05/26 23:00:00,Annual,Thousand hours worked,Total - all NACE activities,Self-employed domestic concept,Slovakia,2019,739815,,
ESTAT:NAMA_10_A64_E$DEFAULTVIEW(1.0),13/05/26 23:00:00,Annual,Thousand hours worked,Total - all NACE activities,Self-employed domestic concept,Slovakia,2020,656193,,
ESTAT:NAMA_10_A64_E$DEFAULTVIEW(1.0),13/05/26 23:00:00,Annual,Thousand hours worked,Total - all NACE activities,Self-employed domestic concept,Slovakia,2021,661061,,
ESTAT:NAMA_10_A64_E$DEFAULTVIEW(1.0),13/05/26 23:00:00,Annual,Thousand hours worked,Total - all NACE activities,Self-employed domestic concept,Slovakia,2022,699120,,
ESTAT:NAMA_10_A64_E$DEFAULTVIEW(1.0),13/05/26 23:00:00,Annual,Thousand hours worked,Total - all NACE activities,Self-employed domestic concept,Slovakia,2023,726118,,
ESTAT:NAMA_10_A64_E$DEFAULTVIEW(1.0),13/05/26 23:00:00,Annual,Thousand hours worked,Total - all NACE activities,Self-employed domestic concept,Slovakia,2024,732284,,
ESTAT:NAMA_10_A64_E$DEFAULTVIEW(1.0),13/05/26 23:00:00,Annual,Thousand hours worked,Total - all NACE activities,Self-employed domestic concept,United Kingdom,2016,8515483,,
ESTAT:NAMA_10_A64_E$DEFAULTVIEW(1.0),13/05/26 23:00:00,Annual,Thousand hours worked,Total - all NACE activities,Self-employed domestic concept,United Kingdom,2017,8511423,,
ESTAT:NAMA_10_A64_E$DEFAULTVIEW(1.0),13/05/26 23:00:00,Annual,Thousand hours worked,Total - all NACE activities,Self-employed domestic concept,United Kingdom,2018,8355478,,
ESTAT:NAMA_10_A64_E$DEFAULTVIEW(1.0),13/05/26 23:00:00,Annual,Thousand hours worked,Total - all NACE activities,Self-employed domestic concept,United Kingdom,2019,8677276,,
ESTAT:NAMA_10_A64_E$DEFAULTVIEW(1.0),13/05/26 23:00:00,Annual,Thousand hours worked,Total - all NACE activities,Self-employed domestic concept,Kosovo*,2017,,,C
ESTAT:NAMA_10_A64_E$DEFAULTVIEW(1.0),13/05/26 23:00:00,Annual,Thousand hours worked,Total - all NACE activities,Self-employed domestic concept,Kosovo*,2018,,,C
ESTAT:NAMA_10_A64_E$DEFAULTVIEW(1.0),13/05/26 23:00:00,Annual,Thousand hours worked,Total - all NACE activities,Self-employed domestic concept,Kosovo*,2019,,,C
ESTAT:NAMA_10_A64_E$DEFAULTVIEW(1.0),13/05/26 23:00:00,Annual,Thousand persons,Total - all NACE activities,Total employment domestic concept,Austria,2016,4348.16,,
ESTAT:NAMA_10_A64_E$DEFAULTVIEW(1.0),13/05/26 23:00:00,Annual,Thousand persons,Total - all NACE activities,Total employment domestic concept,Austria,2017,4420.12,,
ESTAT:NAMA_10_A64_E$DEFAULTVIEW(1.0),13/05/26 23:00:00,Annual,Thousand persons,Total - all NACE activities,Total employment domestic concept,Austria,2018,4498.65,,
ESTAT:NAMA_10_A64_E$DEFAULTVIEW(1.0),13/05/26 23:00:00,Annual,Thousand persons,Total - all NACE activities,Total employment domestic concept,Austria,2019,4549.87,,
ESTAT:NAMA_10_A64_E$DEFAULTVIEW(1.0),13/05/26 23:00:00,Annual,Thousand persons,Total - all NACE activities,Total employment domestic concept,Austria,2020,4475.28,,
ESTAT:NAMA_10_A64_E$DEFAULTVIEW(1.0),13/05/26 23:00:00,Annual,Thousand persons,Total - all NACE activities,Total employment domestic concept,Austria,2021,4565.57,,
ESTAT:NAMA_10_A64_E$DEFAULTVIEW(1.0),13/05/26 23:00:00,Annual,Thousand persons,Total - all NACE activities,Total employment domestic concept,Austria,2022,4690.42,,
ESTAT:NAMA_10_A64_E$DEFAULTVIEW(1.0),13/05/26 23:00:00,Annual,Thousand persons,Total - all NACE activities,Total employment domestic concept,Austria,2023,4728.23,,
ESTAT:NAMA_10_A64_E$DEFAULTVIEW(1.0),13/05/26 23:00:00,Annual,Thousand persons,Total - all NACE activities,Total employment domestic concept,Austria,2024,4731.97,,
ESTAT:NAMA_10_A64_E$DEFAULTVIEW(1.0),13/05/26 23:00:00,Annual,Thousand persons,Total - all NACE activities,Total employment domestic concept,Belgium,2016,4665.30,,
ESTAT:NAMA_10_A64_E$DEFAULTVIEW(1.0),13/05/26 23:00:00,Annual,Thousand persons,Total - all NACE activities,Total employment domestic concept,Belgium,2017,4734.90,,
ESTAT:NAMA_10_A64_E$DEFAULTVIEW(1.0),13/05/26 23:00:00,Annual,Thousand persons,Total - all NACE activities,Total employment domestic concept,Belgium,2018,4804.50,,
ESTAT:NAMA_10_A64_E$DEFAULTVIEW(1.0),13/05/26 23:00:00,Annual,Thousand persons,Total - all NACE activities,Total employment domestic concept,Belgium,2019,4880.40,,
ESTAT:NAMA_10_A64_E$DEFAULTVIEW(1.0),13/05/26 23:00:00,Annual,Thousand persons,Total - all NACE activities,Total employment domestic concept,Belgium,2020,4875.10,,
ESTAT:NAMA_10_A64_E$DEFAULTVIEW(1.0),13/05/26 23:00:00,Annual,Thousand persons,Total - all NACE activities,Total employment domestic concept,Belgium,2021,4957.40,,
ESTAT:NAMA_10_A64_E$DEFAULTVIEW(1.0),13/05/26 23:00:00,Annual,Thousand persons,Total - all NACE activities,Total employment domestic concept,Belgium,2022,5052.90,,
ESTAT:NAMA_10_A64_E$DEFAULTVIEW(1.0),13/05/26 23:00:00,Annual,Thousand persons,Total - all NACE activities,Total employment domestic concept,Belgium,2023,5091.00,,
ESTAT:NAMA_10_A64_E$DEFAULTVIEW(1.0),13/05/26 23:00:00,Annual,Thousand persons,Total - all NACE activities,Total employment domestic concept,Belgium,2024,5103.90,p,
ESTAT:NAMA_10_A64_E$DEFAULTVIEW(1.0),13/05/26 23:00:00,Annual,Thousand persons,Total - all NACE activities,Total employment domestic concept,Bulgaria,2016,3463.35,,
ESTAT:NAMA_10_A64_E$DEFAULTVIEW(1.0),13/05/26 23:00:00,Annual,Thousand persons,Total - all NACE activities,Total employment domestic concept,Bulgaria,2017,3525.35,,
ESTAT:NAMA_10_A64_E$DEFAULTVIEW(1.0),13/05/26 23:00:00,Annual,Thousand persons,Total - all NACE activities,Total employment domestic concept,Bulgaria,2018,3521.64,,
ESTAT:NAMA_10_A64_E$DEFAULTVIEW(1.0),13/05/26 23:00:00,Annual,Thousand persons,Total - all NACE activities,Total employment domestic concept,Bulgaria,2019,3467.68,,
ESTAT:NAMA_10_A64_E$DEFAULTVIEW(1.0),13/05/26 23:00:00,Annual,Thousand persons,Total - all NACE activities,Total employment domestic concept,Bulgaria,2020,3406.13,,
ESTAT:NAMA_10_A64_E$DEFAULTVIEW(1.0),13/05/26 23:00:00,Annual,Thousand persons,Total - all NACE activities,Total employment domestic concept,Bulgaria,2021,3408.42,,
ESTAT:NAMA_10_A64_E$DEFAULTVIEW(1.0),13/05/26 23:00:00,Annual,Thousand persons,Total - all NACE activities,Total employment domestic concept,Bulgaria,2022,3444.40,,
ESTAT:NAMA_10_A64_E$DEFAULTVIEW(1.0),13/05/26 23:00:00,Annual,Thousand persons,Total - all NACE activities,Total employment domestic concept,Bulgaria,2023,3481.41,,
ESTAT:NAMA_10_A64_E$DEFAULTVIEW(1.0),13/05/26 23:00:00,Annual,Thousand persons,Total - all NACE activities,Total employment domestic concept,Bulgaria,2024,3518.68,,
ESTAT:NAMA_10_A64_E$DEFAULTVIEW(1.0),13/05/26 23:00:00,Annual,Thousand persons,Total - all NACE activities,Total employment domestic concept,Switzerland,2016,4967.27,,
ESTAT:NAMA_10_A64_E$DEFAULTVIEW(1.0),13/05/26 23:00:00,Annual,Thousand persons,Total - all NACE activities,Total employment domestic concept,Switzerland,2017,5012.55,,
ESTAT:NAMA_10_A64_E$DEFAULTVIEW(1.0),13/05/26 23:00:00,Annual,Thousand persons,Total - all NACE activities,Total employment domestic concept,Switzerland,2018,5064.55,,
ESTAT:NAMA_10_A64_E$DEFAULTVIEW(1.0),13/05/26 23:00:00,Annual,Thousand persons,Total - all NACE activities,Total employment domestic concept,Switzerland,2019,5101.73,,
ESTAT:NAMA_10_A64_E$DEFAULTVIEW(1.0),13/05/26 23:00:00,Annual,Thousand persons,Total - all NACE activities,Total employment domestic concept,Switzerland,2020,5076.21,,
ESTAT:NAMA_10_A64_E$DEFAULTVIEW(1.0),13/05/26 23:00:00,Annual,Thousand persons,Total - all NACE activities,Total employment domestic concept,Switzerland,2021,5108.49,,
ESTAT:NAMA_10_A64_E$DEFAULTVIEW(1.0),13/05/26 23:00:00,Annual,Thousand persons,Total - all NACE activities,Total employment domestic concept,Switzerland,2022,5185.38,,
ESTAT:NAMA_10_A64_E$DEFAULTVIEW(1.0),13/05/26 23:00:00,Annual,Thousand persons,Total - all NACE activities,Total employment domestic concept,Switzerland,2023,5303.81,,
ESTAT:NAMA_10_A64_E$DEFAULTVIEW(1.0),13/05/26 23:00:00,Annual,Thousand persons,Total - all NACE activities,Total employment domestic concept,Switzerland,2024,5342.14,,
ESTAT:NAMA_10_A64_E$DEFAULTVIEW(1.0),13/05/26 23:00:00,Annual,Thousand persons,Total - all NACE activities,Total employment domestic concept,Switzerland,2025,5365.13,,
ESTAT:NAMA_10_A64_E$DEFAULTVIEW(1.0),13/05/26 23:00:00,Annual,Thousand persons,Total - all NACE activities,Total employment domestic concept,Cyprus,2016,386.31,,
ESTAT:NAMA_10_A64_E$DEFAULTVIEW(1.0),13/05/26 23:00:00,Annual,Thousand persons,Total - all NACE activities,Total employment domestic concept,Cyprus,2017,407.14,,
ESTAT:NAMA_10_A64_E$DEFAULTVIEW(1.0),13/05/26 23:00:00,Annual,Thousand persons,Total - all NACE activities,Total employment domestic concept,Cyprus,2018,431.45,,
ESTAT:NAMA_10_A64_E$DEFAULTVIEW(1.0),13/05/26 23:00:00,Annual,Thousand persons,Total - all NACE activities,Total employment domestic concept,Cyprus,2019,452.13,,
ESTAT:NAMA_10_A64_E$DEFAULTVIEW(1.0),13/05/26 23:00:00,Annual,Thousand persons,Total - all NACE activities,Total employment domestic concept,Cyprus,2020,450.44,,
ESTAT:NAMA_10_A64_E$DEFAULTVIEW(1.0),13/05/26 23:00:00,Annual,Thousand persons,Total - all NACE activities,Total employment domestic concept,Cyprus,2021,463.73,,
ESTAT:NAMA_10_A64_E$DEFAULTVIEW(1.0),13/05/26 23:00:00,Annual,Thousand persons,Total - all NACE activities,Total employment domestic concept,Cyprus,2022,482.52,,
ESTAT:NAMA_10_A64_E$DEFAULTVIEW(1.0),13/05/26 23:00:00,Annual,Thousand persons,Total - all NACE activities,Total employment domestic concept,Cyprus,2023,496.55,,
ESTAT:NAMA_10_A64_E$DEFAULTVIEW(1.0),13/05/26 23:00:00,Annual,Thousand persons,Total - all NACE activities,Total employment domestic concept,Cyprus,2024,506.70,,
ESTAT:NAMA_10_A64_E$DEFAULTVIEW(1.0),13/05/26 23:00:00,Annual,Thousand persons,Total - all NACE activities,Total employment domestic concept,Czechia,2016,5228.53,,
ESTAT:NAMA_10_A64_E$DEFAULTVIEW(1.0),13/05/26 23:00:00,Annual,Thousand persons,Total - all NACE activities,Total employment domestic concept,Czechia,2017,5298.12,,
ESTAT:NAMA_10_A64_E$DEFAULTVIEW(1.0),13/05/26 23:00:00,Annual,Thousand persons,Total - all NACE activities,Total employment domestic concept,Czechia,2018,5359.13,,
ESTAT:NAMA_10_A64_E$DEFAULTVIEW(1.0),13/05/26 23:00:00,Annual,Thousand persons,Total - all NACE activities,Total employment domestic concept,Czechia,2019,5351.37,,
ESTAT:NAMA_10_A64_E$DEFAULTVIEW(1.0),13/05/26 23:00:00,Annual,Thousand persons,Total - all NACE activities,Total employment domestic concept,Czechia,2020,5227.23,,
ESTAT:NAMA_10_A64_E$DEFAULTVIEW(1.0),13/05/26 23:00:00,Annual,Thousand persons,Total - all NACE activities,Total employment domestic concept,Czechia,2021,5279.24,,
ESTAT:NAMA_10_A64_E$DEFAULTVIEW(1.0),13/05/26 23:00:00,Annual,Thousand persons,Total - all NACE activities,Total employment domestic concept,Czechia,2022,5333.08,,
ESTAT:NAMA_10_A64_E$DEFAULTVIEW(1.0),13/05/26 23:00:00,Annual,Thousand persons,Total - all NACE activities,Total employment domestic concept,Czechia,2023,5418.49,,
ESTAT:NAMA_10_A64_E$DEFAULTVIEW(1.0),13/05/26 23:00:00,Annual,Thousand persons,Total - all NACE activities,Total employment domestic concept,Czechia,2024,5450.85,,
ESTAT:NAMA_10_A64_E$DEFAULTVIEW(1.0),13/05/26 23:00:00,Annual,Thousand persons,Total - all NACE activities,Total employment domestic concept,Germany,2016,43686.00,,
ESTAT:NAMA_10_A64_E$DEFAULTVIEW(1.0),13/05/26 23:00:00,Annual,Thousand persons,Total - all NACE activities,Total employment domestic concept,Germany,2017,44290.00,,
ESTAT:NAMA_10_A64_E$DEFAULTVIEW(1.0),13/05/26 23:00:00,Annual,Thousand persons,Total - all NACE activities,Total employment domestic concept,Germany,2018,44878.00,,
ESTAT:NAMA_10_A64_E$DEFAULTVIEW(1.0),13/05/26 23:00:00,Annual,Thousand persons,Total - all NACE activities,Total employment domestic concept,Germany,2019,45291.00,,
ESTAT:NAMA_10_A64_E$DEFAULTVIEW(1.0),13/05/26 23:00:00,Annual,Thousand persons,Total - all NACE activities,Total employment domestic concept,Germany,2020,44966.00,,
ESTAT:NAMA_10_A64_E$DEFAULTVIEW(1.0),13/05/26 23:00:00,Annual,Thousand persons,Total - all NACE activities,Total employment domestic concept,Germany,2021,45041.00,,
ESTAT:NAMA_10_A64_E$DEFAULTVIEW(1.0),13/05/26 23:00:00,Annual,Thousand persons,Total - all NACE activities,Total employment domestic concept,Germany,2022,45629.00,p,
ESTAT:NAMA_10_A64_E$DEFAULTVIEW(1.0),13/05/26 23:00:00,Annual,Thousand persons,Total - all NACE activities,Total employment domestic concept,Germany,2023,45935.00,p,
ESTAT:NAMA_10_A64_E$DEFAULTVIEW(1.0),13/05/26 23:00:00,Annual,Thousand persons,Total - all NACE activities,Total employment domestic concept,Germany,2024,45987.00,p,
ESTAT:NAMA_10_A64_E$DEFAULTVIEW(1.0),13/05/26 23:00:00,Annual,Thousand persons,Total - all NACE activities,Total employment domestic concept,Denmark,2016,2873.41,,
ESTAT:NAMA_10_A64_E$DEFAULTVIEW(1.0),13/05/26 23:00:00,Annual,Thousand persons,Total - all NACE activities,Total employment domestic concept,Denmark,2017,2916.64,,
ESTAT:NAMA_10_A64_E$DEFAULTVIEW(1.0),13/05/26 23:00:00,Annual,Thousand persons,Total - all NACE activities,Total employment domestic concept,Denmark,2018,2961.81,,
ESTAT:NAMA_10_A64_E$DEFAULTVIEW(1.0),13/05/26 23:00:00,Annual,Thousand persons,Total - all NACE activities,Total employment domestic concept,Denmark,2019,3004.19,,
ESTAT:NAMA_10_A64_E$DEFAULTVIEW(1.0),13/05/26 23:00:00,Annual,Thousand persons,Total - all NACE activities,Total employment domestic concept,Denmark,2020,2970.85,,
ESTAT:NAMA_10_A64_E$DEFAULTVIEW(1.0),13/05/26 23:00:00,Annual,Thousand persons,Total - all NACE activities,Total employment domestic concept,Denmark,2021,3038.18,,
ESTAT:NAMA_10_A64_E$DEFAULTVIEW(1.0),13/05/26 23:00:00,Annual,Thousand persons,Total - all NACE activities,Total employment domestic concept,Denmark,2022,3161.16,,
ESTAT:NAMA_10_A64_E$DEFAULTVIEW(1.0),13/05/26 23:00:00,Annual,Thousand persons,Total - all NACE activities,Total employment domestic concept,Denmark,2023,3195.97,,
ESTAT:NAMA_10_A64_E$DEFAULTVIEW(1.0),13/05/26 23:00:00,Annual,Thousand persons,Total - all NACE activities,Total employment domestic concept,Denmark,2024,3217.36,,
ESTAT:NAMA_10_A64_E$DEFAULTVIEW(1.0),13/05/26 23:00:00,Annual,Thousand persons,Total - all NACE activities,Total employment domestic concept,Euro area - 12 countries (2001-2006),2016,147212.92,,
ESTAT:NAMA_10_A64_E$DEFAULTVIEW(1.0),13/05/26 23:00:00,Annual,Thousand persons,Total - all NACE activities,Total employment domestic concept,Euro area - 12 countries (2001-2006),2017,149510.43,,
ESTAT:NAMA_10_A64_E$DEFAULTVIEW(1.0),13/05/26 23:00:00,Annual,Thousand persons,Total - all NACE activities,Total employment domestic concept,Euro area - 12 countries (2001-2006),2018,151921.30,,
ESTAT:NAMA_10_A64_E$DEFAULTVIEW(1.0),13/05/26 23:00:00,Annual,Thousand persons,Total - all NACE activities,Total employment domestic concept,Euro area - 12 countries (2001-2006),2019,153958.33,,
ESTAT:NAMA_10_A64_E$DEFAULTVIEW(1.0),13/05/26 23:00:00,Annual,Thousand persons,Total - all NACE activities,Total employment domestic concept,Euro area - 12 countries (2001-2006),2020,151736.45,,
ESTAT:NAMA_10_A64_E$DEFAULTVIEW(1.0),13/05/26 23:00:00,Annual,Thousand persons,Total - all NACE activities,Total employment domestic concept,Euro area - 12 countries (2001-2006),2021,154171.62,,
ESTAT:NAMA_10_A64_E$DEFAULTVIEW(1.0),13/05/26 23:00:00,Annual,Thousand persons,Total - all NACE activities,Total employment domestic concept,Euro area - 12 countries (2001-2006),2022,157828.28,,
ESTAT:NAMA_10_A64_E$DEFAULTVIEW(1.0),13/05/26 23:00:00,Annual,Thousand persons,Total - all NACE activities,Total employment domestic concept,Euro area - 12 countries (2001-2006),2023,160237.72,,
ESTAT:NAMA_10_A64_E$DEFAULTVIEW(1.0),13/05/26 23:00:00,Annual,Thousand persons,Total - all NACE activities,Total employment domestic concept,Euro area - 12 countries (2001-2006),2024,161691.16,,
ESTAT:NAMA_10_A64_E$DEFAULTVIEW(1.0),13/05/26 23:00:00,Annual,Thousand persons,Total - all NACE activities,Total employment domestic concept,Euro area - 19 countries  (2015-2022),2016,153985.78,,
ESTAT:NAMA_10_A64_E$DEFAULTVIEW(1.0),13/05/26 23:00:00,Annual,Thousand persons,Total - all NACE activities,Total employment domestic concept,Euro area - 19 countries  (2015-2022),2017,156400.36,,
ESTAT:NAMA_10_A64_E$DEFAULTVIEW(1.0),13/05/26 23:00:00,Annual,Thousand persons,Total - all NACE activities,Total employment domestic concept,Euro area - 19 countries  (2015-2022),2018,158972.79,,
ESTAT:NAMA_10_A64_E$DEFAULTVIEW(1.0),13/05/26 23:00:00,Annual,Thousand persons,Total - all NACE activities,Total employment domestic concept,Euro area - 19 countries  (2015-2022),2019,161129.42,,
ESTAT:NAMA_10_A64_E$DEFAULTVIEW(1.0),13/05/26 23:00:00,Annual,Thousand persons,Total - all NACE activities,Total employment domestic concept,Euro area - 19 countries  (2015-2022),2020,158815.31,,
ESTAT:NAMA_10_A64_E$DEFAULTVIEW(1.0),13/05/26 23:00:00,Annual,Thousand persons,Total - all NACE activities,Total employment domestic concept,Euro area - 19 countries  (2015-2022),2021,161278.31,,
ESTAT:NAMA_10_A64_E$DEFAULTVIEW(1.0),13/05/26 23:00:00,Annual,Thousand persons,Total - all NACE activities,Total employment domestic concept,Euro area - 19 countries  (2015-2022),2022,165140.50,,
ESTAT:NAMA_10_A64_E$DEFAULTVIEW(1.0),13/05/26 23:00:00,Annual,Thousand persons,Total - all NACE activities,Total employment domestic concept,Euro area - 19 countries  (2015-2022),2023,167664.97,,
ESTAT:NAMA_10_A64_E$DEFAULTVIEW(1.0),13/05/26 23:00:00,Annual,Thousand persons,Total - all NACE activities,Total employment domestic concept,Euro area - 19 countries  (2015-2022),2024,169155.52,,
ESTAT:NAMA_10_A64_E$DEFAULTVIEW(1.0),13/05/26 23:00:00,Annual,Thousand persons,Total - all NACE activities,Total employment domestic concept,Euro area – 20 countries (2023-2025),2016,155536.68,,
ESTAT:NAMA_10_A64_E$DEFAULTVIEW(1.0),13/05/26 23:00:00,Annual,Thousand persons,Total - all NACE activities,Total employment domestic concept,Euro area – 20 countries (2023-2025),2017,157969.89,,
ESTAT:NAMA_10_A64_E$DEFAULTVIEW(1.0),13/05/26 23:00:00,Annual,Thousand persons,Total - all NACE activities,Total employment domestic concept,Euro area – 20 countries (2023-2025),2018,160554.46,,
ESTAT:NAMA_10_A64_E$DEFAULTVIEW(1.0),13/05/26 23:00:00,Annual,Thousand persons,Total - all NACE activities,Total employment domestic concept,Euro area – 20 countries (2023-2025),2019,162739.41,,
ESTAT:NAMA_10_A64_E$DEFAULTVIEW(1.0),13/05/26 23:00:00,Annual,Thousand persons,Total - all NACE activities,Total employment domestic concept,Euro area – 20 countries (2023-2025),2020,160403.07,,
ESTAT:NAMA_10_A64_E$DEFAULTVIEW(1.0),13/05/26 23:00:00,Annual,Thousand persons,Total - all NACE activities,Total employment domestic concept,Euro area – 20 countries (2023-2025),2021,162890.89,,
ESTAT:NAMA_10_A64_E$DEFAULTVIEW(1.0),13/05/26 23:00:00,Annual,Thousand persons,Total - all NACE activities,Total employment domestic concept,Euro area – 20 countries (2023-2025),2022,166783.03,,
ESTAT:NAMA_10_A64_E$DEFAULTVIEW(1.0),13/05/26 23:00:00,Annual,Thousand persons,Total - all NACE activities,Total employment domestic concept,Euro area – 20 countries (2023-2025),2023,169335.59,,
ESTAT:NAMA_10_A64_E$DEFAULTVIEW(1.0),13/05/26 23:00:00,Annual,Thousand persons,Total - all NACE activities,Total employment domestic concept,Euro area – 20 countries (2023-2025),2024,170919.36,,
ESTAT:NAMA_10_A64_E$DEFAULTVIEW(1.0),13/05/26 23:00:00,Annual,Thousand persons,Total - all NACE activities,Total employment domestic concept,Euro area – 21 countries (from 2026),2016,159000.03,,
ESTAT:NAMA_10_A64_E$DEFAULTVIEW(1.0),13/05/26 23:00:00,Annual,Thousand persons,Total - all NACE activities,Total employment domestic concept,Euro area – 21 countries (from 2026),2017,161495.24,,
ESTAT:NAMA_10_A64_E$DEFAULTVIEW(1.0),13/05/26 23:00:00,Annual,Thousand persons,Total - all NACE activities,Total employment domestic concept,Euro area – 21 countries (from 2026),2018,164076.10,,
ESTAT:NAMA_10_A64_E$DEFAULTVIEW(1.0),13/05/26 23:00:00,Annual,Thousand persons,Total - all NACE activities,Total employment domestic concept,Euro area – 21 countries (from 2026),2019,166207.08,,
ESTAT:NAMA_10_A64_E$DEFAULTVIEW(1.0),13/05/26 23:00:00,Annual,Thousand persons,Total - all NACE activities,Total employment domestic concept,Euro area – 21 countries (from 2026),2020,163809.20,,
ESTAT:NAMA_10_A64_E$DEFAULTVIEW(1.0),13/05/26 23:00:00,Annual,Thousand persons,Total - all NACE activities,Total employment domestic concept,Euro area – 21 countries (from 2026),2021,166299.31,,
ESTAT:NAMA_10_A64_E$DEFAULTVIEW(1.0),13/05/26 23:00:00,Annual,Thousand persons,Total - all NACE activities,Total employment domestic concept,Euro area – 21 countries (from 2026),2022,170227.43,,
ESTAT:NAMA_10_A64_E$DEFAULTVIEW(1.0),13/05/26 23:00:00,Annual,Thousand persons,Total - all NACE activities,Total employment domestic concept,Euro area – 21 countries (from 2026),2023,172817.01,,
ESTAT:NAMA_10_A64_E$DEFAULTVIEW(1.0),13/05/26 23:00:00,Annual,Thousand persons,Total - all NACE activities,Total employment domestic concept,Euro area – 21 countries (from 2026),2024,174438.04,,
ESTAT:NAMA_10_A64_E$DEFAULTVIEW(1.0),13/05/26 23:00:00,Annual,Thousand persons,Total - all NACE activities,Total employment domestic concept,Estonia,2016,629.63,,
ESTAT:NAMA_10_A64_E$DEFAULTVIEW(1.0),13/05/26 23:00:00,Annual,Thousand persons,Total - all NACE activities,Total employment domestic concept,Estonia,2017,638.50,,
ESTAT:NAMA_10_A64_E$DEFAULTVIEW(1.0),13/05/26 23:00:00,Annual,Thousand persons,Total - all NACE activities,Total employment domestic concept,Estonia,2018,649.51,,
ESTAT:NAMA_10_A64_E$DEFAULTVIEW(1.0),13/05/26 23:00:00,Annual,Thousand persons,Total - all NACE activities,Total employment domestic concept,Estonia,2019,646.96,,
ESTAT:NAMA_10_A64_E$DEFAULTVIEW(1.0),13/05/26 23:00:00,Annual,Thousand persons,Total - all NACE activities,Total employment domestic concept,Estonia,2020,644.09,,
ESTAT:NAMA_10_A64_E$DEFAULTVIEW(1.0),13/05/26 23:00:00,Annual,Thousand persons,Total - all NACE activities,Total employment domestic concept,Estonia,2021,648.23,,
ESTAT:NAMA_10_A64_E$DEFAULTVIEW(1.0),13/05/26 23:00:00,Annual,Thousand persons,Total - all NACE activities,Total employment domestic concept,Estonia,2022,665.45,,
ESTAT:NAMA_10_A64_E$DEFAULTVIEW(1.0),13/05/26 23:00:00,Annual,Thousand persons,Total - all NACE activities,Total employment domestic concept,Estonia,2023,682.82,,
ESTAT:NAMA_10_A64_E$DEFAULTVIEW(1.0),13/05/26 23:00:00,Annual,Thousand persons,Total - all NACE activities,Total employment domestic concept,Estonia,2024,688.28,,
ESTAT:NAMA_10_A64_E$DEFAULTVIEW(1.0),13/05/26 23:00:00,Annual,Thousand persons,Total - all NACE activities,Total employment domestic concept,Greece,2016,4469.50,,
ESTAT:NAMA_10_A64_E$DEFAULTVIEW(1.0),13/05/26 23:00:00,Annual,Thousand persons,Total - all NACE activities,Total employment domestic concept,Greece,2017,4446.63,,
ESTAT:NAMA_10_A64_E$DEFAULTVIEW(1.0),13/05/26 23:00:00,Annual,Thousand persons,Total - all NACE activities,Total employment domestic concept,Greece,2018,4650.30,,
ESTAT:NAMA_10_A64_E$DEFAULTVIEW(1.0),13/05/26 23:00:00,Annual,Thousand persons,Total - all NACE activities,Total employment domestic concept,Greece,2019,4752.00,,
ESTAT:NAMA_10_A64_E$DEFAULTVIEW(1.0),13/05/26 23:00:00,Annual,Thousand persons,Total - all NACE activities,Total employment domestic concept,Greece,2020,4629.80,,
ESTAT:NAMA_10_A64_E$DEFAULTVIEW(1.0),13/05/26 23:00:00,Annual,Thousand persons,Total - all NACE activities,Total employment domestic concept,Greece,2021,4865.60,,
ESTAT:NAMA_10_A64_E$DEFAULTVIEW(1.0),13/05/26 23:00:00,Annual,Thousand persons,Total - all NACE activities,Total employment domestic concept,Greece,2022,5037.40,,
ESTAT:NAMA_10_A64_E$DEFAULTVIEW(1.0),13/05/26 23:00:00,Annual,Thousand persons,Total - all NACE activities,Total employment domestic concept,Greece,2023,5135.80,p,
ESTAT:NAMA_10_A64_E$DEFAULTVIEW(1.0),13/05/26 23:00:00,Annual,Thousand persons,Total - all NACE activities,Total employment domestic concept,Greece,2024,5183.50,p,
ESTAT:NAMA_10_A64_E$DEFAULTVIEW(1.0),13/05/26 23:00:00,Annual,Thousand persons,Total - all NACE activities,Total employment domestic concept,Spain,2016,19012.70,,
ESTAT:NAMA_10_A64_E$DEFAULTVIEW(1.0),13/05/26 23:00:00,Annual,Thousand persons,Total - all NACE activities,Total employment domestic concept,Spain,2017,19512.30,,
ESTAT:NAMA_10_A64_E$DEFAULTVIEW(1.0),13/05/26 23:00:00,Annual,Thousand persons,Total - all NACE activities,Total employment domestic concept,Spain,2018,19938.40,,
ESTAT:NAMA_10_A64_E$DEFAULTVIEW(1.0),13/05/26 23:00:00,Annual,Thousand persons,Total - all NACE activities,Total employment domestic concept,Spain,2019,20467.10,,
ESTAT:NAMA_10_A64_E$DEFAULTVIEW(1.0),13/05/26 23:00:00,Annual,Thousand persons,Total - all NACE activities,Total employment domestic concept,Spain,2020,19567.00,,
ESTAT:NAMA_10_A64_E$DEFAULTVIEW(1.0),13/05/26 23:00:00,Annual,Thousand persons,Total - all NACE activities,Total employment domestic concept,Spain,2021,20072.50,,
ESTAT:NAMA_10_A64_E$DEFAULTVIEW(1.0),13/05/26 23:00:00,Annual,Thousand persons,Total - all NACE activities,Total employment domestic concept,Spain,2022,20827.70,,
ESTAT:NAMA_10_A64_E$DEFAULTVIEW(1.0),13/05/26 23:00:00,Annual,Thousand persons,Total - all NACE activities,Total employment domestic concept,Spain,2023,21507.00,p,
ESTAT:NAMA_10_A64_E$DEFAULTVIEW(1.0),13/05/26 23:00:00,Annual,Thousand persons,Total - all NACE activities,Total employment domestic concept,Spain,2024,22001.40,p,
ESTAT:NAMA_10_A64_E$DEFAULTVIEW(1.0),13/05/26 23:00:00,Annual,Thousand persons,Total - all NACE activities,Total employment domestic concept,European Union - 27 countries (from 2020),2016,201047.96,,
ESTAT:NAMA_10_A64_E$DEFAULTVIEW(1.0),13/05/26 23:00:00,Annual,Thousand persons,Total - all NACE activities,Total employment domestic concept,European Union - 27 countries (from 2020),2017,204275.43,,
ESTAT:NAMA_10_A64_E$DEFAULTVIEW(1.0),13/05/26 23:00:00,Annual,Thousand persons,Total - all NACE activities,Total employment domestic concept,European Union - 27 countries (from 2020),2018,207233.51,,
ESTAT:NAMA_10_A64_E$DEFAULTVIEW(1.0),13/05/26 23:00:00,Annual,Thousand persons,Total - all NACE activities,Total employment domestic concept,European Union - 27 countries (from 2020),2019,209893.54,,
ESTAT:NAMA_10_A64_E$DEFAULTVIEW(1.0),13/05/26 23:00:00,Annual,Thousand persons,Total - all NACE activities,Total employment domestic concept,European Union - 27 countries (from 2020),2020,207032.50,,
ESTAT:NAMA_10_A64_E$DEFAULTVIEW(1.0),13/05/26 23:00:00,Annual,Thousand persons,Total - all NACE activities,Total employment domestic concept,European Union - 27 countries (from 2020),2021,210367.52,,
ESTAT:NAMA_10_A64_E$DEFAULTVIEW(1.0),13/05/26 23:00:00,Annual,Thousand persons,Total - all NACE activities,Total employment domestic concept,European Union - 27 countries (from 2020),2022,214989.23,,
ESTAT:NAMA_10_A64_E$DEFAULTVIEW(1.0),13/05/26 23:00:00,Annual,Thousand persons,Total - all NACE activities,Total employment domestic concept,European Union - 27 countries (from 2020),2023,217709.09,,
ESTAT:NAMA_10_A64_E$DEFAULTVIEW(1.0),13/05/26 23:00:00,Annual,Thousand persons,Total - all NACE activities,Total employment domestic concept,European Union - 27 countries (from 2020),2024,219375.81,,
ESTAT:NAMA_10_A64_E$DEFAULTVIEW(1.0),13/05/26 23:00:00,Annual,Thousand persons,Total - all NACE activities,Total employment domestic concept,Finland,2016,2532.00,,
ESTAT:NAMA_10_A64_E$DEFAULTVIEW(1.0),13/05/26 23:00:00,Annual,Thousand persons,Total - all NACE activities,Total employment domestic concept,Finland,2017,2547.30,,
ESTAT:NAMA_10_A64_E$DEFAULTVIEW(1.0),13/05/26 23:00:00,Annual,Thousand persons,Total - all NACE activities,Total employment domestic concept,Finland,2018,2613.60,,
ESTAT:NAMA_10_A64_E$DEFAULTVIEW(1.0),13/05/26 23:00:00,Annual,Thousand persons,Total - all NACE activities,Total employment domestic concept,Finland,2019,2652.10,,
ESTAT:NAMA_10_A64_E$DEFAULTVIEW(1.0),13/05/26 23:00:00,Annual,Thousand persons,Total - all NACE activities,Total employment domestic concept,Finland,2020,2590.00,,
ESTAT:NAMA_10_A64_E$DEFAULTVIEW(1.0),13/05/26 23:00:00,Annual,Thousand persons,Total - all NACE activities,Total employment domestic concept,Finland,2021,2649.70,,
ESTAT:NAMA_10_A64_E$DEFAULTVIEW(1.0),13/05/26 23:00:00,Annual,Thousand persons,Total - all NACE activities,Total employment domestic concept,Finland,2022,2742.80,,
ESTAT:NAMA_10_A64_E$DEFAULTVIEW(1.0),13/05/26 23:00:00,Annual,Thousand persons,Total - all NACE activities,Total employment domestic concept,Finland,2023,2770.00,,
ESTAT:NAMA_10_A64_E$DEFAULTVIEW(1.0),13/05/26 23:00:00,Annual,Thousand persons,Total - all NACE activities,Total employment domestic concept,Finland,2024,2739.60,,
ESTAT:NAMA_10_A64_E$DEFAULTVIEW(1.0),13/05/26 23:00:00,Annual,Thousand persons,Total - all NACE activities,Total employment domestic concept,France,2016,27719.70,,
ESTAT:NAMA_10_A64_E$DEFAULTVIEW(1.0),13/05/26 23:00:00,Annual,Thousand persons,Total - all NACE activities,Total employment domestic concept,France,2017,28046.80,,
ESTAT:NAMA_10_A64_E$DEFAULTVIEW(1.0),13/05/26 23:00:00,Annual,Thousand persons,Total - all NACE activities,Total employment domestic concept,France,2018,28327.80,,
ESTAT:NAMA_10_A64_E$DEFAULTVIEW(1.0),13/05/26 23:00:00,Annual,Thousand persons,Total - all NACE activities,Total employment domestic concept,France,2019,28662.00,,
ESTAT:NAMA_10_A64_E$DEFAULTVIEW(1.0),13/05/26 23:00:00,Annual,Thousand persons,Total - all NACE activities,Total employment domestic concept,France,2020,28645.30,,
ESTAT:NAMA_10_A64_E$DEFAULTVIEW(1.0),13/05/26 23:00:00,Annual,Thousand persons,Total - all NACE activities,Total employment domestic concept,France,2021,29395.20,,
ESTAT:NAMA_10_A64_E$DEFAULTVIEW(1.0),13/05/26 23:00:00,Annual,Thousand persons,Total - all NACE activities,Total employment domestic concept,France,2022,30063.90,,
ESTAT:NAMA_10_A64_E$DEFAULTVIEW(1.0),13/05/26 23:00:00,Annual,Thousand persons,Total - all NACE activities,Total employment domestic concept,France,2023,30394.80,p,
ESTAT:NAMA_10_A64_E$DEFAULTVIEW(1.0),13/05/26 23:00:00,Annual,Thousand persons,Total - all NACE activities,Total employment domestic concept,France,2024,30623.30,p,
ESTAT:NAMA_10_A64_E$DEFAULTVIEW(1.0),13/05/26 23:00:00,Annual,Thousand persons,Total - all NACE activities,Total employment domestic concept,Croatia,2016,1550.90,,
ESTAT:NAMA_10_A64_E$DEFAULTVIEW(1.0),13/05/26 23:00:00,Annual,Thousand persons,Total - all NACE activities,Total employment domestic concept,Croatia,2017,1569.53,,
ESTAT:NAMA_10_A64_E$DEFAULTVIEW(1.0),13/05/26 23:00:00,Annual,Thousand persons,Total - all NACE activities,Total employment domestic concept,Croatia,2018,1581.67,,
ESTAT:NAMA_10_A64_E$DEFAULTVIEW(1.0),13/05/26 23:00:00,Annual,Thousand persons,Total - all NACE activities,Total employment domestic concept,Croatia,2019,1609.98,,
ESTAT:NAMA_10_A64_E$DEFAULTVIEW(1.0),13/05/26 23:00:00,Annual,Thousand persons,Total - all NACE activities,Total employment domestic concept,Croatia,2020,1587.76,,
ESTAT:NAMA_10_A64_E$DEFAULTVIEW(1.0),13/05/26 23:00:00,Annual,Thousand persons,Total - all NACE activities,Total employment domestic concept,Croatia,2021,1612.57,,
ESTAT:NAMA_10_A64_E$DEFAULTVIEW(1.0),13/05/26 23:00:00,Annual,Thousand persons,Total - all NACE activities,Total employment domestic concept,Croatia,2022,1642.52,,
ESTAT:NAMA_10_A64_E$DEFAULTVIEW(1.0),13/05/26 23:00:00,Annual,Thousand persons,Total - all NACE activities,Total employment domestic concept,Croatia,2023,1670.62,,
ESTAT:NAMA_10_A64_E$DEFAULTVIEW(1.0),13/05/26 23:00:00,Annual,Thousand persons,Total - all NACE activities,Total employment domestic concept,Croatia,2024,1763.84,p,
ESTAT:NAMA_10_A64_E$DEFAULTVIEW(1.0),13/05/26 23:00:00,Annual,Thousand persons,Total - all NACE activities,Total employment domestic concept,Hungary,2016,4441.59,,
ESTAT:NAMA_10_A64_E$DEFAULTVIEW(1.0),13/05/26 23:00:00,Annual,Thousand persons,Total - all NACE activities,Total employment domestic concept,Hungary,2017,4519.53,,
ESTAT:NAMA_10_A64_E$DEFAULTVIEW(1.0),13/05/26 23:00:00,Annual,Thousand persons,Total - all NACE activities,Total employment domestic concept,Hungary,2018,4607.87,,
ESTAT:NAMA_10_A64_E$DEFAULTVIEW(1.0),13/05/26 23:00:00,Annual,Thousand persons,Total - all NACE activities,Total employment domestic concept,Hungary,2019,4663.10,,
ESTAT:NAMA_10_A64_E$DEFAULTVIEW(1.0),13/05/26 23:00:00,Annual,Thousand persons,Total - all NACE activities,Total employment domestic concept,Hungary,2020,4568.52,,
ESTAT:NAMA_10_A64_E$DEFAULTVIEW(1.0),13/05/26 23:00:00,Annual,Thousand persons,Total - all NACE activities,Total employment domestic concept,Hungary,2021,4679.59,,
ESTAT:NAMA_10_A64_E$DEFAULTVIEW(1.0),13/05/26 23:00:00,Annual,Thousand persons,Total - all NACE activities,Total employment domestic concept,Hungary,2022,4754.85,,
ESTAT:NAMA_10_A64_E$DEFAULTVIEW(1.0),13/05/26 23:00:00,Annual,Thousand persons,Total - all NACE activities,Total employment domestic concept,Hungary,2023,4784.37,,
ESTAT:NAMA_10_A64_E$DEFAULTVIEW(1.0),13/05/26 23:00:00,Annual,Thousand persons,Total - all NACE activities,Total employment domestic concept,Hungary,2024,4792.27,,
ESTAT:NAMA_10_A64_E$DEFAULTVIEW(1.0),13/05/26 23:00:00,Annual,Thousand persons,Total - all NACE activities,Total employment domestic concept,Ireland,2016,2131.38,,
ESTAT:NAMA_10_A64_E$DEFAULTVIEW(1.0),13/05/26 23:00:00,Annual,Thousand persons,Total - all NACE activities,Total employment domestic concept,Ireland,2017,2197.91,,
ESTAT:NAMA_10_A64_E$DEFAULTVIEW(1.0),13/05/26 23:00:00,Annual,Thousand persons,Total - all NACE activities,Total employment domestic concept,Ireland,2018,2264.14,,
ESTAT:NAMA_10_A64_E$DEFAULTVIEW(1.0),13/05/26 23:00:00,Annual,Thousand persons,Total - all NACE activities,Total employment domestic concept,Ireland,2019,2335.31,,
ESTAT:NAMA_10_A64_E$DEFAULTVIEW(1.0),13/05/26 23:00:00,Annual,Thousand persons,Total - all NACE activities,Total employment domestic concept,Ireland,2020,2277.13,,
ESTAT:NAMA_10_A64_E$DEFAULTVIEW(1.0),13/05/26 23:00:00,Annual,Thousand persons,Total - all NACE activities,Total employment domestic concept,Ireland,2021,2426.53,,
ESTAT:NAMA_10_A64_E$DEFAULTVIEW(1.0),13/05/26 23:00:00,Annual,Thousand persons,Total - all NACE activities,Total employment domestic concept,Ireland,2022,2594.53,,
ESTAT:NAMA_10_A64_E$DEFAULTVIEW(1.0),13/05/26 23:00:00,Annual,Thousand persons,Total - all NACE activities,Total employment domestic concept,Ireland,2023,2684.20,,
ESTAT:NAMA_10_A64_E$DEFAULTVIEW(1.0),13/05/26 23:00:00,Annual,Thousand persons,Total - all NACE activities,Total employment domestic concept,Ireland,2024,2756.37,,
ESTAT:NAMA_10_A64_E$DEFAULTVIEW(1.0),13/05/26 23:00:00,Annual,Thousand persons,Total - all NACE activities,Total employment domestic concept,Iceland,2016,188.72,p,
ESTAT:NAMA_10_A64_E$DEFAULTVIEW(1.0),13/05/26 23:00:00,Annual,Thousand persons,Total - all NACE activities,Total employment domestic concept,Iceland,2017,196.68,p,
ESTAT:NAMA_10_A64_E$DEFAULTVIEW(1.0),13/05/26 23:00:00,Annual,Thousand persons,Total - all NACE activities,Total employment domestic concept,Iceland,2018,202.56,p,
ESTAT:NAMA_10_A64_E$DEFAULTVIEW(1.0),13/05/26 23:00:00,Annual,Thousand persons,Total - all NACE activities,Total employment domestic concept,Iceland,2019,202.41,p,
ESTAT:NAMA_10_A64_E$DEFAULTVIEW(1.0),13/05/26 23:00:00,Annual,Thousand persons,Total - all NACE activities,Total employment domestic concept,Iceland,2020,192.84,p,
ESTAT:NAMA_10_A64_E$DEFAULTVIEW(1.0),13/05/26 23:00:00,Annual,Thousand persons,Total - all NACE activities,Total employment domestic concept,Iceland,2021,195.48,p,
ESTAT:NAMA_10_A64_E$DEFAULTVIEW(1.0),13/05/26 23:00:00,Annual,Thousand persons,Total - all NACE activities,Total employment domestic concept,Iceland,2022,209.36,p,
ESTAT:NAMA_10_A64_E$DEFAULTVIEW(1.0),13/05/26 23:00:00,Annual,Thousand persons,Total - all NACE activities,Total employment domestic concept,Iceland,2023,218.25,p,
ESTAT:NAMA_10_A64_E$DEFAULTVIEW(1.0),13/05/26 23:00:00,Annual,Thousand persons,Total - all NACE activities,Total employment domestic concept,Iceland,2024,222.09,p,
ESTAT:NAMA_10_A64_E$DEFAULTVIEW(1.0),13/05/26 23:00:00,Annual,Thousand persons,Total - all NACE activities,Total employment domestic concept,Iceland,2025,224.62,p,
ESTAT:NAMA_10_A64_E$DEFAULTVIEW(1.0),13/05/26 23:00:00,Annual,Thousand persons,Total - all NACE activities,Total employment domestic concept,Italy,2016,24650.90,,
ESTAT:NAMA_10_A64_E$DEFAULTVIEW(1.0),13/05/26 23:00:00,Annual,Thousand persons,Total - all NACE activities,Total employment domestic concept,Italy,2017,24940.80,,
ESTAT:NAMA_10_A64_E$DEFAULTVIEW(1.0),13/05/26 23:00:00,Annual,Thousand persons,Total - all NACE activities,Total employment domestic concept,Italy,2018,25194.00,,
ESTAT:NAMA_10_A64_E$DEFAULTVIEW(1.0),13/05/26 23:00:00,Annual,Thousand persons,Total - all NACE activities,Total employment domestic concept,Italy,2019,25349.00,,
ESTAT:NAMA_10_A64_E$DEFAULTVIEW(1.0),13/05/26 23:00:00,Annual,Thousand persons,Total - all NACE activities,Total employment domestic concept,Italy,2020,24830.10,,
ESTAT:NAMA_10_A64_E$DEFAULTVIEW(1.0),13/05/26 23:00:00,Annual,Thousand persons,Total - all NACE activities,Total employment domestic concept,Italy,2021,25069.40,,
ESTAT:NAMA_10_A64_E$DEFAULTVIEW(1.0),13/05/26 23:00:00,Annual,Thousand persons,Total - all NACE activities,Total employment domestic concept,Italy,2022,25550.40,,
ESTAT:NAMA_10_A64_E$DEFAULTVIEW(1.0),13/05/26 23:00:00,Annual,Thousand persons,Total - all NACE activities,Total employment domestic concept,Italy,2023,26077.70,,
ESTAT:NAMA_10_A64_E$DEFAULTVIEW(1.0),13/05/26 23:00:00,Annual,Thousand persons,Total - all NACE activities,Total employment domestic concept,Italy,2024,26544.60,,
ESTAT:NAMA_10_A64_E$DEFAULTVIEW(1.0),13/05/26 23:00:00,Annual,Thousand persons,Total - all NACE activities,Total employment domestic concept,Italy,2025,26835.10,,
ESTAT:NAMA_10_A64_E$DEFAULTVIEW(1.0),13/05/26 23:00:00,Annual,Thousand persons,Total - all NACE activities,Total employment domestic concept,Liechtenstein,2016,37.45,,
ESTAT:NAMA_10_A64_E$DEFAULTVIEW(1.0),13/05/26 23:00:00,Annual,Thousand persons,Total - all NACE activities,Total employment domestic concept,Liechtenstein,2017,38.66,,
ESTAT:NAMA_10_A64_E$DEFAULTVIEW(1.0),13/05/26 23:00:00,Annual,Thousand persons,Total - all NACE activities,Total employment domestic concept,Liechtenstein,2018,39.64,,
ESTAT:NAMA_10_A64_E$DEFAULTVIEW(1.0),13/05/26 23:00:00,Annual,Thousand persons,Total - all NACE activities,Total employment domestic concept,Liechtenstein,2019,40.61,,
ESTAT:NAMA_10_A64_E$DEFAULTVIEW(1.0),13/05/26 23:00:00,Annual,Thousand persons,Total - all NACE activities,Total employment domestic concept,Liechtenstein,2020,40.33,,
ESTAT:NAMA_10_A64_E$DEFAULTVIEW(1.0),13/05/26 23:00:00,Annual,Thousand persons,Total - all NACE activities,Total employment domestic concept,Liechtenstein,2021,41.35,,
ESTAT:NAMA_10_A64_E$DEFAULTVIEW(1.0),13/05/26 23:00:00,Annual,Thousand persons,Total - all NACE activities,Total employment domestic concept,Liechtenstein,2022,42.51,,
ESTAT:NAMA_10_A64_E$DEFAULTVIEW(1.0),13/05/26 23:00:00,Annual,Thousand persons,Total - all NACE activities,Total employment domestic concept,Lithuania,2016,1374.29,,
ESTAT:NAMA_10_A64_E$DEFAULTVIEW(1.0),13/05/26 23:00:00,Annual,Thousand persons,Total - all NACE activities,Total employment domestic concept,Lithuania,2017,1364.44,,
ESTAT:NAMA_10_A64_E$DEFAULTVIEW(1.0),13/05/26 23:00:00,Annual,Thousand persons,Total - all NACE activities,Total employment domestic concept,Lithuania,2018,1383.18,,
ESTAT:NAMA_10_A64_E$DEFAULTVIEW(1.0),13/05/26 23:00:00,Annual,Thousand persons,Total - all NACE activities,Total employment domestic concept,Lithuania,2019,1390.43,,
ESTAT:NAMA_10_A64_E$DEFAULTVIEW(1.0),13/05/26 23:00:00,Annual,Thousand persons,Total - all NACE activities,Total employment domestic concept,Lithuania,2020,1368.88,,
ESTAT:NAMA_10_A64_E$DEFAULTVIEW(1.0),13/05/26 23:00:00,Annual,Thousand persons,Total - all NACE activities,Total employment domestic concept,Lithuania,2021,1386.61,,
ESTAT:NAMA_10_A64_E$DEFAULTVIEW(1.0),13/05/26 23:00:00,Annual,Thousand persons,Total - all NACE activities,Total employment domestic concept,Lithuania,2022,1455.48,,
ESTAT:NAMA_10_A64_E$DEFAULTVIEW(1.0),13/05/26 23:00:00,Annual,Thousand persons,Total - all NACE activities,Total employment domestic concept,Lithuania,2023,1476.29,,
ESTAT:NAMA_10_A64_E$DEFAULTVIEW(1.0),13/05/26 23:00:00,Annual,Thousand persons,Total - all NACE activities,Total employment domestic concept,Lithuania,2024,1498.35,,
ESTAT:NAMA_10_A64_E$DEFAULTVIEW(1.0),13/05/26 23:00:00,Annual,Thousand persons,Total - all NACE activities,Total employment domestic concept,Luxembourg,2016,417.52,,
ESTAT:NAMA_10_A64_E$DEFAULTVIEW(1.0),13/05/26 23:00:00,Annual,Thousand persons,Total - all NACE activities,Total employment domestic concept,Luxembourg,2017,432.19,,
ESTAT:NAMA_10_A64_E$DEFAULTVIEW(1.0),13/05/26 23:00:00,Annual,Thousand persons,Total - all NACE activities,Total employment domestic concept,Luxembourg,2018,447.35,,
ESTAT:NAMA_10_A64_E$DEFAULTVIEW(1.0),13/05/26 23:00:00,Annual,Thousand persons,Total - all NACE activities,Total employment domestic concept,Luxembourg,2019,463.33,,
ESTAT:NAMA_10_A64_E$DEFAULTVIEW(1.0),13/05/26 23:00:00,Annual,Thousand persons,Total - all NACE activities,Total employment domestic concept,Luxembourg,2020,471.58,,
ESTAT:NAMA_10_A64_E$DEFAULTVIEW(1.0),13/05/26 23:00:00,Annual,Thousand persons,Total - all NACE activities,Total employment domestic concept,Luxembourg,2021,485.13,,
ESTAT:NAMA_10_A64_E$DEFAULTVIEW(1.0),13/05/26 23:00:00,Annual,Thousand persons,Total - all NACE activities,Total employment domestic concept,Luxembourg,2022,501.25,,
ESTAT:NAMA_10_A64_E$DEFAULTVIEW(1.0),13/05/26 23:00:00,Annual,Thousand persons,Total - all NACE activities,Total employment domestic concept,Luxembourg,2023,510.99,,
ESTAT:NAMA_10_A64_E$DEFAULTVIEW(1.0),13/05/26 23:00:00,Annual,Thousand persons,Total - all NACE activities,Total employment domestic concept,Luxembourg,2024,516.03,p,
ESTAT:NAMA_10_A64_E$DEFAULTVIEW(1.0),13/05/26 23:00:00,Annual,Thousand persons,Total - all NACE activities,Total employment domestic concept,Latvia,2016,886.30,,
ESTAT:NAMA_10_A64_E$DEFAULTVIEW(1.0),13/05/26 23:00:00,Annual,Thousand persons,Total - all NACE activities,Total employment domestic concept,Latvia,2017,885.99,,
ESTAT:NAMA_10_A64_E$DEFAULTVIEW(1.0),13/05/26 23:00:00,Annual,Thousand persons,Total - all NACE activities,Total employment domestic concept,Latvia,2018,903.88,,
ESTAT:NAMA_10_A64_E$DEFAULTVIEW(1.0),13/05/26 23:00:00,Annual,Thousand persons,Total - all NACE activities,Total employment domestic concept,Latvia,2019,922.19,,
ESTAT:NAMA_10_A64_E$DEFAULTVIEW(1.0),13/05/26 23:00:00,Annual,Thousand persons,Total - all NACE activities,Total employment domestic concept,Latvia,2020,915.93,,
ESTAT:NAMA_10_A64_E$DEFAULTVIEW(1.0),13/05/26 23:00:00,Annual,Thousand persons,Total - all NACE activities,Total employment domestic concept,Latvia,2021,904.31,,
ESTAT:NAMA_10_A64_E$DEFAULTVIEW(1.0),13/05/26 23:00:00,Annual,Thousand persons,Total - all NACE activities,Total employment domestic concept,Latvia,2022,906.07,,
ESTAT:NAMA_10_A64_E$DEFAULTVIEW(1.0),13/05/26 23:00:00,Annual,Thousand persons,Total - all NACE activities,Total employment domestic concept,Latvia,2023,922.17,,
ESTAT:NAMA_10_A64_E$DEFAULTVIEW(1.0),13/05/26 23:00:00,Annual,Thousand persons,Total - all NACE activities,Total employment domestic concept,Latvia,2024,908.76,,
ESTAT:NAMA_10_A64_E$DEFAULTVIEW(1.0),13/05/26 23:00:00,Annual,Thousand persons,Total - all NACE activities,Total employment domestic concept,Montenegro,2016,221.42,,
ESTAT:NAMA_10_A64_E$DEFAULTVIEW(1.0),13/05/26 23:00:00,Annual,Thousand persons,Total - all NACE activities,Total employment domestic concept,Montenegro,2017,228.83,,
ESTAT:NAMA_10_A64_E$DEFAULTVIEW(1.0),13/05/26 23:00:00,Annual,Thousand persons,Total - all NACE activities,Total employment domestic concept,Montenegro,2018,239.96,,
ESTAT:NAMA_10_A64_E$DEFAULTVIEW(1.0),13/05/26 23:00:00,Annual,Thousand persons,Total - all NACE activities,Total employment domestic concept,Montenegro,2019,245.17,,
ESTAT:NAMA_10_A64_E$DEFAULTVIEW(1.0),13/05/26 23:00:00,Annual,Thousand persons,Total - all NACE activities,Total employment domestic concept,Montenegro,2020,218.13,,
ESTAT:NAMA_10_A64_E$DEFAULTVIEW(1.0),13/05/26 23:00:00,Annual,Thousand persons,Total - all NACE activities,Total employment domestic concept,Montenegro,2021,223.47,,
ESTAT:NAMA_10_A64_E$DEFAULTVIEW(1.0),13/05/26 23:00:00,Annual,Thousand persons,Total - all NACE activities,Total employment domestic concept,Montenegro,2022,264.33,,
ESTAT:NAMA_10_A64_E$DEFAULTVIEW(1.0),13/05/26 23:00:00,Annual,Thousand persons,Total - all NACE activities,Total employment domestic concept,Montenegro,2023,287.69,,
ESTAT:NAMA_10_A64_E$DEFAULTVIEW(1.0),13/05/26 23:00:00,Annual,Thousand persons,Total - all NACE activities,Total employment domestic concept,Montenegro,2024,300.40,,
ESTAT:NAMA_10_A64_E$DEFAULTVIEW(1.0),13/05/26 23:00:00,Annual,Thousand persons,Total - all NACE activities,Total employment domestic concept,Montenegro,2025,310.27,p,
ESTAT:NAMA_10_A64_E$DEFAULTVIEW(1.0),13/05/26 23:00:00,Annual,Thousand persons,Total - all NACE activities,Total employment domestic concept,North Macedonia,2016,788.92,,
ESTAT:NAMA_10_A64_E$DEFAULTVIEW(1.0),13/05/26 23:00:00,Annual,Thousand persons,Total - all NACE activities,Total employment domestic concept,North Macedonia,2017,812.32,,
ESTAT:NAMA_10_A64_E$DEFAULTVIEW(1.0),13/05/26 23:00:00,Annual,Thousand persons,Total - all NACE activities,Total employment domestic concept,North Macedonia,2018,813.29,,
ESTAT:NAMA_10_A64_E$DEFAULTVIEW(1.0),13/05/26 23:00:00,Annual,Thousand persons,Total - all NACE activities,Total employment domestic concept,North Macedonia,2019,831.07,,
ESTAT:NAMA_10_A64_E$DEFAULTVIEW(1.0),13/05/26 23:00:00,Annual,Thousand persons,Total - all NACE activities,Total employment domestic concept,North Macedonia,2020,773.48,,
ESTAT:NAMA_10_A64_E$DEFAULTVIEW(1.0),13/05/26 23:00:00,Annual,Thousand persons,Total - all NACE activities,Total employment domestic concept,North Macedonia,2021,792.63,,
ESTAT:NAMA_10_A64_E$DEFAULTVIEW(1.0),13/05/26 23:00:00,Annual,Thousand persons,Total - all NACE activities,Total employment domestic concept,North Macedonia,2022,743.57,,
ESTAT:NAMA_10_A64_E$DEFAULTVIEW(1.0),13/05/26 23:00:00,Annual,Thousand persons,Total - all NACE activities,Total employment domestic concept,Malta,2016,218.62,,
ESTAT:NAMA_10_A64_E$DEFAULTVIEW(1.0),13/05/26 23:00:00,Annual,Thousand persons,Total - all NACE activities,Total employment domestic concept,Malta,2017,229.09,,
ESTAT:NAMA_10_A64_E$DEFAULTVIEW(1.0),13/05/26 23:00:00,Annual,Thousand persons,Total - all NACE activities,Total employment domestic concept,Malta,2018,244.83,,
ESTAT:NAMA_10_A64_E$DEFAULTVIEW(1.0),13/05/26 23:00:00,Annual,Thousand persons,Total - all NACE activities,Total employment domestic concept,Malta,2019,259.79,,
ESTAT:NAMA_10_A64_E$DEFAULTVIEW(1.0),13/05/26 23:00:00,Annual,Thousand persons,Total - all NACE activities,Total employment domestic concept,Malta,2020,268.23,,
ESTAT:NAMA_10_A64_E$DEFAULTVIEW(1.0),13/05/26 23:00:00,Annual,Thousand persons,Total - all NACE activities,Total employment domestic concept,Malta,2021,276.23,,
ESTAT:NAMA_10_A64_E$DEFAULTVIEW(1.0),13/05/26 23:00:00,Annual,Thousand persons,Total - all NACE activities,Total employment domestic concept,Malta,2022,290.19,,
ESTAT:NAMA_10_A64_E$DEFAULTVIEW(1.0),13/05/26 23:00:00,Annual,Thousand persons,Total - all NACE activities,Total employment domestic concept,Malta,2023,309.99,,
ESTAT:NAMA_10_A64_E$DEFAULTVIEW(1.0),13/05/26 23:00:00,Annual,Thousand persons,Total - all NACE activities,Total employment domestic concept,Malta,2024,325.41,,
ESTAT:NAMA_10_A64_E$DEFAULTVIEW(1.0),13/05/26 23:00:00,Annual,Thousand persons,Total - all NACE activities,Total employment domestic concept,Malta,2025,338.16,,
ESTAT:NAMA_10_A64_E$DEFAULTVIEW(1.0),13/05/26 23:00:00,Annual,Thousand persons,Total - all NACE activities,Total employment domestic concept,Netherlands,2016,8909.00,,
ESTAT:NAMA_10_A64_E$DEFAULTVIEW(1.0),13/05/26 23:00:00,Annual,Thousand persons,Total - all NACE activities,Total employment domestic concept,Netherlands,2017,9116.00,,
ESTAT:NAMA_10_A64_E$DEFAULTVIEW(1.0),13/05/26 23:00:00,Annual,Thousand persons,Total - all NACE activities,Total employment domestic concept,Netherlands,2018,9361.00,,
ESTAT:NAMA_10_A64_E$DEFAULTVIEW(1.0),13/05/26 23:00:00,Annual,Thousand persons,Total - all NACE activities,Total employment domestic concept,Netherlands,2019,9573.00,,
ESTAT:NAMA_10_A64_E$DEFAULTVIEW(1.0),13/05/26 23:00:00,Annual,Thousand persons,Total - all NACE activities,Total employment domestic concept,Netherlands,2020,9524.00,,
ESTAT:NAMA_10_A64_E$DEFAULTVIEW(1.0),13/05/26 23:00:00,Annual,Thousand persons,Total - all NACE activities,Total employment domestic concept,Netherlands,2021,9690.00,,
ESTAT:NAMA_10_A64_E$DEFAULTVIEW(1.0),13/05/26 23:00:00,Annual,Thousand persons,Total - all NACE activities,Total employment domestic concept,Netherlands,2022,10000.00,p,
ESTAT:NAMA_10_A64_E$DEFAULTVIEW(1.0),13/05/26 23:00:00,Annual,Thousand persons,Total - all NACE activities,Total employment domestic concept,Netherlands,2023,10166.00,p,
ESTAT:NAMA_10_A64_E$DEFAULTVIEW(1.0),13/05/26 23:00:00,Annual,Thousand persons,Total - all NACE activities,Total employment domestic concept,Netherlands,2024,10266.00,p,
ESTAT:NAMA_10_A64_E$DEFAULTVIEW(1.0),13/05/26 23:00:00,Annual,Thousand persons,Total - all NACE activities,Total employment domestic concept,Norway,2016,2720.00,,
ESTAT:NAMA_10_A64_E$DEFAULTVIEW(1.0),13/05/26 23:00:00,Annual,Thousand persons,Total - all NACE activities,Total employment domestic concept,Norway,2017,2751.00,,
ESTAT:NAMA_10_A64_E$DEFAULTVIEW(1.0),13/05/26 23:00:00,Annual,Thousand persons,Total - all NACE activities,Total employment domestic concept,Norway,2018,2797.00,,
ESTAT:NAMA_10_A64_E$DEFAULTVIEW(1.0),13/05/26 23:00:00,Annual,Thousand persons,Total - all NACE activities,Total employment domestic concept,Norway,2019,2841.00,,
ESTAT:NAMA_10_A64_E$DEFAULTVIEW(1.0),13/05/26 23:00:00,Annual,Thousand persons,Total - all NACE activities,Total employment domestic concept,Norway,2020,2799.00,,
ESTAT:NAMA_10_A64_E$DEFAULTVIEW(1.0),13/05/26 23:00:00,Annual,Thousand persons,Total - all NACE activities,Total employment domestic concept,Norway,2021,2829.00,,
ESTAT:NAMA_10_A64_E$DEFAULTVIEW(1.0),13/05/26 23:00:00,Annual,Thousand persons,Total - all NACE activities,Total employment domestic concept,Norway,2022,2938.00,,
ESTAT:NAMA_10_A64_E$DEFAULTVIEW(1.0),13/05/26 23:00:00,Annual,Thousand persons,Total - all NACE activities,Total employment domestic concept,Norway,2023,2973.00,,
ESTAT:NAMA_10_A64_E$DEFAULTVIEW(1.0),13/05/26 23:00:00,Annual,Thousand persons,Total - all NACE activities,Total employment domestic concept,Norway,2024,2993.00,,
ESTAT:NAMA_10_A64_E$DEFAULTVIEW(1.0),13/05/26 23:00:00,Annual,Thousand persons,Total - all NACE activities,Total employment domestic concept,Norway,2025,3013.00,,
ESTAT:NAMA_10_A64_E$DEFAULTVIEW(1.0),13/05/26 23:00:00,Annual,Thousand persons,Total - all NACE activities,Total employment domestic concept,Poland,2016,16099.70,,
ESTAT:NAMA_10_A64_E$DEFAULTVIEW(1.0),13/05/26 23:00:00,Annual,Thousand persons,Total - all NACE activities,Total employment domestic concept,Poland,2017,16315.00,,
ESTAT:NAMA_10_A64_E$DEFAULTVIEW(1.0),13/05/26 23:00:00,Annual,Thousand persons,Total - all NACE activities,Total employment domestic concept,Poland,2018,16403.70,,
ESTAT:NAMA_10_A64_E$DEFAULTVIEW(1.0),13/05/26 23:00:00,Annual,Thousand persons,Total - all NACE activities,Total employment domestic concept,Poland,2019,16798.90,b,
ESTAT:NAMA_10_A64_E$DEFAULTVIEW(1.0),13/05/26 23:00:00,Annual,Thousand persons,Total - all NACE activities,Total employment domestic concept,Poland,2020,16831.90,,
ESTAT:NAMA_10_A64_E$DEFAULTVIEW(1.0),13/05/26 23:00:00,Annual,Thousand persons,Total - all NACE activities,Total employment domestic concept,Poland,2021,17317.50,,
ESTAT:NAMA_10_A64_E$DEFAULTVIEW(1.0),13/05/26 23:00:00,Annual,Thousand persons,Total - all NACE activities,Total employment domestic concept,Poland,2022,17512.00,,
ESTAT:NAMA_10_A64_E$DEFAULTVIEW(1.0),13/05/26 23:00:00,Annual,Thousand persons,Total - all NACE activities,Total employment domestic concept,Poland,2023,17528.90,,
ESTAT:NAMA_10_A64_E$DEFAULTVIEW(1.0),13/05/26 23:00:00,Annual,Thousand persons,Total - all NACE activities,Total employment domestic concept,Poland,2024,17420.00,,
ESTAT:NAMA_10_A64_E$DEFAULTVIEW(1.0),13/05/26 23:00:00,Annual,Thousand persons,Total - all NACE activities,Total employment domestic concept,Portugal,2016,4671.44,,
ESTAT:NAMA_10_A64_E$DEFAULTVIEW(1.0),13/05/26 23:00:00,Annual,Thousand persons,Total - all NACE activities,Total employment domestic concept,Portugal,2017,4826.19,,
ESTAT:NAMA_10_A64_E$DEFAULTVIEW(1.0),13/05/26 23:00:00,Annual,Thousand persons,Total - all NACE activities,Total employment domestic concept,Portugal,2018,4942.32,,
ESTAT:NAMA_10_A64_E$DEFAULTVIEW(1.0),13/05/26 23:00:00,Annual,Thousand persons,Total - all NACE activities,Total employment domestic concept,Portugal,2019,4983.27,,
ESTAT:NAMA_10_A64_E$DEFAULTVIEW(1.0),13/05/26 23:00:00,Annual,Thousand persons,Total - all NACE activities,Total employment domestic concept,Portugal,2020,4884.37,,
ESTAT:NAMA_10_A64_E$DEFAULTVIEW(1.0),13/05/26 23:00:00,Annual,Thousand persons,Total - all NACE activities,Total employment domestic concept,Portugal,2021,4952.93,,
ESTAT:NAMA_10_A64_E$DEFAULTVIEW(1.0),13/05/26 23:00:00,Annual,Thousand persons,Total - all NACE activities,Total employment domestic concept,Portugal,2022,5137.90,,
ESTAT:NAMA_10_A64_E$DEFAULTVIEW(1.0),13/05/26 23:00:00,Annual,Thousand persons,Total - all NACE activities,Total employment domestic concept,Portugal,2023,5238.18,,
ESTAT:NAMA_10_A64_E$DEFAULTVIEW(1.0),13/05/26 23:00:00,Annual,Thousand persons,Total - all NACE activities,Total employment domestic concept,Portugal,2024,5275.31,p,
ESTAT:NAMA_10_A64_E$DEFAULTVIEW(1.0),13/05/26 23:00:00,Annual,Thousand persons,Total - all NACE activities,Total employment domestic concept,Romania,2016,8429.60,,
ESTAT:NAMA_10_A64_E$DEFAULTVIEW(1.0),13/05/26 23:00:00,Annual,Thousand persons,Total - all NACE activities,Total employment domestic concept,Romania,2017,8631.20,,
ESTAT:NAMA_10_A64_E$DEFAULTVIEW(1.0),13/05/26 23:00:00,Annual,Thousand persons,Total - all NACE activities,Total employment domestic concept,Romania,2018,8638.80,,
ESTAT:NAMA_10_A64_E$DEFAULTVIEW(1.0),13/05/26 23:00:00,Annual,Thousand persons,Total - all NACE activities,Total employment domestic concept,Romania,2019,8649.50,,
ESTAT:NAMA_10_A64_E$DEFAULTVIEW(1.0),13/05/26 23:00:00,Annual,Thousand persons,Total - all NACE activities,Total employment domestic concept,Romania,2020,8472.10,,
ESTAT:NAMA_10_A64_E$DEFAULTVIEW(1.0),13/05/26 23:00:00,Annual,Thousand persons,Total - all NACE activities,Total employment domestic concept,Romania,2021,8535.80,,
ESTAT:NAMA_10_A64_E$DEFAULTVIEW(1.0),13/05/26 23:00:00,Annual,Thousand persons,Total - all NACE activities,Total employment domestic concept,Romania,2022,8599.50,,
ESTAT:NAMA_10_A64_E$DEFAULTVIEW(1.0),13/05/26 23:00:00,Annual,Thousand persons,Total - all NACE activities,Total employment domestic concept,Romania,2023,8493.20,,
ESTAT:NAMA_10_A64_E$DEFAULTVIEW(1.0),13/05/26 23:00:00,Annual,Thousand persons,Total - all NACE activities,Total employment domestic concept,Romania,2024,8627.30,p,
ESTAT:NAMA_10_A64_E$DEFAULTVIEW(1.0),13/05/26 23:00:00,Annual,Thousand persons,Total - all NACE activities,Total employment domestic concept,Romania,2025,8329.10,p,
ESTAT:NAMA_10_A64_E$DEFAULTVIEW(1.0),13/05/26 23:00:00,Annual,Thousand persons,Total - all NACE activities,Total employment domestic concept,Serbia,2016,3277.30,,
ESTAT:NAMA_10_A64_E$DEFAULTVIEW(1.0),13/05/26 23:00:00,Annual,Thousand persons,Total - all NACE activities,Total employment domestic concept,Serbia,2017,3318.22,,
ESTAT:NAMA_10_A64_E$DEFAULTVIEW(1.0),13/05/26 23:00:00,Annual,Thousand persons,Total - all NACE activities,Total employment domestic concept,Serbia,2018,3364.01,,
ESTAT:NAMA_10_A64_E$DEFAULTVIEW(1.0),13/05/26 23:00:00,Annual,Thousand persons,Total - all NACE activities,Total employment domestic concept,Serbia,2019,3374.02,,
ESTAT:NAMA_10_A64_E$DEFAULTVIEW(1.0),13/05/26 23:00:00,Annual,Thousand persons,Total - all NACE activities,Total employment domestic concept,Serbia,2020,3343.97,,
ESTAT:NAMA_10_A64_E$DEFAULTVIEW(1.0),13/05/26 23:00:00,Annual,Thousand persons,Total - all NACE activities,Total employment domestic concept,Serbia,2021,3379.13,,
ESTAT:NAMA_10_A64_E$DEFAULTVIEW(1.0),13/05/26 23:00:00,Annual,Thousand persons,Total - all NACE activities,Total employment domestic concept,Serbia,2022,3379.50,,
ESTAT:NAMA_10_A64_E$DEFAULTVIEW(1.0),13/05/26 23:00:00,Annual,Thousand persons,Total - all NACE activities,Total employment domestic concept,Serbia,2023,3380.83,p,
ESTAT:NAMA_10_A64_E$DEFAULTVIEW(1.0),13/05/26 23:00:00,Annual,Thousand persons,Total - all NACE activities,Total employment domestic concept,Serbia,2024,3372.06,p,
ESTAT:NAMA_10_A64_E$DEFAULTVIEW(1.0),13/05/26 23:00:00,Annual,Thousand persons,Total - all NACE activities,Total employment domestic concept,Sweden,2016,4975.00,,
ESTAT:NAMA_10_A64_E$DEFAULTVIEW(1.0),13/05/26 23:00:00,Annual,Thousand persons,Total - all NACE activities,Total employment domestic concept,Sweden,2017,5100.00,,
ESTAT:NAMA_10_A64_E$DEFAULTVIEW(1.0),13/05/26 23:00:00,Annual,Thousand persons,Total - all NACE activities,Total employment domestic concept,Sweden,2018,5186.00,,
ESTAT:NAMA_10_A64_E$DEFAULTVIEW(1.0),13/05/26 23:00:00,Annual,Thousand persons,Total - all NACE activities,Total employment domestic concept,Sweden,2019,5219.00,,
ESTAT:NAMA_10_A64_E$DEFAULTVIEW(1.0),13/05/26 23:00:00,Annual,Thousand persons,Total - all NACE activities,Total employment domestic concept,Sweden,2020,5153.00,,
ESTAT:NAMA_10_A64_E$DEFAULTVIEW(1.0),13/05/26 23:00:00,Annual,Thousand persons,Total - all NACE activities,Total employment domestic concept,Sweden,2021,5218.00,,
ESTAT:NAMA_10_A64_E$DEFAULTVIEW(1.0),13/05/26 23:00:00,Annual,Thousand persons,Total - all NACE activities,Total employment domestic concept,Sweden,2022,5400.00,,
ESTAT:NAMA_10_A64_E$DEFAULTVIEW(1.0),13/05/26 23:00:00,Annual,Thousand persons,Total - all NACE activities,Total employment domestic concept,Sweden,2023,5466.00,,
ESTAT:NAMA_10_A64_E$DEFAULTVIEW(1.0),13/05/26 23:00:00,Annual,Thousand persons,Total - all NACE activities,Total employment domestic concept,Sweden,2024,5429.00,,
ESTAT:NAMA_10_A64_E$DEFAULTVIEW(1.0),13/05/26 23:00:00,Annual,Thousand persons,Total - all NACE activities,Total employment domestic concept,Slovenia,2016,961.59,,
ESTAT:NAMA_10_A64_E$DEFAULTVIEW(1.0),13/05/26 23:00:00,Annual,Thousand persons,Total - all NACE activities,Total employment domestic concept,Slovenia,2017,989.53,,
ESTAT:NAMA_10_A64_E$DEFAULTVIEW(1.0),13/05/26 23:00:00,Annual,Thousand persons,Total - all NACE activities,Total employment domestic concept,Slovenia,2018,1020.88,,
ESTAT:NAMA_10_A64_E$DEFAULTVIEW(1.0),13/05/26 23:00:00,Annual,Thousand persons,Total - all NACE activities,Total employment domestic concept,Slovenia,2019,1045.71,,
ESTAT:NAMA_10_A64_E$DEFAULTVIEW(1.0),13/05/26 23:00:00,Annual,Thousand persons,Total - all NACE activities,Total employment domestic concept,Slovenia,2020,1038.44,,
ESTAT:NAMA_10_A64_E$DEFAULTVIEW(1.0),13/05/26 23:00:00,Annual,Thousand persons,Total - all NACE activities,Total employment domestic concept,Slovenia,2021,1051.92,,
ESTAT:NAMA_10_A64_E$DEFAULTVIEW(1.0),13/05/26 23:00:00,Annual,Thousand persons,Total - all NACE activities,Total employment domestic concept,Slovenia,2022,1082.59,,
ESTAT:NAMA_10_A64_E$DEFAULTVIEW(1.0),13/05/26 23:00:00,Annual,Thousand persons,Total - all NACE activities,Total employment domestic concept,Slovenia,2023,1098.67,,
ESTAT:NAMA_10_A64_E$DEFAULTVIEW(1.0),13/05/26 23:00:00,Annual,Thousand persons,Total - all NACE activities,Total employment domestic concept,Slovenia,2024,1103.88,,
ESTAT:NAMA_10_A64_E$DEFAULTVIEW(1.0),13/05/26 23:00:00,Annual,Thousand persons,Total - all NACE activities,Total employment domestic concept,Slovakia,2016,2321.05,,
ESTAT:NAMA_10_A64_E$DEFAULTVIEW(1.0),13/05/26 23:00:00,Annual,Thousand persons,Total - all NACE activities,Total employment domestic concept,Slovakia,2017,2372.26,,
ESTAT:NAMA_10_A64_E$DEFAULTVIEW(1.0),13/05/26 23:00:00,Annual,Thousand persons,Total - all NACE activities,Total employment domestic concept,Slovakia,2018,2419.90,,
ESTAT:NAMA_10_A64_E$DEFAULTVIEW(1.0),13/05/26 23:00:00,Annual,Thousand persons,Total - all NACE activities,Total employment domestic concept,Slovakia,2019,2445.19,,
ESTAT:NAMA_10_A64_E$DEFAULTVIEW(1.0),13/05/26 23:00:00,Annual,Thousand persons,Total - all NACE activities,Total employment domestic concept,Slovakia,2020,2399.07,,
ESTAT:NAMA_10_A64_E$DEFAULTVIEW(1.0),13/05/26 23:00:00,Annual,Thousand persons,Total - all NACE activities,Total employment domestic concept,Slovakia,2021,2385.12,,
ESTAT:NAMA_10_A64_E$DEFAULTVIEW(1.0),13/05/26 23:00:00,Annual,Thousand persons,Total - all NACE activities,Total employment domestic concept,Slovakia,2022,2427.30,,
ESTAT:NAMA_10_A64_E$DEFAULTVIEW(1.0),13/05/26 23:00:00,Annual,Thousand persons,Total - all NACE activities,Total employment domestic concept,Slovakia,2023,2434.06,,
ESTAT:NAMA_10_A64_E$DEFAULTVIEW(1.0),13/05/26 23:00:00,Annual,Thousand persons,Total - all NACE activities,Total employment domestic concept,Slovakia,2024,2430.29,,
ESTAT:NAMA_10_A64_E$DEFAULTVIEW(1.0),13/05/26 23:00:00,Annual,Thousand persons,Total - all NACE activities,Total employment domestic concept,United Kingdom,2016,31745.33,,
ESTAT:NAMA_10_A64_E$DEFAULTVIEW(1.0),13/05/26 23:00:00,Annual,Thousand persons,Total - all NACE activities,Total employment domestic concept,United Kingdom,2017,32060.17,,
ESTAT:NAMA_10_A64_E$DEFAULTVIEW(1.0),13/05/26 23:00:00,Annual,Thousand persons,Total - all NACE activities,Total employment domestic concept,United Kingdom,2018,32442.96,,
ESTAT:NAMA_10_A64_E$DEFAULTVIEW(1.0),13/05/26 23:00:00,Annual,Thousand persons,Total - all NACE activities,Total employment domestic concept,United Kingdom,2019,32794.59,,
ESTAT:NAMA_10_A64_E$DEFAULTVIEW(1.0),13/05/26 23:00:00,Annual,Thousand persons,Total - all NACE activities,Total employment domestic concept,Kosovo*,2016,,,C
ESTAT:NAMA_10_A64_E$DEFAULTVIEW(1.0),13/05/26 23:00:00,Annual,Thousand persons,Total - all NACE activities,Total employment domestic concept,Kosovo*,2017,,,C
ESTAT:NAMA_10_A64_E$DEFAULTVIEW(1.0),13/05/26 23:00:00,Annual,Thousand persons,Total - all NACE activities,Total employment domestic concept,Kosovo*,2018,,,C
ESTAT:NAMA_10_A64_E$DEFAULTVIEW(1.0),13/05/26 23:00:00,Annual,Thousand persons,Total - all NACE activities,Total employment domestic concept,Kosovo*,2019,,,C
ESTAT:NAMA_10_A64_E$DEFAULTVIEW(1.0),13/05/26 23:00:00,Annual,Thousand persons,Total - all NACE activities,Employees domestic concept,Austria,2016,3799.41,,
ESTAT:NAMA_10_A64_E$DEFAULTVIEW(1.0),13/05/26 23:00:00,Annual,Thousand persons,Total - all NACE activities,Employees domestic concept,Austria,2017,3871.19,,
ESTAT:NAMA_10_A64_E$DEFAULTVIEW(1.0),13/05/26 23:00:00,Annual,Thousand persons,Total - all NACE activities,Employees domestic concept,Austria,2018,3956.42,,
ESTAT:NAMA_10_A64_E$DEFAULTVIEW(1.0),13/05/26 23:00:00,Annual,Thousand persons,Total - all NACE activities,Employees domestic concept,Austria,2019,4010.57,,
ESTAT:NAMA_10_A64_E$DEFAULTVIEW(1.0),13/05/26 23:00:00,Annual,Thousand persons,Total - all NACE activities,Employees domestic concept,Austria,2020,3930.55,,
ESTAT:NAMA_10_A64_E$DEFAULTVIEW(1.0),13/05/26 23:00:00,Annual,Thousand persons,Total - all NACE activities,Employees domestic concept,Austria,2021,4003.52,,
ESTAT:NAMA_10_A64_E$DEFAULTVIEW(1.0),13/05/26 23:00:00,Annual,Thousand persons,Total - all NACE activities,Employees domestic concept,Austria,2022,4123.93,,
ESTAT:NAMA_10_A64_E$DEFAULTVIEW(1.0),13/05/26 23:00:00,Annual,Thousand persons,Total - all NACE activities,Employees domestic concept,Austria,2023,4170.14,,
ESTAT:NAMA_10_A64_E$DEFAULTVIEW(1.0),13/05/26 23:00:00,Annual,Thousand persons,Total - all NACE activities,Employees domestic concept,Austria,2024,4176.05,,
ESTAT:NAMA_10_A64_E$DEFAULTVIEW(1.0),13/05/26 23:00:00,Annual,Thousand persons,Total - all NACE activities,Employees domestic concept,Belgium,2016,3886.80,,
ESTAT:NAMA_10_A64_E$DEFAULTVIEW(1.0),13/05/26 23:00:00,Annual,Thousand persons,Total - all NACE activities,Employees domestic concept,Belgium,2017,3943.70,,
ESTAT:NAMA_10_A64_E$DEFAULTVIEW(1.0),13/05/26 23:00:00,Annual,Thousand persons,Total - all NACE activities,Employees domestic concept,Belgium,2018,4000.00,,
ESTAT:NAMA_10_A64_E$DEFAULTVIEW(1.0),13/05/26 23:00:00,Annual,Thousand persons,Total - all NACE activities,Employees domestic concept,Belgium,2019,4061.70,,
ESTAT:NAMA_10_A64_E$DEFAULTVIEW(1.0),13/05/26 23:00:00,Annual,Thousand persons,Total - all NACE activities,Employees domestic concept,Belgium,2020,4040.70,,
ESTAT:NAMA_10_A64_E$DEFAULTVIEW(1.0),13/05/26 23:00:00,Annual,Thousand persons,Total - all NACE activities,Employees domestic concept,Belgium,2021,4097.10,,
ESTAT:NAMA_10_A64_E$DEFAULTVIEW(1.0),13/05/26 23:00:00,Annual,Thousand persons,Total - all NACE activities,Employees domestic concept,Belgium,2022,4175.70,,
ESTAT:NAMA_10_A64_E$DEFAULTVIEW(1.0),13/05/26 23:00:00,Annual,Thousand persons,Total - all NACE activities,Employees domestic concept,Belgium,2023,4204.30,,
ESTAT:NAMA_10_A64_E$DEFAULTVIEW(1.0),13/05/26 23:00:00,Annual,Thousand persons,Total - all NACE activities,Employees domestic concept,Belgium,2024,4209.10,p,
ESTAT:NAMA_10_A64_E$DEFAULTVIEW(1.0),13/05/26 23:00:00,Annual,Thousand persons,Total - all NACE activities,Employees domestic concept,Bulgaria,2016,2576.08,,
ESTAT:NAMA_10_A64_E$DEFAULTVIEW(1.0),13/05/26 23:00:00,Annual,Thousand persons,Total - all NACE activities,Employees domestic concept,Bulgaria,2017,2584.39,,
ESTAT:NAMA_10_A64_E$DEFAULTVIEW(1.0),13/05/26 23:00:00,Annual,Thousand persons,Total - all NACE activities,Employees domestic concept,Bulgaria,2018,2605.95,,
ESTAT:NAMA_10_A64_E$DEFAULTVIEW(1.0),13/05/26 23:00:00,Annual,Thousand persons,Total - all NACE activities,Employees domestic concept,Bulgaria,2019,2646.20,,
ESTAT:NAMA_10_A64_E$DEFAULTVIEW(1.0),13/05/26 23:00:00,Annual,Thousand persons,Total - all NACE activities,Employees domestic concept,Bulgaria,2020,2573.29,,
ESTAT:NAMA_10_A64_E$DEFAULTVIEW(1.0),13/05/26 23:00:00,Annual,Thousand persons,Total - all NACE activities,Employees domestic concept,Bulgaria,2021,2598.15,,
ESTAT:NAMA_10_A64_E$DEFAULTVIEW(1.0),13/05/26 23:00:00,Annual,Thousand persons,Total - all NACE activities,Employees domestic concept,Bulgaria,2022,2609.12,,
ESTAT:NAMA_10_A64_E$DEFAULTVIEW(1.0),13/05/26 23:00:00,Annual,Thousand persons,Total - all NACE activities,Employees domestic concept,Bulgaria,2023,2647.26,,
ESTAT:NAMA_10_A64_E$DEFAULTVIEW(1.0),13/05/26 23:00:00,Annual,Thousand persons,Total - all NACE activities,Employees domestic concept,Bulgaria,2024,2671.96,,
ESTAT:NAMA_10_A64_E$DEFAULTVIEW(1.0),13/05/26 23:00:00,Annual,Thousand persons,Total - all NACE activities,Employees domestic concept,Switzerland,2016,4497.98,,
ESTAT:NAMA_10_A64_E$DEFAULTVIEW(1.0),13/05/26 23:00:00,Annual,Thousand persons,Total - all NACE activities,Employees domestic concept,Switzerland,2017,4543.20,,
ESTAT:NAMA_10_A64_E$DEFAULTVIEW(1.0),13/05/26 23:00:00,Annual,Thousand persons,Total - all NACE activities,Employees domestic concept,Switzerland,2018,4594.29,,
ESTAT:NAMA_10_A64_E$DEFAULTVIEW(1.0),13/05/26 23:00:00,Annual,Thousand persons,Total - all NACE activities,Employees domestic concept,Switzerland,2019,4651.18,,
ESTAT:NAMA_10_A64_E$DEFAULTVIEW(1.0),13/05/26 23:00:00,Annual,Thousand persons,Total - all NACE activities,Employees domestic concept,Switzerland,2020,4636.40,,
ESTAT:NAMA_10_A64_E$DEFAULTVIEW(1.0),13/05/26 23:00:00,Annual,Thousand persons,Total - all NACE activities,Employees domestic concept,Switzerland,2021,4660.30,,
ESTAT:NAMA_10_A64_E$DEFAULTVIEW(1.0),13/05/26 23:00:00,Annual,Thousand persons,Total - all NACE activities,Employees domestic concept,Switzerland,2022,4727.16,,
ESTAT:NAMA_10_A64_E$DEFAULTVIEW(1.0),13/05/26 23:00:00,Annual,Thousand persons,Total - all NACE activities,Employees domestic concept,Switzerland,2023,4835.13,,
ESTAT:NAMA_10_A64_E$DEFAULTVIEW(1.0),13/05/26 23:00:00,Annual,Thousand persons,Total - all NACE activities,Employees domestic concept,Switzerland,2024,4873.66,,
ESTAT:NAMA_10_A64_E$DEFAULTVIEW(1.0),13/05/26 23:00:00,Annual,Thousand persons,Total - all NACE activities,Employees domestic concept,Switzerland,2025,4910.44,,
ESTAT:NAMA_10_A64_E$DEFAULTVIEW(1.0),13/05/26 23:00:00,Annual,Thousand persons,Total - all NACE activities,Employees domestic concept,Cyprus,2016,340.39,,
ESTAT:NAMA_10_A64_E$DEFAULTVIEW(1.0),13/05/26 23:00:00,Annual,Thousand persons,Total - all NACE activities,Employees domestic concept,Cyprus,2017,359.97,,
ESTAT:NAMA_10_A64_E$DEFAULTVIEW(1.0),13/05/26 23:00:00,Annual,Thousand persons,Total - all NACE activities,Employees domestic concept,Cyprus,2018,381.86,,
ESTAT:NAMA_10_A64_E$DEFAULTVIEW(1.0),13/05/26 23:00:00,Annual,Thousand persons,Total - all NACE activities,Employees domestic concept,Cyprus,2019,400.82,,
ESTAT:NAMA_10_A64_E$DEFAULTVIEW(1.0),13/05/26 23:00:00,Annual,Thousand persons,Total - all NACE activities,Employees domestic concept,Cyprus,2020,398.27,,
ESTAT:NAMA_10_A64_E$DEFAULTVIEW(1.0),13/05/26 23:00:00,Annual,Thousand persons,Total - all NACE activities,Employees domestic concept,Cyprus,2021,411.02,,
ESTAT:NAMA_10_A64_E$DEFAULTVIEW(1.0),13/05/26 23:00:00,Annual,Thousand persons,Total - all NACE activities,Employees domestic concept,Cyprus,2022,429.09,,
ESTAT:NAMA_10_A64_E$DEFAULTVIEW(1.0),13/05/26 23:00:00,Annual,Thousand persons,Total - all NACE activities,Employees domestic concept,Cyprus,2023,443.28,,
ESTAT:NAMA_10_A64_E$DEFAULTVIEW(1.0),13/05/26 23:00:00,Annual,Thousand persons,Total - all NACE activities,Employees domestic concept,Cyprus,2024,454.32,,
ESTAT:NAMA_10_A64_E$DEFAULTVIEW(1.0),13/05/26 23:00:00,Annual,Thousand persons,Total - all NACE activities,Employees domestic concept,Czechia,2016,4462.32,,
ESTAT:NAMA_10_A64_E$DEFAULTVIEW(1.0),13/05/26 23:00:00,Annual,Thousand persons,Total - all NACE activities,Employees domestic concept,Czechia,2017,4532.86,,
ESTAT:NAMA_10_A64_E$DEFAULTVIEW(1.0),13/05/26 23:00:00,Annual,Thousand persons,Total - all NACE activities,Employees domestic concept,Czechia,2018,4594.36,,
ESTAT:NAMA_10_A64_E$DEFAULTVIEW(1.0),13/05/26 23:00:00,Annual,Thousand persons,Total - all NACE activities,Employees domestic concept,Czechia,2019,4598.01,,
ESTAT:NAMA_10_A64_E$DEFAULTVIEW(1.0),13/05/26 23:00:00,Annual,Thousand persons,Total - all NACE activities,Employees domestic concept,Czechia,2020,4496.35,,
ESTAT:NAMA_10_A64_E$DEFAULTVIEW(1.0),13/05/26 23:00:00,Annual,Thousand persons,Total - all NACE activities,Employees domestic concept,Czechia,2021,4541.05,,
ESTAT:NAMA_10_A64_E$DEFAULTVIEW(1.0),13/05/26 23:00:00,Annual,Thousand persons,Total - all NACE activities,Employees domestic concept,Czechia,2022,4577.74,,
ESTAT:NAMA_10_A64_E$DEFAULTVIEW(1.0),13/05/26 23:00:00,Annual,Thousand persons,Total - all NACE activities,Employees domestic concept,Czechia,2023,4639.86,,
ESTAT:NAMA_10_A64_E$DEFAULTVIEW(1.0),13/05/26 23:00:00,Annual,Thousand persons,Total - all NACE activities,Employees domestic concept,Czechia,2024,4668.94,,
ESTAT:NAMA_10_A64_E$DEFAULTVIEW(1.0),13/05/26 23:00:00,Annual,Thousand persons,Total - all NACE activities,Employees domestic concept,Germany,2016,39326.00,,
ESTAT:NAMA_10_A64_E$DEFAULTVIEW(1.0),13/05/26 23:00:00,Annual,Thousand persons,Total - all NACE activities,Employees domestic concept,Germany,2017,39997.00,,
ESTAT:NAMA_10_A64_E$DEFAULTVIEW(1.0),13/05/26 23:00:00,Annual,Thousand persons,Total - all NACE activities,Employees domestic concept,Germany,2018,40649.00,,
ESTAT:NAMA_10_A64_E$DEFAULTVIEW(1.0),13/05/26 23:00:00,Annual,Thousand persons,Total - all NACE activities,Employees domestic concept,Germany,2019,41145.00,,
ESTAT:NAMA_10_A64_E$DEFAULTVIEW(1.0),13/05/26 23:00:00,Annual,Thousand persons,Total - all NACE activities,Employees domestic concept,Germany,2020,40927.00,,
ESTAT:NAMA_10_A64_E$DEFAULTVIEW(1.0),13/05/26 23:00:00,Annual,Thousand persons,Total - all NACE activities,Employees domestic concept,Germany,2021,41097.00,,
ESTAT:NAMA_10_A64_E$DEFAULTVIEW(1.0),13/05/26 23:00:00,Annual,Thousand persons,Total - all NACE activities,Employees domestic concept,Germany,2022,41767.00,p,
ESTAT:NAMA_10_A64_E$DEFAULTVIEW(1.0),13/05/26 23:00:00,Annual,Thousand persons,Total - all NACE activities,Employees domestic concept,Germany,2023,42148.00,p,
ESTAT:NAMA_10_A64_E$DEFAULTVIEW(1.0),13/05/26 23:00:00,Annual,Thousand persons,Total - all NACE activities,Employees domestic concept,Germany,2024,42283.00,p,
ESTAT:NAMA_10_A64_E$DEFAULTVIEW(1.0),13/05/26 23:00:00,Annual,Thousand persons,Total - all NACE activities,Employees domestic concept,Denmark,2016,2693.15,,
ESTAT:NAMA_10_A64_E$DEFAULTVIEW(1.0),13/05/26 23:00:00,Annual,Thousand persons,Total - all NACE activities,Employees domestic concept,Denmark,2017,2735.66,,
ESTAT:NAMA_10_A64_E$DEFAULTVIEW(1.0),13/05/26 23:00:00,Annual,Thousand persons,Total - all NACE activities,Employees domestic concept,Denmark,2018,2780.13,,
ESTAT:NAMA_10_A64_E$DEFAULTVIEW(1.0),13/05/26 23:00:00,Annual,Thousand persons,Total - all NACE activities,Employees domestic concept,Denmark,2019,2823.00,,
ESTAT:NAMA_10_A64_E$DEFAULTVIEW(1.0),13/05/26 23:00:00,Annual,Thousand persons,Total - all NACE activities,Employees domestic concept,Denmark,2020,2792.48,,
ESTAT:NAMA_10_A64_E$DEFAULTVIEW(1.0),13/05/26 23:00:00,Annual,Thousand persons,Total - all NACE activities,Employees domestic concept,Denmark,2021,2860.10,,
ESTAT:NAMA_10_A64_E$DEFAULTVIEW(1.0),13/05/26 23:00:00,Annual,Thousand persons,Total - all NACE activities,Employees domestic concept,Denmark,2022,2981.21,,
ESTAT:NAMA_10_A64_E$DEFAULTVIEW(1.0),13/05/26 23:00:00,Annual,Thousand persons,Total - all NACE activities,Employees domestic concept,Denmark,2023,3020.18,,
ESTAT:NAMA_10_A64_E$DEFAULTVIEW(1.0),13/05/26 23:00:00,Annual,Thousand persons,Total - all NACE activities,Employees domestic concept,Denmark,2024,3043.15,,
ESTAT:NAMA_10_A64_E$DEFAULTVIEW(1.0),13/05/26 23:00:00,Annual,Thousand persons,Total - all NACE activities,Employees domestic concept,Euro area - 12 countries (2001-2006),2016,125280.71,,
ESTAT:NAMA_10_A64_E$DEFAULTVIEW(1.0),13/05/26 23:00:00,Annual,Thousand persons,Total - all NACE activities,Employees domestic concept,Euro area - 12 countries (2001-2006),2017,127723.82,,
ESTAT:NAMA_10_A64_E$DEFAULTVIEW(1.0),13/05/26 23:00:00,Annual,Thousand persons,Total - all NACE activities,Employees domestic concept,Euro area - 12 countries (2001-2006),2018,130112.95,,
ESTAT:NAMA_10_A64_E$DEFAULTVIEW(1.0),13/05/26 23:00:00,Annual,Thousand persons,Total - all NACE activities,Employees domestic concept,Euro area - 12 countries (2001-2006),2019,132051.15,,
ESTAT:NAMA_10_A64_E$DEFAULTVIEW(1.0),13/05/26 23:00:00,Annual,Thousand persons,Total - all NACE activities,Employees domestic concept,Euro area - 12 countries (2001-2006),2020,130088.86,,
ESTAT:NAMA_10_A64_E$DEFAULTVIEW(1.0),13/05/26 23:00:00,Annual,Thousand persons,Total - all NACE activities,Employees domestic concept,Euro area - 12 countries (2001-2006),2021,132400.51,,
ESTAT:NAMA_10_A64_E$DEFAULTVIEW(1.0),13/05/26 23:00:00,Annual,Thousand persons,Total - all NACE activities,Employees domestic concept,Euro area - 12 countries (2001-2006),2022,135771.75,,
ESTAT:NAMA_10_A64_E$DEFAULTVIEW(1.0),13/05/26 23:00:00,Annual,Thousand persons,Total - all NACE activities,Employees domestic concept,Euro area - 12 countries (2001-2006),2023,137936.17,,
ESTAT:NAMA_10_A64_E$DEFAULTVIEW(1.0),13/05/26 23:00:00,Annual,Thousand persons,Total - all NACE activities,Employees domestic concept,Euro area - 12 countries (2001-2006),2024,139275.16,,
ESTAT:NAMA_10_A64_E$DEFAULTVIEW(1.0),13/05/26 23:00:00,Annual,Thousand persons,Total - all NACE activities,Employees domestic concept,Euro area - 19 countries  (2015-2022),2016,131122.84,,
ESTAT:NAMA_10_A64_E$DEFAULTVIEW(1.0),13/05/26 23:00:00,Annual,Thousand persons,Total - all NACE activities,Employees domestic concept,Euro area - 19 countries  (2015-2022),2017,133680.88,,
ESTAT:NAMA_10_A64_E$DEFAULTVIEW(1.0),13/05/26 23:00:00,Annual,Thousand persons,Total - all NACE activities,Employees domestic concept,Euro area - 19 countries  (2015-2022),2018,136230.56,,
ESTAT:NAMA_10_A64_E$DEFAULTVIEW(1.0),13/05/26 23:00:00,Annual,Thousand persons,Total - all NACE activities,Employees domestic concept,Euro area - 19 countries  (2015-2022),2019,138269.14,,
ESTAT:NAMA_10_A64_E$DEFAULTVIEW(1.0),13/05/26 23:00:00,Annual,Thousand persons,Total - all NACE activities,Employees domestic concept,Euro area - 19 countries  (2015-2022),2020,136215.75,,
ESTAT:NAMA_10_A64_E$DEFAULTVIEW(1.0),13/05/26 23:00:00,Annual,Thousand persons,Total - all NACE activities,Employees domestic concept,Euro area - 19 countries  (2015-2022),2021,138534.44,,
ESTAT:NAMA_10_A64_E$DEFAULTVIEW(1.0),13/05/26 23:00:00,Annual,Thousand persons,Total - all NACE activities,Employees domestic concept,Euro area - 19 countries  (2015-2022),2022,142068.22,,
ESTAT:NAMA_10_A64_E$DEFAULTVIEW(1.0),13/05/26 23:00:00,Annual,Thousand persons,Total - all NACE activities,Employees domestic concept,Euro area - 19 countries  (2015-2022),2023,144345.89,,
ESTAT:NAMA_10_A64_E$DEFAULTVIEW(1.0),13/05/26 23:00:00,Annual,Thousand persons,Total - all NACE activities,Employees domestic concept,Euro area - 19 countries  (2015-2022),2024,145703.81,,
ESTAT:NAMA_10_A64_E$DEFAULTVIEW(1.0),13/05/26 23:00:00,Annual,Thousand persons,Total - all NACE activities,Employees domestic concept,Euro area – 20 countries (2023-2025),2016,132444.19,,
ESTAT:NAMA_10_A64_E$DEFAULTVIEW(1.0),13/05/26 23:00:00,Annual,Thousand persons,Total - all NACE activities,Employees domestic concept,Euro area – 20 countries (2023-2025),2017,135038.76,,
ESTAT:NAMA_10_A64_E$DEFAULTVIEW(1.0),13/05/26 23:00:00,Annual,Thousand persons,Total - all NACE activities,Employees domestic concept,Euro area – 20 countries (2023-2025),2018,137606.31,,
ESTAT:NAMA_10_A64_E$DEFAULTVIEW(1.0),13/05/26 23:00:00,Annual,Thousand persons,Total - all NACE activities,Employees domestic concept,Euro area – 20 countries (2023-2025),2019,139669.90,,
ESTAT:NAMA_10_A64_E$DEFAULTVIEW(1.0),13/05/26 23:00:00,Annual,Thousand persons,Total - all NACE activities,Employees domestic concept,Euro area – 20 countries (2023-2025),2020,137596.19,,
ESTAT:NAMA_10_A64_E$DEFAULTVIEW(1.0),13/05/26 23:00:00,Annual,Thousand persons,Total - all NACE activities,Employees domestic concept,Euro area – 20 countries (2023-2025),2021,139922.81,,
ESTAT:NAMA_10_A64_E$DEFAULTVIEW(1.0),13/05/26 23:00:00,Annual,Thousand persons,Total - all NACE activities,Employees domestic concept,Euro area – 20 countries (2023-2025),2022,143482.63,,
ESTAT:NAMA_10_A64_E$DEFAULTVIEW(1.0),13/05/26 23:00:00,Annual,Thousand persons,Total - all NACE activities,Employees domestic concept,Euro area – 20 countries (2023-2025),2023,145789.40,,
ESTAT:NAMA_10_A64_E$DEFAULTVIEW(1.0),13/05/26 23:00:00,Annual,Thousand persons,Total - all NACE activities,Employees domestic concept,Euro area – 20 countries (2023-2025),2024,147238.38,,
ESTAT:NAMA_10_A64_E$DEFAULTVIEW(1.0),13/05/26 23:00:00,Annual,Thousand persons,Total - all NACE activities,Employees domestic concept,Euro area – 21 countries (from 2026),2016,135020.27,,
ESTAT:NAMA_10_A64_E$DEFAULTVIEW(1.0),13/05/26 23:00:00,Annual,Thousand persons,Total - all NACE activities,Employees domestic concept,Euro area – 21 countries (from 2026),2017,137623.14,,
ESTAT:NAMA_10_A64_E$DEFAULTVIEW(1.0),13/05/26 23:00:00,Annual,Thousand persons,Total - all NACE activities,Employees domestic concept,Euro area – 21 countries (from 2026),2018,140212.26,,
ESTAT:NAMA_10_A64_E$DEFAULTVIEW(1.0),13/05/26 23:00:00,Annual,Thousand persons,Total - all NACE activities,Employees domestic concept,Euro area – 21 countries (from 2026),2019,142316.10,,
ESTAT:NAMA_10_A64_E$DEFAULTVIEW(1.0),13/05/26 23:00:00,Annual,Thousand persons,Total - all NACE activities,Employees domestic concept,Euro area – 21 countries (from 2026),2020,140169.49,,
ESTAT:NAMA_10_A64_E$DEFAULTVIEW(1.0),13/05/26 23:00:00,Annual,Thousand persons,Total - all NACE activities,Employees domestic concept,Euro area – 21 countries (from 2026),2021,142520.96,,
ESTAT:NAMA_10_A64_E$DEFAULTVIEW(1.0),13/05/26 23:00:00,Annual,Thousand persons,Total - all NACE activities,Employees domestic concept,Euro area – 21 countries (from 2026),2022,146091.75,,
ESTAT:NAMA_10_A64_E$DEFAULTVIEW(1.0),13/05/26 23:00:00,Annual,Thousand persons,Total - all NACE activities,Employees domestic concept,Euro area – 21 countries (from 2026),2023,148436.66,,
ESTAT:NAMA_10_A64_E$DEFAULTVIEW(1.0),13/05/26 23:00:00,Annual,Thousand persons,Total - all NACE activities,Employees domestic concept,Euro area – 21 countries (from 2026),2024,149910.33,,
ESTAT:NAMA_10_A64_E$DEFAULTVIEW(1.0),13/05/26 23:00:00,Annual,Thousand persons,Total - all NACE activities,Employees domestic concept,Estonia,2016,568.38,,
ESTAT:NAMA_10_A64_E$DEFAULTVIEW(1.0),13/05/26 23:00:00,Annual,Thousand persons,Total - all NACE activities,Employees domestic concept,Estonia,2017,573.26,,
ESTAT:NAMA_10_A64_E$DEFAULTVIEW(1.0),13/05/26 23:00:00,Annual,Thousand persons,Total - all NACE activities,Employees domestic concept,Estonia,2018,580.21,,
ESTAT:NAMA_10_A64_E$DEFAULTVIEW(1.0),13/05/26 23:00:00,Annual,Thousand persons,Total - all NACE activities,Employees domestic concept,Estonia,2019,578.38,,
ESTAT:NAMA_10_A64_E$DEFAULTVIEW(1.0),13/05/26 23:00:00,Annual,Thousand persons,Total - all NACE activities,Employees domestic concept,Estonia,2020,574.82,,
ESTAT:NAMA_10_A64_E$DEFAULTVIEW(1.0),13/05/26 23:00:00,Annual,Thousand persons,Total - all NACE activities,Employees domestic concept,Estonia,2021,578.94,,
ESTAT:NAMA_10_A64_E$DEFAULTVIEW(1.0),13/05/26 23:00:00,Annual,Thousand persons,Total - all NACE activities,Employees domestic concept,Estonia,2022,593.16,,
ESTAT:NAMA_10_A64_E$DEFAULTVIEW(1.0),13/05/26 23:00:00,Annual,Thousand persons,Total - all NACE activities,Employees domestic concept,Estonia,2023,606.46,,
ESTAT:NAMA_10_A64_E$DEFAULTVIEW(1.0),13/05/26 23:00:00,Annual,Thousand persons,Total - all NACE activities,Employees domestic concept,Estonia,2024,607.72,,
ESTAT:NAMA_10_A64_E$DEFAULTVIEW(1.0),13/05/26 23:00:00,Annual,Thousand persons,Total - all NACE activities,Employees domestic concept,Greece,2016,3154.00,,
ESTAT:NAMA_10_A64_E$DEFAULTVIEW(1.0),13/05/26 23:00:00,Annual,Thousand persons,Total - all NACE activities,Employees domestic concept,Greece,2017,3149.10,,
ESTAT:NAMA_10_A64_E$DEFAULTVIEW(1.0),13/05/26 23:00:00,Annual,Thousand persons,Total - all NACE activities,Employees domestic concept,Greece,2018,3377.20,,
ESTAT:NAMA_10_A64_E$DEFAULTVIEW(1.0),13/05/26 23:00:00,Annual,Thousand persons,Total - all NACE activities,Employees domestic concept,Greece,2019,3478.70,,
ESTAT:NAMA_10_A64_E$DEFAULTVIEW(1.0),13/05/26 23:00:00,Annual,Thousand persons,Total - all NACE activities,Employees domestic concept,Greece,2020,3344.70,,
ESTAT:NAMA_10_A64_E$DEFAULTVIEW(1.0),13/05/26 23:00:00,Annual,Thousand persons,Total - all NACE activities,Employees domestic concept,Greece,2021,3534.70,,
ESTAT:NAMA_10_A64_E$DEFAULTVIEW(1.0),13/05/26 23:00:00,Annual,Thousand persons,Total - all NACE activities,Employees domestic concept,Greece,2022,3687.30,,
ESTAT:NAMA_10_A64_E$DEFAULTVIEW(1.0),13/05/26 23:00:00,Annual,Thousand persons,Total - all NACE activities,Employees domestic concept,Greece,2023,3760.40,p,
ESTAT:NAMA_10_A64_E$DEFAULTVIEW(1.0),13/05/26 23:00:00,Annual,Thousand persons,Total - all NACE activities,Employees domestic concept,Greece,2024,3815.10,p,
ESTAT:NAMA_10_A64_E$DEFAULTVIEW(1.0),13/05/26 23:00:00,Annual,Thousand persons,Total - all NACE activities,Employees domestic concept,Spain,2016,16129.60,,
ESTAT:NAMA_10_A64_E$DEFAULTVIEW(1.0),13/05/26 23:00:00,Annual,Thousand persons,Total - all NACE activities,Employees domestic concept,Spain,2017,16645.60,,
ESTAT:NAMA_10_A64_E$DEFAULTVIEW(1.0),13/05/26 23:00:00,Annual,Thousand persons,Total - all NACE activities,Employees domestic concept,Spain,2018,17063.50,,
ESTAT:NAMA_10_A64_E$DEFAULTVIEW(1.0),13/05/26 23:00:00,Annual,Thousand persons,Total - all NACE activities,Employees domestic concept,Spain,2019,17553.40,,
ESTAT:NAMA_10_A64_E$DEFAULTVIEW(1.0),13/05/26 23:00:00,Annual,Thousand persons,Total - all NACE activities,Employees domestic concept,Spain,2020,16709.10,,
ESTAT:NAMA_10_A64_E$DEFAULTVIEW(1.0),13/05/26 23:00:00,Annual,Thousand persons,Total - all NACE activities,Employees domestic concept,Spain,2021,17145.80,,
ESTAT:NAMA_10_A64_E$DEFAULTVIEW(1.0),13/05/26 23:00:00,Annual,Thousand persons,Total - all NACE activities,Employees domestic concept,Spain,2022,17790.50,,
ESTAT:NAMA_10_A64_E$DEFAULTVIEW(1.0),13/05/26 23:00:00,Annual,Thousand persons,Total - all NACE activities,Employees domestic concept,Spain,2023,18368.90,p,
ESTAT:NAMA_10_A64_E$DEFAULTVIEW(1.0),13/05/26 23:00:00,Annual,Thousand persons,Total - all NACE activities,Employees domestic concept,Spain,2024,18849.60,p,
ESTAT:NAMA_10_A64_E$DEFAULTVIEW(1.0),13/05/26 23:00:00,Annual,Thousand persons,Total - all NACE activities,Employees domestic concept,European Union - 27 countries (from 2020),2016,170043.94,,
ESTAT:NAMA_10_A64_E$DEFAULTVIEW(1.0),13/05/26 23:00:00,Annual,Thousand persons,Total - all NACE activities,Employees domestic concept,European Union - 27 countries (from 2020),2017,173352.07,,
ESTAT:NAMA_10_A64_E$DEFAULTVIEW(1.0),13/05/26 23:00:00,Annual,Thousand persons,Total - all NACE activities,Employees domestic concept,European Union - 27 countries (from 2020),2018,176392.34,,
ESTAT:NAMA_10_A64_E$DEFAULTVIEW(1.0),13/05/26 23:00:00,Annual,Thousand persons,Total - all NACE activities,Employees domestic concept,European Union - 27 countries (from 2020),2019,179144.80,,
ESTAT:NAMA_10_A64_E$DEFAULTVIEW(1.0),13/05/26 23:00:00,Annual,Thousand persons,Total - all NACE activities,Employees domestic concept,European Union - 27 countries (from 2020),2020,176541.87,,
ESTAT:NAMA_10_A64_E$DEFAULTVIEW(1.0),13/05/26 23:00:00,Annual,Thousand persons,Total - all NACE activities,Employees domestic concept,European Union - 27 countries (from 2020),2021,179581.55,,
ESTAT:NAMA_10_A64_E$DEFAULTVIEW(1.0),13/05/26 23:00:00,Annual,Thousand persons,Total - all NACE activities,Employees domestic concept,European Union - 27 countries (from 2020),2022,183819.22,,
ESTAT:NAMA_10_A64_E$DEFAULTVIEW(1.0),13/05/26 23:00:00,Annual,Thousand persons,Total - all NACE activities,Employees domestic concept,European Union - 27 countries (from 2020),2023,186286.54,,
ESTAT:NAMA_10_A64_E$DEFAULTVIEW(1.0),13/05/26 23:00:00,Annual,Thousand persons,Total - all NACE activities,Employees domestic concept,European Union - 27 countries (from 2020),2024,187956.60,,
ESTAT:NAMA_10_A64_E$DEFAULTVIEW(1.0),13/05/26 23:00:00,Annual,Thousand persons,Total - all NACE activities,Employees domestic concept,Finland,2016,2229.00,,
ESTAT:NAMA_10_A64_E$DEFAULTVIEW(1.0),13/05/26 23:00:00,Annual,Thousand persons,Total - all NACE activities,Employees domestic concept,Finland,2017,2257.50,,
ESTAT:NAMA_10_A64_E$DEFAULTVIEW(1.0),13/05/26 23:00:00,Annual,Thousand persons,Total - all NACE activities,Employees domestic concept,Finland,2018,2316.70,,
ESTAT:NAMA_10_A64_E$DEFAULTVIEW(1.0),13/05/26 23:00:00,Annual,Thousand persons,Total - all NACE activities,Employees domestic concept,Finland,2019,2348.90,,
ESTAT:NAMA_10_A64_E$DEFAULTVIEW(1.0),13/05/26 23:00:00,Annual,Thousand persons,Total - all NACE activities,Employees domestic concept,Finland,2020,2298.40,,
ESTAT:NAMA_10_A64_E$DEFAULTVIEW(1.0),13/05/26 23:00:00,Annual,Thousand persons,Total - all NACE activities,Employees domestic concept,Finland,2021,2352.40,,
ESTAT:NAMA_10_A64_E$DEFAULTVIEW(1.0),13/05/26 23:00:00,Annual,Thousand persons,Total - all NACE activities,Employees domestic concept,Finland,2022,2450.50,,
ESTAT:NAMA_10_A64_E$DEFAULTVIEW(1.0),13/05/26 23:00:00,Annual,Thousand persons,Total - all NACE activities,Employees domestic concept,Finland,2023,2490.40,,
ESTAT:NAMA_10_A64_E$DEFAULTVIEW(1.0),13/05/26 23:00:00,Annual,Thousand persons,Total - all NACE activities,Employees domestic concept,Finland,2024,2472.40,,
ESTAT:NAMA_10_A64_E$DEFAULTVIEW(1.0),13/05/26 23:00:00,Annual,Thousand persons,Total - all NACE activities,Employees domestic concept,France,2016,24920.20,,
ESTAT:NAMA_10_A64_E$DEFAULTVIEW(1.0),13/05/26 23:00:00,Annual,Thousand persons,Total - all NACE activities,Employees domestic concept,France,2017,25222.40,,
ESTAT:NAMA_10_A64_E$DEFAULTVIEW(1.0),13/05/26 23:00:00,Annual,Thousand persons,Total - all NACE activities,Employees domestic concept,France,2018,25462.60,,
ESTAT:NAMA_10_A64_E$DEFAULTVIEW(1.0),13/05/26 23:00:00,Annual,Thousand persons,Total - all NACE activities,Employees domestic concept,France,2019,25704.10,,
ESTAT:NAMA_10_A64_E$DEFAULTVIEW(1.0),13/05/26 23:00:00,Annual,Thousand persons,Total - all NACE activities,Employees domestic concept,France,2020,25609.50,,
ESTAT:NAMA_10_A64_E$DEFAULTVIEW(1.0),13/05/26 23:00:00,Annual,Thousand persons,Total - all NACE activities,Employees domestic concept,France,2021,26247.70,,
ESTAT:NAMA_10_A64_E$DEFAULTVIEW(1.0),13/05/26 23:00:00,Annual,Thousand persons,Total - all NACE activities,Employees domestic concept,France,2022,26808.00,,
ESTAT:NAMA_10_A64_E$DEFAULTVIEW(1.0),13/05/26 23:00:00,Annual,Thousand persons,Total - all NACE activities,Employees domestic concept,France,2023,27064.90,p,
ESTAT:NAMA_10_A64_E$DEFAULTVIEW(1.0),13/05/26 23:00:00,Annual,Thousand persons,Total - all NACE activities,Employees domestic concept,France,2024,27207.90,p,
ESTAT:NAMA_10_A64_E$DEFAULTVIEW(1.0),13/05/26 23:00:00,Annual,Thousand persons,Total - all NACE activities,Employees domestic concept,Croatia,2016,1321.35,,
ESTAT:NAMA_10_A64_E$DEFAULTVIEW(1.0),13/05/26 23:00:00,Annual,Thousand persons,Total - all NACE activities,Employees domestic concept,Croatia,2017,1357.87,,
ESTAT:NAMA_10_A64_E$DEFAULTVIEW(1.0),13/05/26 23:00:00,Annual,Thousand persons,Total - all NACE activities,Employees domestic concept,Croatia,2018,1375.75,,
ESTAT:NAMA_10_A64_E$DEFAULTVIEW(1.0),13/05/26 23:00:00,Annual,Thousand persons,Total - all NACE activities,Employees domestic concept,Croatia,2019,1400.77,,
ESTAT:NAMA_10_A64_E$DEFAULTVIEW(1.0),13/05/26 23:00:00,Annual,Thousand persons,Total - all NACE activities,Employees domestic concept,Croatia,2020,1380.44,,
ESTAT:NAMA_10_A64_E$DEFAULTVIEW(1.0),13/05/26 23:00:00,Annual,Thousand persons,Total - all NACE activities,Employees domestic concept,Croatia,2021,1388.37,,
ESTAT:NAMA_10_A64_E$DEFAULTVIEW(1.0),13/05/26 23:00:00,Annual,Thousand persons,Total - all NACE activities,Employees domestic concept,Croatia,2022,1414.41,,
ESTAT:NAMA_10_A64_E$DEFAULTVIEW(1.0),13/05/26 23:00:00,Annual,Thousand persons,Total - all NACE activities,Employees domestic concept,Croatia,2023,1443.52,,
ESTAT:NAMA_10_A64_E$DEFAULTVIEW(1.0),13/05/26 23:00:00,Annual,Thousand persons,Total - all NACE activities,Employees domestic concept,Croatia,2024,1534.57,p,
ESTAT:NAMA_10_A64_E$DEFAULTVIEW(1.0),13/05/26 23:00:00,Annual,Thousand persons,Total - all NACE activities,Employees domestic concept,Hungary,2016,4130.31,,
ESTAT:NAMA_10_A64_E$DEFAULTVIEW(1.0),13/05/26 23:00:00,Annual,Thousand persons,Total - all NACE activities,Employees domestic concept,Hungary,2017,4191.31,,
ESTAT:NAMA_10_A64_E$DEFAULTVIEW(1.0),13/05/26 23:00:00,Annual,Thousand persons,Total - all NACE activities,Employees domestic concept,Hungary,2018,4262.30,,
ESTAT:NAMA_10_A64_E$DEFAULTVIEW(1.0),13/05/26 23:00:00,Annual,Thousand persons,Total - all NACE activities,Employees domestic concept,Hungary,2019,4297.79,,
ESTAT:NAMA_10_A64_E$DEFAULTVIEW(1.0),13/05/26 23:00:00,Annual,Thousand persons,Total - all NACE activities,Employees domestic concept,Hungary,2020,4191.06,,
ESTAT:NAMA_10_A64_E$DEFAULTVIEW(1.0),13/05/26 23:00:00,Annual,Thousand persons,Total - all NACE activities,Employees domestic concept,Hungary,2021,4281.65,,
ESTAT:NAMA_10_A64_E$DEFAULTVIEW(1.0),13/05/26 23:00:00,Annual,Thousand persons,Total - all NACE activities,Employees domestic concept,Hungary,2022,4347.81,,
ESTAT:NAMA_10_A64_E$DEFAULTVIEW(1.0),13/05/26 23:00:00,Annual,Thousand persons,Total - all NACE activities,Employees domestic concept,Hungary,2023,4397.18,,
ESTAT:NAMA_10_A64_E$DEFAULTVIEW(1.0),13/05/26 23:00:00,Annual,Thousand persons,Total - all NACE activities,Employees domestic concept,Hungary,2024,4401.69,,
ESTAT:NAMA_10_A64_E$DEFAULTVIEW(1.0),13/05/26 23:00:00,Annual,Thousand persons,Total - all NACE activities,Employees domestic concept,Ireland,2016,1785.83,,
ESTAT:NAMA_10_A64_E$DEFAULTVIEW(1.0),13/05/26 23:00:00,Annual,Thousand persons,Total - all NACE activities,Employees domestic concept,Ireland,2017,1858.43,,
ESTAT:NAMA_10_A64_E$DEFAULTVIEW(1.0),13/05/26 23:00:00,Annual,Thousand persons,Total - all NACE activities,Employees domestic concept,Ireland,2018,1922.72,,
ESTAT:NAMA_10_A64_E$DEFAULTVIEW(1.0),13/05/26 23:00:00,Annual,Thousand persons,Total - all NACE activities,Employees domestic concept,Ireland,2019,1998.26,,
ESTAT:NAMA_10_A64_E$DEFAULTVIEW(1.0),13/05/26 23:00:00,Annual,Thousand persons,Total - all NACE activities,Employees domestic concept,Ireland,2020,1939.66,,
ESTAT:NAMA_10_A64_E$DEFAULTVIEW(1.0),13/05/26 23:00:00,Annual,Thousand persons,Total - all NACE activities,Employees domestic concept,Ireland,2021,2084.41,,
ESTAT:NAMA_10_A64_E$DEFAULTVIEW(1.0),13/05/26 23:00:00,Annual,Thousand persons,Total - all NACE activities,Employees domestic concept,Ireland,2022,2230.13,,
ESTAT:NAMA_10_A64_E$DEFAULTVIEW(1.0),13/05/26 23:00:00,Annual,Thousand persons,Total - all NACE activities,Employees domestic concept,Ireland,2023,2315.12,,
ESTAT:NAMA_10_A64_E$DEFAULTVIEW(1.0),13/05/26 23:00:00,Annual,Thousand persons,Total - all NACE activities,Employees domestic concept,Ireland,2024,2385.81,,
ESTAT:NAMA_10_A64_E$DEFAULTVIEW(1.0),13/05/26 23:00:00,Annual,Thousand persons,Total - all NACE activities,Employees domestic concept,Iceland,2016,178.47,p,
ESTAT:NAMA_10_A64_E$DEFAULTVIEW(1.0),13/05/26 23:00:00,Annual,Thousand persons,Total - all NACE activities,Employees domestic concept,Iceland,2017,186.88,p,
ESTAT:NAMA_10_A64_E$DEFAULTVIEW(1.0),13/05/26 23:00:00,Annual,Thousand persons,Total - all NACE activities,Employees domestic concept,Iceland,2018,192.79,p,
ESTAT:NAMA_10_A64_E$DEFAULTVIEW(1.0),13/05/26 23:00:00,Annual,Thousand persons,Total - all NACE activities,Employees domestic concept,Iceland,2019,192.30,p,
ESTAT:NAMA_10_A64_E$DEFAULTVIEW(1.0),13/05/26 23:00:00,Annual,Thousand persons,Total - all NACE activities,Employees domestic concept,Iceland,2020,182.90,p,
ESTAT:NAMA_10_A64_E$DEFAULTVIEW(1.0),13/05/26 23:00:00,Annual,Thousand persons,Total - all NACE activities,Employees domestic concept,Iceland,2021,185.67,p,
ESTAT:NAMA_10_A64_E$DEFAULTVIEW(1.0),13/05/26 23:00:00,Annual,Thousand persons,Total - all NACE activities,Employees domestic concept,Iceland,2022,199.13,p,
ESTAT:NAMA_10_A64_E$DEFAULTVIEW(1.0),13/05/26 23:00:00,Annual,Thousand persons,Total - all NACE activities,Employees domestic concept,Iceland,2023,208.13,p,
ESTAT:NAMA_10_A64_E$DEFAULTVIEW(1.0),13/05/26 23:00:00,Annual,Thousand persons,Total - all NACE activities,Employees domestic concept,Iceland,2024,211.84,p,
ESTAT:NAMA_10_A64_E$DEFAULTVIEW(1.0),13/05/26 23:00:00,Annual,Thousand persons,Total - all NACE activities,Employees domestic concept,Iceland,2025,214.33,p,
ESTAT:NAMA_10_A64_E$DEFAULTVIEW(1.0),13/05/26 23:00:00,Annual,Thousand persons,Total - all NACE activities,Employees domestic concept,Italy,2016,18294.30,,
ESTAT:NAMA_10_A64_E$DEFAULTVIEW(1.0),13/05/26 23:00:00,Annual,Thousand persons,Total - all NACE activities,Employees domestic concept,Italy,2017,18682.60,,
ESTAT:NAMA_10_A64_E$DEFAULTVIEW(1.0),13/05/26 23:00:00,Annual,Thousand persons,Total - all NACE activities,Employees domestic concept,Italy,2018,18947.10,,
ESTAT:NAMA_10_A64_E$DEFAULTVIEW(1.0),13/05/26 23:00:00,Annual,Thousand persons,Total - all NACE activities,Employees domestic concept,Italy,2019,19112.90,,
ESTAT:NAMA_10_A64_E$DEFAULTVIEW(1.0),13/05/26 23:00:00,Annual,Thousand persons,Total - all NACE activities,Employees domestic concept,Italy,2020,18778.80,,
ESTAT:NAMA_10_A64_E$DEFAULTVIEW(1.0),13/05/26 23:00:00,Annual,Thousand persons,Total - all NACE activities,Employees domestic concept,Italy,2021,19147.90,,
ESTAT:NAMA_10_A64_E$DEFAULTVIEW(1.0),13/05/26 23:00:00,Annual,Thousand persons,Total - all NACE activities,Employees domestic concept,Italy,2022,19594.60,,
ESTAT:NAMA_10_A64_E$DEFAULTVIEW(1.0),13/05/26 23:00:00,Annual,Thousand persons,Total - all NACE activities,Employees domestic concept,Italy,2023,20052.80,,
ESTAT:NAMA_10_A64_E$DEFAULTVIEW(1.0),13/05/26 23:00:00,Annual,Thousand persons,Total - all NACE activities,Employees domestic concept,Italy,2024,20443.30,,
ESTAT:NAMA_10_A64_E$DEFAULTVIEW(1.0),13/05/26 23:00:00,Annual,Thousand persons,Total - all NACE activities,Employees domestic concept,Italy,2025,20616.90,,
ESTAT:NAMA_10_A64_E$DEFAULTVIEW(1.0),13/05/26 23:00:00,Annual,Thousand persons,Total - all NACE activities,Employees domestic concept,Lithuania,2016,1205.13,,
ESTAT:NAMA_10_A64_E$DEFAULTVIEW(1.0),13/05/26 23:00:00,Annual,Thousand persons,Total - all NACE activities,Employees domestic concept,Lithuania,2017,1200.51,,
ESTAT:NAMA_10_A64_E$DEFAULTVIEW(1.0),13/05/26 23:00:00,Annual,Thousand persons,Total - all NACE activities,Employees domestic concept,Lithuania,2018,1221.54,,
ESTAT:NAMA_10_A64_E$DEFAULTVIEW(1.0),13/05/26 23:00:00,Annual,Thousand persons,Total - all NACE activities,Employees domestic concept,Lithuania,2019,1227.53,,
ESTAT:NAMA_10_A64_E$DEFAULTVIEW(1.0),13/05/26 23:00:00,Annual,Thousand persons,Total - all NACE activities,Employees domestic concept,Lithuania,2020,1211.49,,
ESTAT:NAMA_10_A64_E$DEFAULTVIEW(1.0),13/05/26 23:00:00,Annual,Thousand persons,Total - all NACE activities,Employees domestic concept,Lithuania,2021,1226.59,,
ESTAT:NAMA_10_A64_E$DEFAULTVIEW(1.0),13/05/26 23:00:00,Annual,Thousand persons,Total - all NACE activities,Employees domestic concept,Lithuania,2022,1280.15,,
ESTAT:NAMA_10_A64_E$DEFAULTVIEW(1.0),13/05/26 23:00:00,Annual,Thousand persons,Total - all NACE activities,Employees domestic concept,Lithuania,2023,1303.40,,
ESTAT:NAMA_10_A64_E$DEFAULTVIEW(1.0),13/05/26 23:00:00,Annual,Thousand persons,Total - all NACE activities,Employees domestic concept,Lithuania,2024,1325.10,,
ESTAT:NAMA_10_A64_E$DEFAULTVIEW(1.0),13/05/26 23:00:00,Annual,Thousand persons,Total - all NACE activities,Employees domestic concept,Luxembourg,2016,392.20,,
ESTAT:NAMA_10_A64_E$DEFAULTVIEW(1.0),13/05/26 23:00:00,Annual,Thousand persons,Total - all NACE activities,Employees domestic concept,Luxembourg,2017,406.34,,
ESTAT:NAMA_10_A64_E$DEFAULTVIEW(1.0),13/05/26 23:00:00,Annual,Thousand persons,Total - all NACE activities,Employees domestic concept,Luxembourg,2018,421.07,,
ESTAT:NAMA_10_A64_E$DEFAULTVIEW(1.0),13/05/26 23:00:00,Annual,Thousand persons,Total - all NACE activities,Employees domestic concept,Luxembourg,2019,436.34,,
ESTAT:NAMA_10_A64_E$DEFAULTVIEW(1.0),13/05/26 23:00:00,Annual,Thousand persons,Total - all NACE activities,Employees domestic concept,Luxembourg,2020,443.84,,
ESTAT:NAMA_10_A64_E$DEFAULTVIEW(1.0),13/05/26 23:00:00,Annual,Thousand persons,Total - all NACE activities,Employees domestic concept,Luxembourg,2021,456.91,,
ESTAT:NAMA_10_A64_E$DEFAULTVIEW(1.0),13/05/26 23:00:00,Annual,Thousand persons,Total - all NACE activities,Employees domestic concept,Luxembourg,2022,472.32,,
ESTAT:NAMA_10_A64_E$DEFAULTVIEW(1.0),13/05/26 23:00:00,Annual,Thousand persons,Total - all NACE activities,Employees domestic concept,Luxembourg,2023,481.31,,
ESTAT:NAMA_10_A64_E$DEFAULTVIEW(1.0),13/05/26 23:00:00,Annual,Thousand persons,Total - all NACE activities,Employees domestic concept,Luxembourg,2024,485.55,p,
ESTAT:NAMA_10_A64_E$DEFAULTVIEW(1.0),13/05/26 23:00:00,Annual,Thousand persons,Total - all NACE activities,Employees domestic concept,Latvia,2016,769.01,,
ESTAT:NAMA_10_A64_E$DEFAULTVIEW(1.0),13/05/26 23:00:00,Annual,Thousand persons,Total - all NACE activities,Employees domestic concept,Latvia,2017,772.24,,
ESTAT:NAMA_10_A64_E$DEFAULTVIEW(1.0),13/05/26 23:00:00,Annual,Thousand persons,Total - all NACE activities,Employees domestic concept,Latvia,2018,798.67,,
ESTAT:NAMA_10_A64_E$DEFAULTVIEW(1.0),13/05/26 23:00:00,Annual,Thousand persons,Total - all NACE activities,Employees domestic concept,Latvia,2019,816.97,,
ESTAT:NAMA_10_A64_E$DEFAULTVIEW(1.0),13/05/26 23:00:00,Annual,Thousand persons,Total - all NACE activities,Employees domestic concept,Latvia,2020,799.51,,
ESTAT:NAMA_10_A64_E$DEFAULTVIEW(1.0),13/05/26 23:00:00,Annual,Thousand persons,Total - all NACE activities,Employees domestic concept,Latvia,2021,785.54,,
ESTAT:NAMA_10_A64_E$DEFAULTVIEW(1.0),13/05/26 23:00:00,Annual,Thousand persons,Total - all NACE activities,Employees domestic concept,Latvia,2022,782.27,,
ESTAT:NAMA_10_A64_E$DEFAULTVIEW(1.0),13/05/26 23:00:00,Annual,Thousand persons,Total - all NACE activities,Employees domestic concept,Latvia,2023,813.97,,
ESTAT:NAMA_10_A64_E$DEFAULTVIEW(1.0),13/05/26 23:00:00,Annual,Thousand persons,Total - all NACE activities,Employees domestic concept,Latvia,2024,797.60,,
ESTAT:NAMA_10_A64_E$DEFAULTVIEW(1.0),13/05/26 23:00:00,Annual,Thousand persons,Total - all NACE activities,Employees domestic concept,Montenegro,2016,173.28,,
ESTAT:NAMA_10_A64_E$DEFAULTVIEW(1.0),13/05/26 23:00:00,Annual,Thousand persons,Total - all NACE activities,Employees domestic concept,Montenegro,2017,178.44,,
ESTAT:NAMA_10_A64_E$DEFAULTVIEW(1.0),13/05/26 23:00:00,Annual,Thousand persons,Total - all NACE activities,Employees domestic concept,Montenegro,2018,188.28,,
ESTAT:NAMA_10_A64_E$DEFAULTVIEW(1.0),13/05/26 23:00:00,Annual,Thousand persons,Total - all NACE activities,Employees domestic concept,Montenegro,2019,195.18,,
ESTAT:NAMA_10_A64_E$DEFAULTVIEW(1.0),13/05/26 23:00:00,Annual,Thousand persons,Total - all NACE activities,Employees domestic concept,Montenegro,2020,171.02,,
ESTAT:NAMA_10_A64_E$DEFAULTVIEW(1.0),13/05/26 23:00:00,Annual,Thousand persons,Total - all NACE activities,Employees domestic concept,Montenegro,2021,183.32,,
ESTAT:NAMA_10_A64_E$DEFAULTVIEW(1.0),13/05/26 23:00:00,Annual,Thousand persons,Total - all NACE activities,Employees domestic concept,Montenegro,2022,217.58,,
ESTAT:NAMA_10_A64_E$DEFAULTVIEW(1.0),13/05/26 23:00:00,Annual,Thousand persons,Total - all NACE activities,Employees domestic concept,Montenegro,2023,238.01,,
ESTAT:NAMA_10_A64_E$DEFAULTVIEW(1.0),13/05/26 23:00:00,Annual,Thousand persons,Total - all NACE activities,Employees domestic concept,Montenegro,2024,250.52,,
ESTAT:NAMA_10_A64_E$DEFAULTVIEW(1.0),13/05/26 23:00:00,Annual,Thousand persons,Total - all NACE activities,Employees domestic concept,Montenegro,2025,263.21,p,
ESTAT:NAMA_10_A64_E$DEFAULTVIEW(1.0),13/05/26 23:00:00,Annual,Thousand persons,Total - all NACE activities,Employees domestic concept,Malta,2016,190.40,,
ESTAT:NAMA_10_A64_E$DEFAULTVIEW(1.0),13/05/26 23:00:00,Annual,Thousand persons,Total - all NACE activities,Employees domestic concept,Malta,2017,199.61,,
ESTAT:NAMA_10_A64_E$DEFAULTVIEW(1.0),13/05/26 23:00:00,Annual,Thousand persons,Total - all NACE activities,Employees domestic concept,Malta,2018,212.25,,
ESTAT:NAMA_10_A64_E$DEFAULTVIEW(1.0),13/05/26 23:00:00,Annual,Thousand persons,Total - all NACE activities,Employees domestic concept,Malta,2019,223.96,,
ESTAT:NAMA_10_A64_E$DEFAULTVIEW(1.0),13/05/26 23:00:00,Annual,Thousand persons,Total - all NACE activities,Employees domestic concept,Malta,2020,230.79,,
ESTAT:NAMA_10_A64_E$DEFAULTVIEW(1.0),13/05/26 23:00:00,Annual,Thousand persons,Total - all NACE activities,Employees domestic concept,Malta,2021,236.85,,
ESTAT:NAMA_10_A64_E$DEFAULTVIEW(1.0),13/05/26 23:00:00,Annual,Thousand persons,Total - all NACE activities,Employees domestic concept,Malta,2022,248.76,,
ESTAT:NAMA_10_A64_E$DEFAULTVIEW(1.0),13/05/26 23:00:00,Annual,Thousand persons,Total - all NACE activities,Employees domestic concept,Malta,2023,266.66,,
ESTAT:NAMA_10_A64_E$DEFAULTVIEW(1.0),13/05/26 23:00:00,Annual,Thousand persons,Total - all NACE activities,Employees domestic concept,Malta,2024,280.32,,
ESTAT:NAMA_10_A64_E$DEFAULTVIEW(1.0),13/05/26 23:00:00,Annual,Thousand persons,Total - all NACE activities,Employees domestic concept,Malta,2025,290.79,,
ESTAT:NAMA_10_A64_E$DEFAULTVIEW(1.0),13/05/26 23:00:00,Annual,Thousand persons,Total - all NACE activities,Employees domestic concept,Netherlands,2016,7408.00,,
ESTAT:NAMA_10_A64_E$DEFAULTVIEW(1.0),13/05/26 23:00:00,Annual,Thousand persons,Total - all NACE activities,Employees domestic concept,Netherlands,2017,7597.00,,
ESTAT:NAMA_10_A64_E$DEFAULTVIEW(1.0),13/05/26 23:00:00,Annual,Thousand persons,Total - all NACE activities,Employees domestic concept,Netherlands,2018,7816.00,,
ESTAT:NAMA_10_A64_E$DEFAULTVIEW(1.0),13/05/26 23:00:00,Annual,Thousand persons,Total - all NACE activities,Employees domestic concept,Netherlands,2019,7993.00,,
ESTAT:NAMA_10_A64_E$DEFAULTVIEW(1.0),13/05/26 23:00:00,Annual,Thousand persons,Total - all NACE activities,Employees domestic concept,Netherlands,2020,7936.00,,
ESTAT:NAMA_10_A64_E$DEFAULTVIEW(1.0),13/05/26 23:00:00,Annual,Thousand persons,Total - all NACE activities,Employees domestic concept,Netherlands,2021,8056.00,,
ESTAT:NAMA_10_A64_E$DEFAULTVIEW(1.0),13/05/26 23:00:00,Annual,Thousand persons,Total - all NACE activities,Employees domestic concept,Netherlands,2022,8340.00,p,
ESTAT:NAMA_10_A64_E$DEFAULTVIEW(1.0),13/05/26 23:00:00,Annual,Thousand persons,Total - all NACE activities,Employees domestic concept,Netherlands,2023,8452.00,p,
ESTAT:NAMA_10_A64_E$DEFAULTVIEW(1.0),13/05/26 23:00:00,Annual,Thousand persons,Total - all NACE activities,Employees domestic concept,Netherlands,2024,8513.00,p,
ESTAT:NAMA_10_A64_E$DEFAULTVIEW(1.0),13/05/26 23:00:00,Annual,Thousand persons,Total - all NACE activities,Employees domestic concept,Norway,2016,2577.00,,
ESTAT:NAMA_10_A64_E$DEFAULTVIEW(1.0),13/05/26 23:00:00,Annual,Thousand persons,Total - all NACE activities,Employees domestic concept,Norway,2017,2612.00,,
ESTAT:NAMA_10_A64_E$DEFAULTVIEW(1.0),13/05/26 23:00:00,Annual,Thousand persons,Total - all NACE activities,Employees domestic concept,Norway,2018,2660.00,,
ESTAT:NAMA_10_A64_E$DEFAULTVIEW(1.0),13/05/26 23:00:00,Annual,Thousand persons,Total - all NACE activities,Employees domestic concept,Norway,2019,2707.00,,
ESTAT:NAMA_10_A64_E$DEFAULTVIEW(1.0),13/05/26 23:00:00,Annual,Thousand persons,Total - all NACE activities,Employees domestic concept,Norway,2020,2669.00,,
ESTAT:NAMA_10_A64_E$DEFAULTVIEW(1.0),13/05/26 23:00:00,Annual,Thousand persons,Total - all NACE activities,Employees domestic concept,Norway,2021,2699.00,,
ESTAT:NAMA_10_A64_E$DEFAULTVIEW(1.0),13/05/26 23:00:00,Annual,Thousand persons,Total - all NACE activities,Employees domestic concept,Norway,2022,2807.00,,
ESTAT:NAMA_10_A64_E$DEFAULTVIEW(1.0),13/05/26 23:00:00,Annual,Thousand persons,Total - all NACE activities,Employees domestic concept,Norway,2023,2844.00,,
ESTAT:NAMA_10_A64_E$DEFAULTVIEW(1.0),13/05/26 23:00:00,Annual,Thousand persons,Total - all NACE activities,Employees domestic concept,Norway,2024,2864.00,,
ESTAT:NAMA_10_A64_E$DEFAULTVIEW(1.0),13/05/26 23:00:00,Annual,Thousand persons,Total - all NACE activities,Employees domestic concept,Norway,2025,2884.00,,
ESTAT:NAMA_10_A64_E$DEFAULTVIEW(1.0),13/05/26 23:00:00,Annual,Thousand persons,Total - all NACE activities,Employees domestic concept,Poland,2016,12773.60,,
ESTAT:NAMA_10_A64_E$DEFAULTVIEW(1.0),13/05/26 23:00:00,Annual,Thousand persons,Total - all NACE activities,Employees domestic concept,Poland,2017,12999.50,,
ESTAT:NAMA_10_A64_E$DEFAULTVIEW(1.0),13/05/26 23:00:00,Annual,Thousand persons,Total - all NACE activities,Employees domestic concept,Poland,2018,13088.80,,
ESTAT:NAMA_10_A64_E$DEFAULTVIEW(1.0),13/05/26 23:00:00,Annual,Thousand persons,Total - all NACE activities,Employees domestic concept,Poland,2019,13518.10,b,
ESTAT:NAMA_10_A64_E$DEFAULTVIEW(1.0),13/05/26 23:00:00,Annual,Thousand persons,Total - all NACE activities,Employees domestic concept,Poland,2020,13470.60,,
ESTAT:NAMA_10_A64_E$DEFAULTVIEW(1.0),13/05/26 23:00:00,Annual,Thousand persons,Total - all NACE activities,Employees domestic concept,Poland,2021,13864.20,,
ESTAT:NAMA_10_A64_E$DEFAULTVIEW(1.0),13/05/26 23:00:00,Annual,Thousand persons,Total - all NACE activities,Employees domestic concept,Poland,2022,14022.10,,
ESTAT:NAMA_10_A64_E$DEFAULTVIEW(1.0),13/05/26 23:00:00,Annual,Thousand persons,Total - all NACE activities,Employees domestic concept,Poland,2023,13986.10,,
ESTAT:NAMA_10_A64_E$DEFAULTVIEW(1.0),13/05/26 23:00:00,Annual,Thousand persons,Total - all NACE activities,Employees domestic concept,Poland,2024,14064.30,,
ESTAT:NAMA_10_A64_E$DEFAULTVIEW(1.0),13/05/26 23:00:00,Annual,Thousand persons,Total - all NACE activities,Employees domestic concept,Portugal,2016,3955.55,,
ESTAT:NAMA_10_A64_E$DEFAULTVIEW(1.0),13/05/26 23:00:00,Annual,Thousand persons,Total - all NACE activities,Employees domestic concept,Portugal,2017,4093.35,,
ESTAT:NAMA_10_A64_E$DEFAULTVIEW(1.0),13/05/26 23:00:00,Annual,Thousand persons,Total - all NACE activities,Employees domestic concept,Portugal,2018,4180.24,,
ESTAT:NAMA_10_A64_E$DEFAULTVIEW(1.0),13/05/26 23:00:00,Annual,Thousand persons,Total - all NACE activities,Employees domestic concept,Portugal,2019,4208.36,,
ESTAT:NAMA_10_A64_E$DEFAULTVIEW(1.0),13/05/26 23:00:00,Annual,Thousand persons,Total - all NACE activities,Employees domestic concept,Portugal,2020,4130.11,,
ESTAT:NAMA_10_A64_E$DEFAULTVIEW(1.0),13/05/26 23:00:00,Annual,Thousand persons,Total - all NACE activities,Employees domestic concept,Portugal,2021,4176.80,,
ESTAT:NAMA_10_A64_E$DEFAULTVIEW(1.0),13/05/26 23:00:00,Annual,Thousand persons,Total - all NACE activities,Employees domestic concept,Portugal,2022,4331.78,,
ESTAT:NAMA_10_A64_E$DEFAULTVIEW(1.0),13/05/26 23:00:00,Annual,Thousand persons,Total - all NACE activities,Employees domestic concept,Portugal,2023,4429.32,,
ESTAT:NAMA_10_A64_E$DEFAULTVIEW(1.0),13/05/26 23:00:00,Annual,Thousand persons,Total - all NACE activities,Employees domestic concept,Portugal,2024,4473.54,p,
ESTAT:NAMA_10_A64_E$DEFAULTVIEW(1.0),13/05/26 23:00:00,Annual,Thousand persons,Total - all NACE activities,Employees domestic concept,Romania,2016,6286.20,,
ESTAT:NAMA_10_A64_E$DEFAULTVIEW(1.0),13/05/26 23:00:00,Annual,Thousand persons,Total - all NACE activities,Employees domestic concept,Romania,2017,6464.20,,
ESTAT:NAMA_10_A64_E$DEFAULTVIEW(1.0),13/05/26 23:00:00,Annual,Thousand persons,Total - all NACE activities,Employees domestic concept,Romania,2018,6562.50,,
ESTAT:NAMA_10_A64_E$DEFAULTVIEW(1.0),13/05/26 23:00:00,Annual,Thousand persons,Total - all NACE activities,Employees domestic concept,Romania,2019,6665.50,,
ESTAT:NAMA_10_A64_E$DEFAULTVIEW(1.0),13/05/26 23:00:00,Annual,Thousand persons,Total - all NACE activities,Employees domestic concept,Romania,2020,6564.20,,
ESTAT:NAMA_10_A64_E$DEFAULTVIEW(1.0),13/05/26 23:00:00,Annual,Thousand persons,Total - all NACE activities,Employees domestic concept,Romania,2021,6589.00,,
ESTAT:NAMA_10_A64_E$DEFAULTVIEW(1.0),13/05/26 23:00:00,Annual,Thousand persons,Total - all NACE activities,Employees domestic concept,Romania,2022,6688.70,,
ESTAT:NAMA_10_A64_E$DEFAULTVIEW(1.0),13/05/26 23:00:00,Annual,Thousand persons,Total - all NACE activities,Employees domestic concept,Romania,2023,6625.40,,
ESTAT:NAMA_10_A64_E$DEFAULTVIEW(1.0),13/05/26 23:00:00,Annual,Thousand persons,Total - all NACE activities,Employees domestic concept,Romania,2024,6722.80,p,
ESTAT:NAMA_10_A64_E$DEFAULTVIEW(1.0),13/05/26 23:00:00,Annual,Thousand persons,Total - all NACE activities,Employees domestic concept,Romania,2025,6714.20,p,
ESTAT:NAMA_10_A64_E$DEFAULTVIEW(1.0),13/05/26 23:00:00,Annual,Thousand persons,Total - all NACE activities,Employees domestic concept,Serbia,2016,1959.67,,
ESTAT:NAMA_10_A64_E$DEFAULTVIEW(1.0),13/05/26 23:00:00,Annual,Thousand persons,Total - all NACE activities,Employees domestic concept,Serbia,2017,2013.02,,
ESTAT:NAMA_10_A64_E$DEFAULTVIEW(1.0),13/05/26 23:00:00,Annual,Thousand persons,Total - all NACE activities,Employees domestic concept,Serbia,2018,2081.59,,
ESTAT:NAMA_10_A64_E$DEFAULTVIEW(1.0),13/05/26 23:00:00,Annual,Thousand persons,Total - all NACE activities,Employees domestic concept,Serbia,2019,2119.38,,
ESTAT:NAMA_10_A64_E$DEFAULTVIEW(1.0),13/05/26 23:00:00,Annual,Thousand persons,Total - all NACE activities,Employees domestic concept,Serbia,2020,2156.83,,
ESTAT:NAMA_10_A64_E$DEFAULTVIEW(1.0),13/05/26 23:00:00,Annual,Thousand persons,Total - all NACE activities,Employees domestic concept,Serbia,2021,2229.61,,
ESTAT:NAMA_10_A64_E$DEFAULTVIEW(1.0),13/05/26 23:00:00,Annual,Thousand persons,Total - all NACE activities,Employees domestic concept,Serbia,2022,2260.86,,
ESTAT:NAMA_10_A64_E$DEFAULTVIEW(1.0),13/05/26 23:00:00,Annual,Thousand persons,Total - all NACE activities,Employees domestic concept,Serbia,2023,2305.96,p,
ESTAT:NAMA_10_A64_E$DEFAULTVIEW(1.0),13/05/26 23:00:00,Annual,Thousand persons,Total - all NACE activities,Employees domestic concept,Serbia,2024,2311.82,p,
ESTAT:NAMA_10_A64_E$DEFAULTVIEW(1.0),13/05/26 23:00:00,Annual,Thousand persons,Total - all NACE activities,Employees domestic concept,Sweden,2016,4678.00,,
ESTAT:NAMA_10_A64_E$DEFAULTVIEW(1.0),13/05/26 23:00:00,Annual,Thousand persons,Total - all NACE activities,Employees domestic concept,Sweden,2017,4805.00,,
ESTAT:NAMA_10_A64_E$DEFAULTVIEW(1.0),13/05/26 23:00:00,Annual,Thousand persons,Total - all NACE activities,Employees domestic concept,Sweden,2018,4892.00,,
ESTAT:NAMA_10_A64_E$DEFAULTVIEW(1.0),13/05/26 23:00:00,Annual,Thousand persons,Total - all NACE activities,Employees domestic concept,Sweden,2019,4926.00,,
ESTAT:NAMA_10_A64_E$DEFAULTVIEW(1.0),13/05/26 23:00:00,Annual,Thousand persons,Total - all NACE activities,Employees domestic concept,Sweden,2020,4858.00,,
ESTAT:NAMA_10_A64_E$DEFAULTVIEW(1.0),13/05/26 23:00:00,Annual,Thousand persons,Total - all NACE activities,Employees domestic concept,Sweden,2021,4925.00,,
ESTAT:NAMA_10_A64_E$DEFAULTVIEW(1.0),13/05/26 23:00:00,Annual,Thousand persons,Total - all NACE activities,Employees domestic concept,Sweden,2022,5109.00,,
ESTAT:NAMA_10_A64_E$DEFAULTVIEW(1.0),13/05/26 23:00:00,Annual,Thousand persons,Total - all NACE activities,Employees domestic concept,Sweden,2023,5176.00,,
ESTAT:NAMA_10_A64_E$DEFAULTVIEW(1.0),13/05/26 23:00:00,Annual,Thousand persons,Total - all NACE activities,Employees domestic concept,Sweden,2024,5145.00,,
ESTAT:NAMA_10_A64_E$DEFAULTVIEW(1.0),13/05/26 23:00:00,Annual,Thousand persons,Total - all NACE activities,Employees domestic concept,Slovenia,2016,774.21,,
ESTAT:NAMA_10_A64_E$DEFAULTVIEW(1.0),13/05/26 23:00:00,Annual,Thousand persons,Total - all NACE activities,Employees domestic concept,Slovenia,2017,799.49,,
ESTAT:NAMA_10_A64_E$DEFAULTVIEW(1.0),13/05/26 23:00:00,Annual,Thousand persons,Total - all NACE activities,Employees domestic concept,Slovenia,2018,826.45,,
ESTAT:NAMA_10_A64_E$DEFAULTVIEW(1.0),13/05/26 23:00:00,Annual,Thousand persons,Total - all NACE activities,Employees domestic concept,Slovenia,2019,848.12,,
ESTAT:NAMA_10_A64_E$DEFAULTVIEW(1.0),13/05/26 23:00:00,Annual,Thousand persons,Total - all NACE activities,Employees domestic concept,Slovenia,2020,841.20,,
ESTAT:NAMA_10_A64_E$DEFAULTVIEW(1.0),13/05/26 23:00:00,Annual,Thousand persons,Total - all NACE activities,Employees domestic concept,Slovenia,2021,850.87,,
ESTAT:NAMA_10_A64_E$DEFAULTVIEW(1.0),13/05/26 23:00:00,Annual,Thousand persons,Total - all NACE activities,Employees domestic concept,Slovenia,2022,872.89,,
ESTAT:NAMA_10_A64_E$DEFAULTVIEW(1.0),13/05/26 23:00:00,Annual,Thousand persons,Total - all NACE activities,Employees domestic concept,Slovenia,2023,881.85,,
ESTAT:NAMA_10_A64_E$DEFAULTVIEW(1.0),13/05/26 23:00:00,Annual,Thousand persons,Total - all NACE activities,Employees domestic concept,Slovenia,2024,882.23,,
ESTAT:NAMA_10_A64_E$DEFAULTVIEW(1.0),13/05/26 23:00:00,Annual,Thousand persons,Total - all NACE activities,Employees domestic concept,Slovakia,2016,1997.80,,
ESTAT:NAMA_10_A64_E$DEFAULTVIEW(1.0),13/05/26 23:00:00,Annual,Thousand persons,Total - all NACE activities,Employees domestic concept,Slovakia,2017,2049.76,,
ESTAT:NAMA_10_A64_E$DEFAULTVIEW(1.0),13/05/26 23:00:00,Annual,Thousand persons,Total - all NACE activities,Employees domestic concept,Slovakia,2018,2097.44,,
ESTAT:NAMA_10_A64_E$DEFAULTVIEW(1.0),13/05/26 23:00:00,Annual,Thousand persons,Total - all NACE activities,Employees domestic concept,Slovakia,2019,2114.98,,
ESTAT:NAMA_10_A64_E$DEFAULTVIEW(1.0),13/05/26 23:00:00,Annual,Thousand persons,Total - all NACE activities,Employees domestic concept,Slovakia,2020,2075.48,,
ESTAT:NAMA_10_A64_E$DEFAULTVIEW(1.0),13/05/26 23:00:00,Annual,Thousand persons,Total - all NACE activities,Employees domestic concept,Slovakia,2021,2054.33,,
ESTAT:NAMA_10_A64_E$DEFAULTVIEW(1.0),13/05/26 23:00:00,Annual,Thousand persons,Total - all NACE activities,Employees domestic concept,Slovakia,2022,2085.37,,
ESTAT:NAMA_10_A64_E$DEFAULTVIEW(1.0),13/05/26 23:00:00,Annual,Thousand persons,Total - all NACE activities,Employees domestic concept,Slovakia,2023,2087.74,,
ESTAT:NAMA_10_A64_E$DEFAULTVIEW(1.0),13/05/26 23:00:00,Annual,Thousand persons,Total - all NACE activities,Employees domestic concept,Slovakia,2024,2080.27,,
ESTAT:NAMA_10_A64_E$DEFAULTVIEW(1.0),13/05/26 23:00:00,Annual,Thousand persons,Total - all NACE activities,Employees domestic concept,United Kingdom,2016,26853.89,,
ESTAT:NAMA_10_A64_E$DEFAULTVIEW(1.0),13/05/26 23:00:00,Annual,Thousand persons,Total - all NACE activities,Employees domestic concept,United Kingdom,2017,27145.62,,
ESTAT:NAMA_10_A64_E$DEFAULTVIEW(1.0),13/05/26 23:00:00,Annual,Thousand persons,Total - all NACE activities,Employees domestic concept,United Kingdom,2018,27548.02,,
ESTAT:NAMA_10_A64_E$DEFAULTVIEW(1.0),13/05/26 23:00:00,Annual,Thousand persons,Total - all NACE activities,Employees domestic concept,United Kingdom,2019,27700.65,,
ESTAT:NAMA_10_A64_E$DEFAULTVIEW(1.0),13/05/26 23:00:00,Annual,Thousand persons,Total - all NACE activities,Employees domestic concept,Kosovo*,2016,,,C
ESTAT:NAMA_10_A64_E$DEFAULTVIEW(1.0),13/05/26 23:00:00,Annual,Thousand persons,Total - all NACE activities,Employees domestic concept,Kosovo*,2017,,,C
ESTAT:NAMA_10_A64_E$DEFAULTVIEW(1.0),13/05/26 23:00:00,Annual,Thousand persons,Total - all NACE activities,Employees domestic concept,Kosovo*,2018,,,C
ESTAT:NAMA_10_A64_E$DEFAULTVIEW(1.0),13/05/26 23:00:00,Annual,Thousand persons,Total - all NACE activities,Employees domestic concept,Kosovo*,2019,,,C
ESTAT:NAMA_10_A64_E$DEFAULTVIEW(1.0),13/05/26 23:00:00,Annual,Thousand persons,Total - all NACE activities,Self-employed domestic concept,Austria,2016,548.75,,
ESTAT:NAMA_10_A64_E$DEFAULTVIEW(1.0),13/05/26 23:00:00,Annual,Thousand persons,Total - all NACE activities,Self-employed domestic concept,Austria,2017,548.93,,
ESTAT:NAMA_10_A64_E$DEFAULTVIEW(1.0),13/05/26 23:00:00,Annual,Thousand persons,Total - all NACE activities,Self-employed domestic concept,Austria,2018,542.22,,
ESTAT:NAMA_10_A64_E$DEFAULTVIEW(1.0),13/05/26 23:00:00,Annual,Thousand persons,Total - all NACE activities,Self-employed domestic concept,Austria,2019,539.29,,
ESTAT:NAMA_10_A64_E$DEFAULTVIEW(1.0),13/05/26 23:00:00,Annual,Thousand persons,Total - all NACE activities,Self-employed domestic concept,Austria,2020,544.73,,
ESTAT:NAMA_10_A64_E$DEFAULTVIEW(1.0),13/05/26 23:00:00,Annual,Thousand persons,Total - all NACE activities,Self-employed domestic concept,Austria,2021,562.06,,
ESTAT:NAMA_10_A64_E$DEFAULTVIEW(1.0),13/05/26 23:00:00,Annual,Thousand persons,Total - all NACE activities,Self-employed domestic concept,Austria,2022,566.49,,
ESTAT:NAMA_10_A64_E$DEFAULTVIEW(1.0),13/05/26 23:00:00,Annual,Thousand persons,Total - all NACE activities,Self-employed domestic concept,Austria,2023,558.10,,
ESTAT:NAMA_10_A64_E$DEFAULTVIEW(1.0),13/05/26 23:00:00,Annual,Thousand persons,Total - all NACE activities,Self-employed domestic concept,Austria,2024,555.93,,
ESTAT:NAMA_10_A64_E$DEFAULTVIEW(1.0),13/05/26 23:00:00,Annual,Thousand persons,Total - all NACE activities,Self-employed domestic concept,Belgium,2016,778.50,,
ESTAT:NAMA_10_A64_E$DEFAULTVIEW(1.0),13/05/26 23:00:00,Annual,Thousand persons,Total - all NACE activities,Self-employed domestic concept,Belgium,2017,791.30,,
ESTAT:NAMA_10_A64_E$DEFAULTVIEW(1.0),13/05/26 23:00:00,Annual,Thousand persons,Total - all NACE activities,Self-employed domestic concept,Belgium,2018,804.50,,
ESTAT:NAMA_10_A64_E$DEFAULTVIEW(1.0),13/05/26 23:00:00,Annual,Thousand persons,Total - all NACE activities,Self-employed domestic concept,Belgium,2019,818.70,,
ESTAT:NAMA_10_A64_E$DEFAULTVIEW(1.0),13/05/26 23:00:00,Annual,Thousand persons,Total - all NACE activities,Self-employed domestic concept,Belgium,2020,834.50,,
ESTAT:NAMA_10_A64_E$DEFAULTVIEW(1.0),13/05/26 23:00:00,Annual,Thousand persons,Total - all NACE activities,Self-employed domestic concept,Belgium,2021,860.20,,
ESTAT:NAMA_10_A64_E$DEFAULTVIEW(1.0),13/05/26 23:00:00,Annual,Thousand persons,Total - all NACE activities,Self-employed domestic concept,Belgium,2022,877.20,,
ESTAT:NAMA_10_A64_E$DEFAULTVIEW(1.0),13/05/26 23:00:00,Annual,Thousand persons,Total - all NACE activities,Self-employed domestic concept,Belgium,2023,886.70,,
ESTAT:NAMA_10_A64_E$DEFAULTVIEW(1.0),13/05/26 23:00:00,Annual,Thousand persons,Total - all NACE activities,Self-employed domestic concept,Belgium,2024,894.70,p,
ESTAT:NAMA_10_A64_E$DEFAULTVIEW(1.0),13/05/26 23:00:00,Annual,Thousand persons,Total - all NACE activities,Self-employed domestic concept,Bulgaria,2016,887.27,,
ESTAT:NAMA_10_A64_E$DEFAULTVIEW(1.0),13/05/26 23:00:00,Annual,Thousand persons,Total - all NACE activities,Self-employed domestic concept,Bulgaria,2017,940.97,,
ESTAT:NAMA_10_A64_E$DEFAULTVIEW(1.0),13/05/26 23:00:00,Annual,Thousand persons,Total - all NACE activities,Self-employed domestic concept,Bulgaria,2018,915.69,,
ESTAT:NAMA_10_A64_E$DEFAULTVIEW(1.0),13/05/26 23:00:00,Annual,Thousand persons,Total - all NACE activities,Self-employed domestic concept,Bulgaria,2019,821.48,,
ESTAT:NAMA_10_A64_E$DEFAULTVIEW(1.0),13/05/26 23:00:00,Annual,Thousand persons,Total - all NACE activities,Self-employed domestic concept,Bulgaria,2020,832.83,,
ESTAT:NAMA_10_A64_E$DEFAULTVIEW(1.0),13/05/26 23:00:00,Annual,Thousand persons,Total - all NACE activities,Self-employed domestic concept,Bulgaria,2021,810.27,,
ESTAT:NAMA_10_A64_E$DEFAULTVIEW(1.0),13/05/26 23:00:00,Annual,Thousand persons,Total - all NACE activities,Self-employed domestic concept,Bulgaria,2022,835.28,,
ESTAT:NAMA_10_A64_E$DEFAULTVIEW(1.0),13/05/26 23:00:00,Annual,Thousand persons,Total - all NACE activities,Self-employed domestic concept,Bulgaria,2023,834.15,,
ESTAT:NAMA_10_A64_E$DEFAULTVIEW(1.0),13/05/26 23:00:00,Annual,Thousand persons,Total - all NACE activities,Self-employed domestic concept,Bulgaria,2024,846.72,,
ESTAT:NAMA_10_A64_E$DEFAULTVIEW(1.0),13/05/26 23:00:00,Annual,Thousand persons,Total - all NACE activities,Self-employed domestic concept,Switzerland,2016,469.29,,
ESTAT:NAMA_10_A64_E$DEFAULTVIEW(1.0),13/05/26 23:00:00,Annual,Thousand persons,Total - all NACE activities,Self-employed domestic concept,Switzerland,2017,469.35,,
ESTAT:NAMA_10_A64_E$DEFAULTVIEW(1.0),13/05/26 23:00:00,Annual,Thousand persons,Total - all NACE activities,Self-employed domestic concept,Switzerland,2018,470.26,,
ESTAT:NAMA_10_A64_E$DEFAULTVIEW(1.0),13/05/26 23:00:00,Annual,Thousand persons,Total - all NACE activities,Self-employed domestic concept,Switzerland,2019,450.55,,
ESTAT:NAMA_10_A64_E$DEFAULTVIEW(1.0),13/05/26 23:00:00,Annual,Thousand persons,Total - all NACE activities,Self-employed domestic concept,Switzerland,2020,439.81,,
ESTAT:NAMA_10_A64_E$DEFAULTVIEW(1.0),13/05/26 23:00:00,Annual,Thousand persons,Total - all NACE activities,Self-employed domestic concept,Switzerland,2021,448.19,,
ESTAT:NAMA_10_A64_E$DEFAULTVIEW(1.0),13/05/26 23:00:00,Annual,Thousand persons,Total - all NACE activities,Self-employed domestic concept,Switzerland,2022,458.22,,
ESTAT:NAMA_10_A64_E$DEFAULTVIEW(1.0),13/05/26 23:00:00,Annual,Thousand persons,Total - all NACE activities,Self-employed domestic concept,Switzerland,2023,468.69,,
ESTAT:NAMA_10_A64_E$DEFAULTVIEW(1.0),13/05/26 23:00:00,Annual,Thousand persons,Total - all NACE activities,Self-employed domestic concept,Switzerland,2024,468.48,,
ESTAT:NAMA_10_A64_E$DEFAULTVIEW(1.0),13/05/26 23:00:00,Annual,Thousand persons,Total - all NACE activities,Self-employed domestic concept,Switzerland,2025,454.69,,
ESTAT:NAMA_10_A64_E$DEFAULTVIEW(1.0),13/05/26 23:00:00,Annual,Thousand persons,Total - all NACE activities,Self-employed domestic concept,Cyprus,2016,45.92,,
ESTAT:NAMA_10_A64_E$DEFAULTVIEW(1.0),13/05/26 23:00:00,Annual,Thousand persons,Total - all NACE activities,Self-employed domestic concept,Cyprus,2017,47.17,,
ESTAT:NAMA_10_A64_E$DEFAULTVIEW(1.0),13/05/26 23:00:00,Annual,Thousand persons,Total - all NACE activities,Self-employed domestic concept,Cyprus,2018,49.59,,
ESTAT:NAMA_10_A64_E$DEFAULTVIEW(1.0),13/05/26 23:00:00,Annual,Thousand persons,Total - all NACE activities,Self-employed domestic concept,Cyprus,2019,51.31,,
ESTAT:NAMA_10_A64_E$DEFAULTVIEW(1.0),13/05/26 23:00:00,Annual,Thousand persons,Total - all NACE activities,Self-employed domestic concept,Cyprus,2020,52.17,,
ESTAT:NAMA_10_A64_E$DEFAULTVIEW(1.0),13/05/26 23:00:00,Annual,Thousand persons,Total - all NACE activities,Self-employed domestic concept,Cyprus,2021,52.71,,
ESTAT:NAMA_10_A64_E$DEFAULTVIEW(1.0),13/05/26 23:00:00,Annual,Thousand persons,Total - all NACE activities,Self-employed domestic concept,Cyprus,2022,53.42,,
ESTAT:NAMA_10_A64_E$DEFAULTVIEW(1.0),13/05/26 23:00:00,Annual,Thousand persons,Total - all NACE activities,Self-employed domestic concept,Cyprus,2023,53.27,,
ESTAT:NAMA_10_A64_E$DEFAULTVIEW(1.0),13/05/26 23:00:00,Annual,Thousand persons,Total - all NACE activities,Self-employed domestic concept,Cyprus,2024,52.38,,
ESTAT:NAMA_10_A64_E$DEFAULTVIEW(1.0),13/05/26 23:00:00,Annual,Thousand persons,Total - all NACE activities,Self-employed domestic concept,Czechia,2016,766.21,,
ESTAT:NAMA_10_A64_E$DEFAULTVIEW(1.0),13/05/26 23:00:00,Annual,Thousand persons,Total - all NACE activities,Self-employed domestic concept,Czechia,2017,765.26,,
ESTAT:NAMA_10_A64_E$DEFAULTVIEW(1.0),13/05/26 23:00:00,Annual,Thousand persons,Total - all NACE activities,Self-employed domestic concept,Czechia,2018,764.78,,
ESTAT:NAMA_10_A64_E$DEFAULTVIEW(1.0),13/05/26 23:00:00,Annual,Thousand persons,Total - all NACE activities,Self-employed domestic concept,Czechia,2019,753.36,,
ESTAT:NAMA_10_A64_E$DEFAULTVIEW(1.0),13/05/26 23:00:00,Annual,Thousand persons,Total - all NACE activities,Self-employed domestic concept,Czechia,2020,730.89,,
ESTAT:NAMA_10_A64_E$DEFAULTVIEW(1.0),13/05/26 23:00:00,Annual,Thousand persons,Total - all NACE activities,Self-employed domestic concept,Czechia,2021,738.20,,
ESTAT:NAMA_10_A64_E$DEFAULTVIEW(1.0),13/05/26 23:00:00,Annual,Thousand persons,Total - all NACE activities,Self-employed domestic concept,Czechia,2022,755.34,,
ESTAT:NAMA_10_A64_E$DEFAULTVIEW(1.0),13/05/26 23:00:00,Annual,Thousand persons,Total - all NACE activities,Self-employed domestic concept,Czechia,2023,778.63,,
ESTAT:NAMA_10_A64_E$DEFAULTVIEW(1.0),13/05/26 23:00:00,Annual,Thousand persons,Total - all NACE activities,Self-employed domestic concept,Czechia,2024,781.91,,
ESTAT:NAMA_10_A64_E$DEFAULTVIEW(1.0),13/05/26 23:00:00,Annual,Thousand persons,Total - all NACE activities,Self-employed domestic concept,Germany,2016,4360.00,,
ESTAT:NAMA_10_A64_E$DEFAULTVIEW(1.0),13/05/26 23:00:00,Annual,Thousand persons,Total - all NACE activities,Self-employed domestic concept,Germany,2017,4293.00,,
ESTAT:NAMA_10_A64_E$DEFAULTVIEW(1.0),13/05/26 23:00:00,Annual,Thousand persons,Total - all NACE activities,Self-employed domestic concept,Germany,2018,4229.00,,
ESTAT:NAMA_10_A64_E$DEFAULTVIEW(1.0),13/05/26 23:00:00,Annual,Thousand persons,Total - all NACE activities,Self-employed domestic concept,Germany,2019,4146.00,,
ESTAT:NAMA_10_A64_E$DEFAULTVIEW(1.0),13/05/26 23:00:00,Annual,Thousand persons,Total - all NACE activities,Self-employed domestic concept,Germany,2020,4039.00,,
ESTAT:NAMA_10_A64_E$DEFAULTVIEW(1.0),13/05/26 23:00:00,Annual,Thousand persons,Total - all NACE activities,Self-employed domestic concept,Germany,2021,3944.00,,
ESTAT:NAMA_10_A64_E$DEFAULTVIEW(1.0),13/05/26 23:00:00,Annual,Thousand persons,Total - all NACE activities,Self-employed domestic concept,Germany,2022,3862.00,p,
ESTAT:NAMA_10_A64_E$DEFAULTVIEW(1.0),13/05/26 23:00:00,Annual,Thousand persons,Total - all NACE activities,Self-employed domestic concept,Germany,2023,3787.00,p,
ESTAT:NAMA_10_A64_E$DEFAULTVIEW(1.0),13/05/26 23:00:00,Annual,Thousand persons,Total - all NACE activities,Self-employed domestic concept,Germany,2024,3704.00,p,
ESTAT:NAMA_10_A64_E$DEFAULTVIEW(1.0),13/05/26 23:00:00,Annual,Thousand persons,Total - all NACE activities,Self-employed domestic concept,Denmark,2016,180.26,,
ESTAT:NAMA_10_A64_E$DEFAULTVIEW(1.0),13/05/26 23:00:00,Annual,Thousand persons,Total - all NACE activities,Self-employed domestic concept,Denmark,2017,180.98,,
ESTAT:NAMA_10_A64_E$DEFAULTVIEW(1.0),13/05/26 23:00:00,Annual,Thousand persons,Total - all NACE activities,Self-employed domestic concept,Denmark,2018,181.68,,
ESTAT:NAMA_10_A64_E$DEFAULTVIEW(1.0),13/05/26 23:00:00,Annual,Thousand persons,Total - all NACE activities,Self-employed domestic concept,Denmark,2019,181.19,,
ESTAT:NAMA_10_A64_E$DEFAULTVIEW(1.0),13/05/26 23:00:00,Annual,Thousand persons,Total - all NACE activities,Self-employed domestic concept,Denmark,2020,178.37,,
ESTAT:NAMA_10_A64_E$DEFAULTVIEW(1.0),13/05/26 23:00:00,Annual,Thousand persons,Total - all NACE activities,Self-employed domestic concept,Denmark,2021,178.08,,
ESTAT:NAMA_10_A64_E$DEFAULTVIEW(1.0),13/05/26 23:00:00,Annual,Thousand persons,Total - all NACE activities,Self-employed domestic concept,Denmark,2022,179.95,,
ESTAT:NAMA_10_A64_E$DEFAULTVIEW(1.0),13/05/26 23:00:00,Annual,Thousand persons,Total - all NACE activities,Self-employed domestic concept,Denmark,2023,175.78,,
ESTAT:NAMA_10_A64_E$DEFAULTVIEW(1.0),13/05/26 23:00:00,Annual,Thousand persons,Total - all NACE activities,Self-employed domestic concept,Denmark,2024,174.22,,
ESTAT:NAMA_10_A64_E$DEFAULTVIEW(1.0),13/05/26 23:00:00,Annual,Thousand persons,Total - all NACE activities,Self-employed domestic concept,Euro area - 12 countries (2001-2006),2016,21932.21,,
ESTAT:NAMA_10_A64_E$DEFAULTVIEW(1.0),13/05/26 23:00:00,Annual,Thousand persons,Total - all NACE activities,Self-employed domestic concept,Euro area - 12 countries (2001-2006),2017,21786.61,,
ESTAT:NAMA_10_A64_E$DEFAULTVIEW(1.0),13/05/26 23:00:00,Annual,Thousand persons,Total - all NACE activities,Self-employed domestic concept,Euro area - 12 countries (2001-2006),2018,21808.35,,
ESTAT:NAMA_10_A64_E$DEFAULTVIEW(1.0),13/05/26 23:00:00,Annual,Thousand persons,Total - all NACE activities,Self-employed domestic concept,Euro area - 12 countries (2001-2006),2019,21907.18,,
ESTAT:NAMA_10_A64_E$DEFAULTVIEW(1.0),13/05/26 23:00:00,Annual,Thousand persons,Total - all NACE activities,Self-employed domestic concept,Euro area - 12 countries (2001-2006),2020,21647.59,,
ESTAT:NAMA_10_A64_E$DEFAULTVIEW(1.0),13/05/26 23:00:00,Annual,Thousand persons,Total - all NACE activities,Self-employed domestic concept,Euro area - 12 countries (2001-2006),2021,21771.11,,
ESTAT:NAMA_10_A64_E$DEFAULTVIEW(1.0),13/05/26 23:00:00,Annual,Thousand persons,Total - all NACE activities,Self-employed domestic concept,Euro area - 12 countries (2001-2006),2022,22056.54,,
ESTAT:NAMA_10_A64_E$DEFAULTVIEW(1.0),13/05/26 23:00:00,Annual,Thousand persons,Total - all NACE activities,Self-employed domestic concept,Euro area - 12 countries (2001-2006),2023,22301.56,,
ESTAT:NAMA_10_A64_E$DEFAULTVIEW(1.0),13/05/26 23:00:00,Annual,Thousand persons,Total - all NACE activities,Self-employed domestic concept,Euro area - 12 countries (2001-2006),2024,22416.00,,
ESTAT:NAMA_10_A64_E$DEFAULTVIEW(1.0),13/05/26 23:00:00,Annual,Thousand persons,Total - all NACE activities,Self-employed domestic concept,Euro area - 19 countries  (2015-2022),2016,22862.94,,
ESTAT:NAMA_10_A64_E$DEFAULTVIEW(1.0),13/05/26 23:00:00,Annual,Thousand persons,Total - all NACE activities,Self-employed domestic concept,Euro area - 19 countries  (2015-2022),2017,22719.48,,
ESTAT:NAMA_10_A64_E$DEFAULTVIEW(1.0),13/05/26 23:00:00,Annual,Thousand persons,Total - all NACE activities,Self-employed domestic concept,Euro area - 19 countries  (2015-2022),2018,22742.23,,
ESTAT:NAMA_10_A64_E$DEFAULTVIEW(1.0),13/05/26 23:00:00,Annual,Thousand persons,Total - all NACE activities,Self-employed domestic concept,Euro area - 19 countries  (2015-2022),2019,22860.29,,
ESTAT:NAMA_10_A64_E$DEFAULTVIEW(1.0),13/05/26 23:00:00,Annual,Thousand persons,Total - all NACE activities,Self-employed domestic concept,Euro area - 19 countries  (2015-2022),2020,22599.56,,
ESTAT:NAMA_10_A64_E$DEFAULTVIEW(1.0),13/05/26 23:00:00,Annual,Thousand persons,Total - all NACE activities,Self-employed domestic concept,Euro area - 19 countries  (2015-2022),2021,22743.88,,
ESTAT:NAMA_10_A64_E$DEFAULTVIEW(1.0),13/05/26 23:00:00,Annual,Thousand persons,Total - all NACE activities,Self-employed domestic concept,Euro area - 19 countries  (2015-2022),2022,23072.28,,
ESTAT:NAMA_10_A64_E$DEFAULTVIEW(1.0),13/05/26 23:00:00,Annual,Thousand persons,Total - all NACE activities,Self-employed domestic concept,Euro area - 19 countries  (2015-2022),2023,23319.08,,
ESTAT:NAMA_10_A64_E$DEFAULTVIEW(1.0),13/05/26 23:00:00,Annual,Thousand persons,Total - all NACE activities,Self-employed domestic concept,Euro area - 19 countries  (2015-2022),2024,23451.71,,
ESTAT:NAMA_10_A64_E$DEFAULTVIEW(1.0),13/05/26 23:00:00,Annual,Thousand persons,Total - all NACE activities,Self-employed domestic concept,Euro area – 20 countries (2023-2025),2016,23092.49,,
ESTAT:NAMA_10_A64_E$DEFAULTVIEW(1.0),13/05/26 23:00:00,Annual,Thousand persons,Total - all NACE activities,Self-employed domestic concept,Euro area – 20 countries (2023-2025),2017,22931.14,,
ESTAT:NAMA_10_A64_E$DEFAULTVIEW(1.0),13/05/26 23:00:00,Annual,Thousand persons,Total - all NACE activities,Self-employed domestic concept,Euro area – 20 countries (2023-2025),2018,22948.15,,
ESTAT:NAMA_10_A64_E$DEFAULTVIEW(1.0),13/05/26 23:00:00,Annual,Thousand persons,Total - all NACE activities,Self-employed domestic concept,Euro area – 20 countries (2023-2025),2019,23069.50,,
ESTAT:NAMA_10_A64_E$DEFAULTVIEW(1.0),13/05/26 23:00:00,Annual,Thousand persons,Total - all NACE activities,Self-employed domestic concept,Euro area – 20 countries (2023-2025),2020,22806.88,,
ESTAT:NAMA_10_A64_E$DEFAULTVIEW(1.0),13/05/26 23:00:00,Annual,Thousand persons,Total - all NACE activities,Self-employed domestic concept,Euro area – 20 countries (2023-2025),2021,22968.08,,
ESTAT:NAMA_10_A64_E$DEFAULTVIEW(1.0),13/05/26 23:00:00,Annual,Thousand persons,Total - all NACE activities,Self-employed domestic concept,Euro area – 20 countries (2023-2025),2022,23300.40,,
ESTAT:NAMA_10_A64_E$DEFAULTVIEW(1.0),13/05/26 23:00:00,Annual,Thousand persons,Total - all NACE activities,Self-employed domestic concept,Euro area – 20 countries (2023-2025),2023,23546.19,,
ESTAT:NAMA_10_A64_E$DEFAULTVIEW(1.0),13/05/26 23:00:00,Annual,Thousand persons,Total - all NACE activities,Self-employed domestic concept,Euro area – 20 countries (2023-2025),2024,23680.98,,
ESTAT:NAMA_10_A64_E$DEFAULTVIEW(1.0),13/05/26 23:00:00,Annual,Thousand persons,Total - all NACE activities,Self-employed domestic concept,Euro area – 21 countries (from 2026),2016,23979.76,,
ESTAT:NAMA_10_A64_E$DEFAULTVIEW(1.0),13/05/26 23:00:00,Annual,Thousand persons,Total - all NACE activities,Self-employed domestic concept,Euro area – 21 countries (from 2026),2017,23872.10,,
ESTAT:NAMA_10_A64_E$DEFAULTVIEW(1.0),13/05/26 23:00:00,Annual,Thousand persons,Total - all NACE activities,Self-employed domestic concept,Euro area – 21 countries (from 2026),2018,23863.85,,
ESTAT:NAMA_10_A64_E$DEFAULTVIEW(1.0),13/05/26 23:00:00,Annual,Thousand persons,Total - all NACE activities,Self-employed domestic concept,Euro area – 21 countries (from 2026),2019,23890.98,,
ESTAT:NAMA_10_A64_E$DEFAULTVIEW(1.0),13/05/26 23:00:00,Annual,Thousand persons,Total - all NACE activities,Self-employed domestic concept,Euro area – 21 countries (from 2026),2020,23639.71,,
ESTAT:NAMA_10_A64_E$DEFAULTVIEW(1.0),13/05/26 23:00:00,Annual,Thousand persons,Total - all NACE activities,Self-employed domestic concept,Euro area – 21 countries (from 2026),2021,23778.35,,
ESTAT:NAMA_10_A64_E$DEFAULTVIEW(1.0),13/05/26 23:00:00,Annual,Thousand persons,Total - all NACE activities,Self-employed domestic concept,Euro area – 21 countries (from 2026),2022,24135.68,,
ESTAT:NAMA_10_A64_E$DEFAULTVIEW(1.0),13/05/26 23:00:00,Annual,Thousand persons,Total - all NACE activities,Self-employed domestic concept,Euro area – 21 countries (from 2026),2023,24380.34,,
ESTAT:NAMA_10_A64_E$DEFAULTVIEW(1.0),13/05/26 23:00:00,Annual,Thousand persons,Total - all NACE activities,Self-employed domestic concept,Euro area – 21 countries (from 2026),2024,24527.70,,
ESTAT:NAMA_10_A64_E$DEFAULTVIEW(1.0),13/05/26 23:00:00,Annual,Thousand persons,Total - all NACE activities,Self-employed domestic concept,Estonia,2016,61.25,,
ESTAT:NAMA_10_A64_E$DEFAULTVIEW(1.0),13/05/26 23:00:00,Annual,Thousand persons,Total - all NACE activities,Self-employed domestic concept,Estonia,2017,65.24,,
ESTAT:NAMA_10_A64_E$DEFAULTVIEW(1.0),13/05/26 23:00:00,Annual,Thousand persons,Total - all NACE activities,Self-employed domestic concept,Estonia,2018,69.30,,
ESTAT:NAMA_10_A64_E$DEFAULTVIEW(1.0),13/05/26 23:00:00,Annual,Thousand persons,Total - all NACE activities,Self-employed domestic concept,Estonia,2019,68.57,,
ESTAT:NAMA_10_A64_E$DEFAULTVIEW(1.0),13/05/26 23:00:00,Annual,Thousand persons,Total - all NACE activities,Self-employed domestic concept,Estonia,2020,69.26,,
ESTAT:NAMA_10_A64_E$DEFAULTVIEW(1.0),13/05/26 23:00:00,Annual,Thousand persons,Total - all NACE activities,Self-employed domestic concept,Estonia,2021,69.29,,
ESTAT:NAMA_10_A64_E$DEFAULTVIEW(1.0),13/05/26 23:00:00,Annual,Thousand persons,Total - all NACE activities,Self-employed domestic concept,Estonia,2022,72.29,,
ESTAT:NAMA_10_A64_E$DEFAULTVIEW(1.0),13/05/26 23:00:00,Annual,Thousand persons,Total - all NACE activities,Self-employed domestic concept,Estonia,2023,76.37,,
ESTAT:NAMA_10_A64_E$DEFAULTVIEW(1.0),13/05/26 23:00:00,Annual,Thousand persons,Total - all NACE activities,Self-employed domestic concept,Estonia,2024,80.56,,
ESTAT:NAMA_10_A64_E$DEFAULTVIEW(1.0),13/05/26 23:00:00,Annual,Thousand persons,Total - all NACE activities,Self-employed domestic concept,Greece,2016,1315.50,,
ESTAT:NAMA_10_A64_E$DEFAULTVIEW(1.0),13/05/26 23:00:00,Annual,Thousand persons,Total - all NACE activities,Self-employed domestic concept,Greece,2017,1297.50,,
ESTAT:NAMA_10_A64_E$DEFAULTVIEW(1.0),13/05/26 23:00:00,Annual,Thousand persons,Total - all NACE activities,Self-employed domestic concept,Greece,2018,1273.10,,
ESTAT:NAMA_10_A64_E$DEFAULTVIEW(1.0),13/05/26 23:00:00,Annual,Thousand persons,Total - all NACE activities,Self-employed domestic concept,Greece,2019,1273.20,,
ESTAT:NAMA_10_A64_E$DEFAULTVIEW(1.0),13/05/26 23:00:00,Annual,Thousand persons,Total - all NACE activities,Self-employed domestic concept,Greece,2020,1285.10,,
ESTAT:NAMA_10_A64_E$DEFAULTVIEW(1.0),13/05/26 23:00:00,Annual,Thousand persons,Total - all NACE activities,Self-employed domestic concept,Greece,2021,1330.90,,
ESTAT:NAMA_10_A64_E$DEFAULTVIEW(1.0),13/05/26 23:00:00,Annual,Thousand persons,Total - all NACE activities,Self-employed domestic concept,Greece,2022,1350.10,,
ESTAT:NAMA_10_A64_E$DEFAULTVIEW(1.0),13/05/26 23:00:00,Annual,Thousand persons,Total - all NACE activities,Self-employed domestic concept,Greece,2023,1375.40,p,
ESTAT:NAMA_10_A64_E$DEFAULTVIEW(1.0),13/05/26 23:00:00,Annual,Thousand persons,Total - all NACE activities,Self-employed domestic concept,Greece,2024,1368.40,p,
ESTAT:NAMA_10_A64_E$DEFAULTVIEW(1.0),13/05/26 23:00:00,Annual,Thousand persons,Total - all NACE activities,Self-employed domestic concept,Spain,2016,2883.10,,
ESTAT:NAMA_10_A64_E$DEFAULTVIEW(1.0),13/05/26 23:00:00,Annual,Thousand persons,Total - all NACE activities,Self-employed domestic concept,Spain,2017,2866.70,,
ESTAT:NAMA_10_A64_E$DEFAULTVIEW(1.0),13/05/26 23:00:00,Annual,Thousand persons,Total - all NACE activities,Self-employed domestic concept,Spain,2018,2874.90,,
ESTAT:NAMA_10_A64_E$DEFAULTVIEW(1.0),13/05/26 23:00:00,Annual,Thousand persons,Total - all NACE activities,Self-employed domestic concept,Spain,2019,2913.70,,
ESTAT:NAMA_10_A64_E$DEFAULTVIEW(1.0),13/05/26 23:00:00,Annual,Thousand persons,Total - all NACE activities,Self-employed domestic concept,Spain,2020,2857.90,,
ESTAT:NAMA_10_A64_E$DEFAULTVIEW(1.0),13/05/26 23:00:00,Annual,Thousand persons,Total - all NACE activities,Self-employed domestic concept,Spain,2021,2926.70,,
ESTAT:NAMA_10_A64_E$DEFAULTVIEW(1.0),13/05/26 23:00:00,Annual,Thousand persons,Total - all NACE activities,Self-employed domestic concept,Spain,2022,3037.20,,
ESTAT:NAMA_10_A64_E$DEFAULTVIEW(1.0),13/05/26 23:00:00,Annual,Thousand persons,Total - all NACE activities,Self-employed domestic concept,Spain,2023,3138.10,p,
ESTAT:NAMA_10_A64_E$DEFAULTVIEW(1.0),13/05/26 23:00:00,Annual,Thousand persons,Total - all NACE activities,Self-employed domestic concept,Spain,2024,3151.80,p,
ESTAT:NAMA_10_A64_E$DEFAULTVIEW(1.0),13/05/26 23:00:00,Annual,Thousand persons,Total - all NACE activities,Self-employed domestic concept,European Union - 27 countries (from 2020),2016,31004.01,,
ESTAT:NAMA_10_A64_E$DEFAULTVIEW(1.0),13/05/26 23:00:00,Annual,Thousand persons,Total - all NACE activities,Self-employed domestic concept,European Union - 27 countries (from 2020),2017,30923.37,,
ESTAT:NAMA_10_A64_E$DEFAULTVIEW(1.0),13/05/26 23:00:00,Annual,Thousand persons,Total - all NACE activities,Self-employed domestic concept,European Union - 27 countries (from 2020),2018,30841.17,,
ESTAT:NAMA_10_A64_E$DEFAULTVIEW(1.0),13/05/26 23:00:00,Annual,Thousand persons,Total - all NACE activities,Self-employed domestic concept,European Union - 27 countries (from 2020),2019,30748.74,,
ESTAT:NAMA_10_A64_E$DEFAULTVIEW(1.0),13/05/26 23:00:00,Annual,Thousand persons,Total - all NACE activities,Self-employed domestic concept,European Union - 27 countries (from 2020),2020,30490.63,,
ESTAT:NAMA_10_A64_E$DEFAULTVIEW(1.0),13/05/26 23:00:00,Annual,Thousand persons,Total - all NACE activities,Self-employed domestic concept,European Union - 27 countries (from 2020),2021,30785.97,,
ESTAT:NAMA_10_A64_E$DEFAULTVIEW(1.0),13/05/26 23:00:00,Annual,Thousand persons,Total - all NACE activities,Self-employed domestic concept,European Union - 27 countries (from 2020),2022,31170.01,,
ESTAT:NAMA_10_A64_E$DEFAULTVIEW(1.0),13/05/26 23:00:00,Annual,Thousand persons,Total - all NACE activities,Self-employed domestic concept,European Union - 27 countries (from 2020),2023,31422.55,,
ESTAT:NAMA_10_A64_E$DEFAULTVIEW(1.0),13/05/26 23:00:00,Annual,Thousand persons,Total - all NACE activities,Self-employed domestic concept,European Union - 27 countries (from 2020),2024,31419.21,,
ESTAT:NAMA_10_A64_E$DEFAULTVIEW(1.0),13/05/26 23:00:00,Annual,Thousand persons,Total - all NACE activities,Self-employed domestic concept,Finland,2016,303.00,,
ESTAT:NAMA_10_A64_E$DEFAULTVIEW(1.0),13/05/26 23:00:00,Annual,Thousand persons,Total - all NACE activities,Self-employed domestic concept,Finland,2017,289.80,,
ESTAT:NAMA_10_A64_E$DEFAULTVIEW(1.0),13/05/26 23:00:00,Annual,Thousand persons,Total - all NACE activities,Self-employed domestic concept,Finland,2018,296.90,,
ESTAT:NAMA_10_A64_E$DEFAULTVIEW(1.0),13/05/26 23:00:00,Annual,Thousand persons,Total - all NACE activities,Self-employed domestic concept,Finland,2019,303.20,,
ESTAT:NAMA_10_A64_E$DEFAULTVIEW(1.0),13/05/26 23:00:00,Annual,Thousand persons,Total - all NACE activities,Self-employed domestic concept,Finland,2020,291.60,,
ESTAT:NAMA_10_A64_E$DEFAULTVIEW(1.0),13/05/26 23:00:00,Annual,Thousand persons,Total - all NACE activities,Self-employed domestic concept,Finland,2021,297.30,,
ESTAT:NAMA_10_A64_E$DEFAULTVIEW(1.0),13/05/26 23:00:00,Annual,Thousand persons,Total - all NACE activities,Self-employed domestic concept,Finland,2022,292.30,,
ESTAT:NAMA_10_A64_E$DEFAULTVIEW(1.0),13/05/26 23:00:00,Annual,Thousand persons,Total - all NACE activities,Self-employed domestic concept,Finland,2023,279.60,,
ESTAT:NAMA_10_A64_E$DEFAULTVIEW(1.0),13/05/26 23:00:00,Annual,Thousand persons,Total - all NACE activities,Self-employed domestic concept,Finland,2024,267.20,,
ESTAT:NAMA_10_A64_E$DEFAULTVIEW(1.0),13/05/26 23:00:00,Annual,Thousand persons,Total - all NACE activities,Self-employed domestic concept,France,2016,2799.50,,
ESTAT:NAMA_10_A64_E$DEFAULTVIEW(1.0),13/05/26 23:00:00,Annual,Thousand persons,Total - all NACE activities,Self-employed domestic concept,France,2017,2824.40,,
ESTAT:NAMA_10_A64_E$DEFAULTVIEW(1.0),13/05/26 23:00:00,Annual,Thousand persons,Total - all NACE activities,Self-employed domestic concept,France,2018,2865.20,,
ESTAT:NAMA_10_A64_E$DEFAULTVIEW(1.0),13/05/26 23:00:00,Annual,Thousand persons,Total - all NACE activities,Self-employed domestic concept,France,2019,2957.90,,
ESTAT:NAMA_10_A64_E$DEFAULTVIEW(1.0),13/05/26 23:00:00,Annual,Thousand persons,Total - all NACE activities,Self-employed domestic concept,France,2020,3035.80,,
ESTAT:NAMA_10_A64_E$DEFAULTVIEW(1.0),13/05/26 23:00:00,Annual,Thousand persons,Total - all NACE activities,Self-employed domestic concept,France,2021,3147.50,,
ESTAT:NAMA_10_A64_E$DEFAULTVIEW(1.0),13/05/26 23:00:00,Annual,Thousand persons,Total - all NACE activities,Self-employed domestic concept,France,2022,3255.90,,
ESTAT:NAMA_10_A64_E$DEFAULTVIEW(1.0),13/05/26 23:00:00,Annual,Thousand persons,Total - all NACE activities,Self-employed domestic concept,France,2023,3329.90,p,
ESTAT:NAMA_10_A64_E$DEFAULTVIEW(1.0),13/05/26 23:00:00,Annual,Thousand persons,Total - all NACE activities,Self-employed domestic concept,France,2024,3415.40,p,
ESTAT:NAMA_10_A64_E$DEFAULTVIEW(1.0),13/05/26 23:00:00,Annual,Thousand persons,Total - all NACE activities,Self-employed domestic concept,Croatia,2016,229.55,,
ESTAT:NAMA_10_A64_E$DEFAULTVIEW(1.0),13/05/26 23:00:00,Annual,Thousand persons,Total - all NACE activities,Self-employed domestic concept,Croatia,2017,211.66,,
ESTAT:NAMA_10_A64_E$DEFAULTVIEW(1.0),13/05/26 23:00:00,Annual,Thousand persons,Total - all NACE activities,Self-employed domestic concept,Croatia,2018,205.93,,
ESTAT:NAMA_10_A64_E$DEFAULTVIEW(1.0),13/05/26 23:00:00,Annual,Thousand persons,Total - all NACE activities,Self-employed domestic concept,Croatia,2019,209.21,,
ESTAT:NAMA_10_A64_E$DEFAULTVIEW(1.0),13/05/26 23:00:00,Annual,Thousand persons,Total - all NACE activities,Self-employed domestic concept,Croatia,2020,207.32,,
ESTAT:NAMA_10_A64_E$DEFAULTVIEW(1.0),13/05/26 23:00:00,Annual,Thousand persons,Total - all NACE activities,Self-employed domestic concept,Croatia,2021,224.20,,
ESTAT:NAMA_10_A64_E$DEFAULTVIEW(1.0),13/05/26 23:00:00,Annual,Thousand persons,Total - all NACE activities,Self-employed domestic concept,Croatia,2022,228.11,,
ESTAT:NAMA_10_A64_E$DEFAULTVIEW(1.0),13/05/26 23:00:00,Annual,Thousand persons,Total - all NACE activities,Self-employed domestic concept,Croatia,2023,227.11,,
ESTAT:NAMA_10_A64_E$DEFAULTVIEW(1.0),13/05/26 23:00:00,Annual,Thousand persons,Total - all NACE activities,Self-employed domestic concept,Croatia,2024,229.27,p,
ESTAT:NAMA_10_A64_E$DEFAULTVIEW(1.0),13/05/26 23:00:00,Annual,Thousand persons,Total - all NACE activities,Self-employed domestic concept,Hungary,2016,311.28,,
ESTAT:NAMA_10_A64_E$DEFAULTVIEW(1.0),13/05/26 23:00:00,Annual,Thousand persons,Total - all NACE activities,Self-employed domestic concept,Hungary,2017,328.22,,
ESTAT:NAMA_10_A64_E$DEFAULTVIEW(1.0),13/05/26 23:00:00,Annual,Thousand persons,Total - all NACE activities,Self-employed domestic concept,Hungary,2018,345.57,,
ESTAT:NAMA_10_A64_E$DEFAULTVIEW(1.0),13/05/26 23:00:00,Annual,Thousand persons,Total - all NACE activities,Self-employed domestic concept,Hungary,2019,365.31,,
ESTAT:NAMA_10_A64_E$DEFAULTVIEW(1.0),13/05/26 23:00:00,Annual,Thousand persons,Total - all NACE activities,Self-employed domestic concept,Hungary,2020,377.46,,
ESTAT:NAMA_10_A64_E$DEFAULTVIEW(1.0),13/05/26 23:00:00,Annual,Thousand persons,Total - all NACE activities,Self-employed domestic concept,Hungary,2021,397.95,,
ESTAT:NAMA_10_A64_E$DEFAULTVIEW(1.0),13/05/26 23:00:00,Annual,Thousand persons,Total - all NACE activities,Self-employed domestic concept,Hungary,2022,407.04,,
ESTAT:NAMA_10_A64_E$DEFAULTVIEW(1.0),13/05/26 23:00:00,Annual,Thousand persons,Total - all NACE activities,Self-employed domestic concept,Hungary,2023,387.19,,
ESTAT:NAMA_10_A64_E$DEFAULTVIEW(1.0),13/05/26 23:00:00,Annual,Thousand persons,Total - all NACE activities,Self-employed domestic concept,Hungary,2024,390.58,,
ESTAT:NAMA_10_A64_E$DEFAULTVIEW(1.0),13/05/26 23:00:00,Annual,Thousand persons,Total - all NACE activities,Self-employed domestic concept,Ireland,2016,345.56,,
ESTAT:NAMA_10_A64_E$DEFAULTVIEW(1.0),13/05/26 23:00:00,Annual,Thousand persons,Total - all NACE activities,Self-employed domestic concept,Ireland,2017,339.48,,
ESTAT:NAMA_10_A64_E$DEFAULTVIEW(1.0),13/05/26 23:00:00,Annual,Thousand persons,Total - all NACE activities,Self-employed domestic concept,Ireland,2018,341.42,,
ESTAT:NAMA_10_A64_E$DEFAULTVIEW(1.0),13/05/26 23:00:00,Annual,Thousand persons,Total - all NACE activities,Self-employed domestic concept,Ireland,2019,337.05,,
ESTAT:NAMA_10_A64_E$DEFAULTVIEW(1.0),13/05/26 23:00:00,Annual,Thousand persons,Total - all NACE activities,Self-employed domestic concept,Ireland,2020,337.46,,
ESTAT:NAMA_10_A64_E$DEFAULTVIEW(1.0),13/05/26 23:00:00,Annual,Thousand persons,Total - all NACE activities,Self-employed domestic concept,Ireland,2021,342.11,,
ESTAT:NAMA_10_A64_E$DEFAULTVIEW(1.0),13/05/26 23:00:00,Annual,Thousand persons,Total - all NACE activities,Self-employed domestic concept,Ireland,2022,364.40,,
ESTAT:NAMA_10_A64_E$DEFAULTVIEW(1.0),13/05/26 23:00:00,Annual,Thousand persons,Total - all NACE activities,Self-employed domestic concept,Ireland,2023,369.09,,
ESTAT:NAMA_10_A64_E$DEFAULTVIEW(1.0),13/05/26 23:00:00,Annual,Thousand persons,Total - all NACE activities,Self-employed domestic concept,Ireland,2024,370.56,,
ESTAT:NAMA_10_A64_E$DEFAULTVIEW(1.0),13/05/26 23:00:00,Annual,Thousand persons,Total - all NACE activities,Self-employed domestic concept,Iceland,2016,10.25,p,
ESTAT:NAMA_10_A64_E$DEFAULTVIEW(1.0),13/05/26 23:00:00,Annual,Thousand persons,Total - all NACE activities,Self-employed domestic concept,Iceland,2017,9.80,p,
ESTAT:NAMA_10_A64_E$DEFAULTVIEW(1.0),13/05/26 23:00:00,Annual,Thousand persons,Total - all NACE activities,Self-employed domestic concept,Iceland,2018,9.77,p,
ESTAT:NAMA_10_A64_E$DEFAULTVIEW(1.0),13/05/26 23:00:00,Annual,Thousand persons,Total - all NACE activities,Self-employed domestic concept,Iceland,2019,10.11,p,
ESTAT:NAMA_10_A64_E$DEFAULTVIEW(1.0),13/05/26 23:00:00,Annual,Thousand persons,Total - all NACE activities,Self-employed domestic concept,Iceland,2020,9.94,p,
ESTAT:NAMA_10_A64_E$DEFAULTVIEW(1.0),13/05/26 23:00:00,Annual,Thousand persons,Total - all NACE activities,Self-employed domestic concept,Iceland,2021,9.82,p,
ESTAT:NAMA_10_A64_E$DEFAULTVIEW(1.0),13/05/26 23:00:00,Annual,Thousand persons,Total - all NACE activities,Self-employed domestic concept,Iceland,2022,10.23,p,
ESTAT:NAMA_10_A64_E$DEFAULTVIEW(1.0),13/05/26 23:00:00,Annual,Thousand persons,Total - all NACE activities,Self-employed domestic concept,Iceland,2023,10.12,p,
ESTAT:NAMA_10_A64_E$DEFAULTVIEW(1.0),13/05/26 23:00:00,Annual,Thousand persons,Total - all NACE activities,Self-employed domestic concept,Iceland,2024,10.24,p,
ESTAT:NAMA_10_A64_E$DEFAULTVIEW(1.0),13/05/26 23:00:00,Annual,Thousand persons,Total - all NACE activities,Self-employed domestic concept,Iceland,2025,10.29,e,
ESTAT:NAMA_10_A64_E$DEFAULTVIEW(1.0),13/05/26 23:00:00,Annual,Thousand persons,Total - all NACE activities,Self-employed domestic concept,Italy,2016,6356.60,,
ESTAT:NAMA_10_A64_E$DEFAULTVIEW(1.0),13/05/26 23:00:00,Annual,Thousand persons,Total - all NACE activities,Self-employed domestic concept,Italy,2017,6258.20,,
ESTAT:NAMA_10_A64_E$DEFAULTVIEW(1.0),13/05/26 23:00:00,Annual,Thousand persons,Total - all NACE activities,Self-employed domestic concept,Italy,2018,6246.90,,
ESTAT:NAMA_10_A64_E$DEFAULTVIEW(1.0),13/05/26 23:00:00,Annual,Thousand persons,Total - all NACE activities,Self-employed domestic concept,Italy,2019,6236.10,,
ESTAT:NAMA_10_A64_E$DEFAULTVIEW(1.0),13/05/26 23:00:00,Annual,Thousand persons,Total - all NACE activities,Self-employed domestic concept,Italy,2020,6051.30,,
ESTAT:NAMA_10_A64_E$DEFAULTVIEW(1.0),13/05/26 23:00:00,Annual,Thousand persons,Total - all NACE activities,Self-employed domestic concept,Italy,2021,5921.50,,
ESTAT:NAMA_10_A64_E$DEFAULTVIEW(1.0),13/05/26 23:00:00,Annual,Thousand persons,Total - all NACE activities,Self-employed domestic concept,Italy,2022,5955.80,,
ESTAT:NAMA_10_A64_E$DEFAULTVIEW(1.0),13/05/26 23:00:00,Annual,Thousand persons,Total - all NACE activities,Self-employed domestic concept,Italy,2023,6024.90,,
ESTAT:NAMA_10_A64_E$DEFAULTVIEW(1.0),13/05/26 23:00:00,Annual,Thousand persons,Total - all NACE activities,Self-employed domestic concept,Italy,2024,6101.30,,
ESTAT:NAMA_10_A64_E$DEFAULTVIEW(1.0),13/05/26 23:00:00,Annual,Thousand persons,Total - all NACE activities,Self-employed domestic concept,Italy,2025,6218.20,,
ESTAT:NAMA_10_A64_E$DEFAULTVIEW(1.0),13/05/26 23:00:00,Annual,Thousand persons,Total - all NACE activities,Self-employed domestic concept,Lithuania,2016,169.16,,
ESTAT:NAMA_10_A64_E$DEFAULTVIEW(1.0),13/05/26 23:00:00,Annual,Thousand persons,Total - all NACE activities,Self-employed domestic concept,Lithuania,2017,163.93,,
ESTAT:NAMA_10_A64_E$DEFAULTVIEW(1.0),13/05/26 23:00:00,Annual,Thousand persons,Total - all NACE activities,Self-employed domestic concept,Lithuania,2018,161.64,,
ESTAT:NAMA_10_A64_E$DEFAULTVIEW(1.0),13/05/26 23:00:00,Annual,Thousand persons,Total - all NACE activities,Self-employed domestic concept,Lithuania,2019,162.90,,
ESTAT:NAMA_10_A64_E$DEFAULTVIEW(1.0),13/05/26 23:00:00,Annual,Thousand persons,Total - all NACE activities,Self-employed domestic concept,Lithuania,2020,157.40,,
ESTAT:NAMA_10_A64_E$DEFAULTVIEW(1.0),13/05/26 23:00:00,Annual,Thousand persons,Total - all NACE activities,Self-employed domestic concept,Lithuania,2021,160.03,,
ESTAT:NAMA_10_A64_E$DEFAULTVIEW(1.0),13/05/26 23:00:00,Annual,Thousand persons,Total - all NACE activities,Self-employed domestic concept,Lithuania,2022,175.32,,
ESTAT:NAMA_10_A64_E$DEFAULTVIEW(1.0),13/05/26 23:00:00,Annual,Thousand persons,Total - all NACE activities,Self-employed domestic concept,Lithuania,2023,172.88,,
ESTAT:NAMA_10_A64_E$DEFAULTVIEW(1.0),13/05/26 23:00:00,Annual,Thousand persons,Total - all NACE activities,Self-employed domestic concept,Lithuania,2024,173.25,,
ESTAT:NAMA_10_A64_E$DEFAULTVIEW(1.0),13/05/26 23:00:00,Annual,Thousand persons,Total - all NACE activities,Self-employed domestic concept,Luxembourg,2016,25.32,,
ESTAT:NAMA_10_A64_E$DEFAULTVIEW(1.0),13/05/26 23:00:00,Annual,Thousand persons,Total - all NACE activities,Self-employed domestic concept,Luxembourg,2017,25.85,,
ESTAT:NAMA_10_A64_E$DEFAULTVIEW(1.0),13/05/26 23:00:00,Annual,Thousand persons,Total - all NACE activities,Self-employed domestic concept,Luxembourg,2018,26.28,,
ESTAT:NAMA_10_A64_E$DEFAULTVIEW(1.0),13/05/26 23:00:00,Annual,Thousand persons,Total - all NACE activities,Self-employed domestic concept,Luxembourg,2019,26.98,,
ESTAT:NAMA_10_A64_E$DEFAULTVIEW(1.0),13/05/26 23:00:00,Annual,Thousand persons,Total - all NACE activities,Self-employed domestic concept,Luxembourg,2020,27.74,,
ESTAT:NAMA_10_A64_E$DEFAULTVIEW(1.0),13/05/26 23:00:00,Annual,Thousand persons,Total - all NACE activities,Self-employed domestic concept,Luxembourg,2021,28.22,,
ESTAT:NAMA_10_A64_E$DEFAULTVIEW(1.0),13/05/26 23:00:00,Annual,Thousand persons,Total - all NACE activities,Self-employed domestic concept,Luxembourg,2022,28.93,,
ESTAT:NAMA_10_A64_E$DEFAULTVIEW(1.0),13/05/26 23:00:00,Annual,Thousand persons,Total - all NACE activities,Self-employed domestic concept,Luxembourg,2023,29.68,,
ESTAT:NAMA_10_A64_E$DEFAULTVIEW(1.0),13/05/26 23:00:00,Annual,Thousand persons,Total - all NACE activities,Self-employed domestic concept,Luxembourg,2024,30.48,p,
ESTAT:NAMA_10_A64_E$DEFAULTVIEW(1.0),13/05/26 23:00:00,Annual,Thousand persons,Total - all NACE activities,Self-employed domestic concept,Latvia,2016,117.29,,
ESTAT:NAMA_10_A64_E$DEFAULTVIEW(1.0),13/05/26 23:00:00,Annual,Thousand persons,Total - all NACE activities,Self-employed domestic concept,Latvia,2017,113.74,,
ESTAT:NAMA_10_A64_E$DEFAULTVIEW(1.0),13/05/26 23:00:00,Annual,Thousand persons,Total - all NACE activities,Self-employed domestic concept,Latvia,2018,105.21,,
ESTAT:NAMA_10_A64_E$DEFAULTVIEW(1.0),13/05/26 23:00:00,Annual,Thousand persons,Total - all NACE activities,Self-employed domestic concept,Latvia,2019,105.22,,
ESTAT:NAMA_10_A64_E$DEFAULTVIEW(1.0),13/05/26 23:00:00,Annual,Thousand persons,Total - all NACE activities,Self-employed domestic concept,Latvia,2020,116.42,,
ESTAT:NAMA_10_A64_E$DEFAULTVIEW(1.0),13/05/26 23:00:00,Annual,Thousand persons,Total - all NACE activities,Self-employed domestic concept,Latvia,2021,118.77,,
ESTAT:NAMA_10_A64_E$DEFAULTVIEW(1.0),13/05/26 23:00:00,Annual,Thousand persons,Total - all NACE activities,Self-employed domestic concept,Latvia,2022,123.80,,
ESTAT:NAMA_10_A64_E$DEFAULTVIEW(1.0),13/05/26 23:00:00,Annual,Thousand persons,Total - all NACE activities,Self-employed domestic concept,Latvia,2023,108.20,,
ESTAT:NAMA_10_A64_E$DEFAULTVIEW(1.0),13/05/26 23:00:00,Annual,Thousand persons,Total - all NACE activities,Self-employed domestic concept,Latvia,2024,111.17,,
ESTAT:NAMA_10_A64_E$DEFAULTVIEW(1.0),13/05/26 23:00:00,Annual,Thousand persons,Total - all NACE activities,Self-employed domestic concept,Montenegro,2016,48.15,,
ESTAT:NAMA_10_A64_E$DEFAULTVIEW(1.0),13/05/26 23:00:00,Annual,Thousand persons,Total - all NACE activities,Self-employed domestic concept,Montenegro,2017,50.39,,
ESTAT:NAMA_10_A64_E$DEFAULTVIEW(1.0),13/05/26 23:00:00,Annual,Thousand persons,Total - all NACE activities,Self-employed domestic concept,Montenegro,2018,51.68,,
ESTAT:NAMA_10_A64_E$DEFAULTVIEW(1.0),13/05/26 23:00:00,Annual,Thousand persons,Total - all NACE activities,Self-employed domestic concept,Montenegro,2019,49.99,,
ESTAT:NAMA_10_A64_E$DEFAULTVIEW(1.0),13/05/26 23:00:00,Annual,Thousand persons,Total - all NACE activities,Self-employed domestic concept,Montenegro,2020,47.11,,
ESTAT:NAMA_10_A64_E$DEFAULTVIEW(1.0),13/05/26 23:00:00,Annual,Thousand persons,Total - all NACE activities,Self-employed domestic concept,Montenegro,2021,40.15,,
ESTAT:NAMA_10_A64_E$DEFAULTVIEW(1.0),13/05/26 23:00:00,Annual,Thousand persons,Total - all NACE activities,Self-employed domestic concept,Montenegro,2022,46.75,,
ESTAT:NAMA_10_A64_E$DEFAULTVIEW(1.0),13/05/26 23:00:00,Annual,Thousand persons,Total - all NACE activities,Self-employed domestic concept,Montenegro,2023,49.69,,
ESTAT:NAMA_10_A64_E$DEFAULTVIEW(1.0),13/05/26 23:00:00,Annual,Thousand persons,Total - all NACE activities,Self-employed domestic concept,Montenegro,2024,49.88,,
ESTAT:NAMA_10_A64_E$DEFAULTVIEW(1.0),13/05/26 23:00:00,Annual,Thousand persons,Total - all NACE activities,Self-employed domestic concept,Montenegro,2025,47.06,p,
ESTAT:NAMA_10_A64_E$DEFAULTVIEW(1.0),13/05/26 23:00:00,Annual,Thousand persons,Total - all NACE activities,Self-employed domestic concept,Malta,2016,28.23,,
ESTAT:NAMA_10_A64_E$DEFAULTVIEW(1.0),13/05/26 23:00:00,Annual,Thousand persons,Total - all NACE activities,Self-employed domestic concept,Malta,2017,29.48,,
ESTAT:NAMA_10_A64_E$DEFAULTVIEW(1.0),13/05/26 23:00:00,Annual,Thousand persons,Total - all NACE activities,Self-employed domestic concept,Malta,2018,32.59,,
ESTAT:NAMA_10_A64_E$DEFAULTVIEW(1.0),13/05/26 23:00:00,Annual,Thousand persons,Total - all NACE activities,Self-employed domestic concept,Malta,2019,35.83,,
ESTAT:NAMA_10_A64_E$DEFAULTVIEW(1.0),13/05/26 23:00:00,Annual,Thousand persons,Total - all NACE activities,Self-employed domestic concept,Malta,2020,37.43,,
ESTAT:NAMA_10_A64_E$DEFAULTVIEW(1.0),13/05/26 23:00:00,Annual,Thousand persons,Total - all NACE activities,Self-employed domestic concept,Malta,2021,39.38,,
ESTAT:NAMA_10_A64_E$DEFAULTVIEW(1.0),13/05/26 23:00:00,Annual,Thousand persons,Total - all NACE activities,Self-employed domestic concept,Malta,2022,41.44,,
ESTAT:NAMA_10_A64_E$DEFAULTVIEW(1.0),13/05/26 23:00:00,Annual,Thousand persons,Total - all NACE activities,Self-employed domestic concept,Malta,2023,43.33,,
ESTAT:NAMA_10_A64_E$DEFAULTVIEW(1.0),13/05/26 23:00:00,Annual,Thousand persons,Total - all NACE activities,Self-employed domestic concept,Malta,2024,45.08,,
ESTAT:NAMA_10_A64_E$DEFAULTVIEW(1.0),13/05/26 23:00:00,Annual,Thousand persons,Total - all NACE activities,Self-employed domestic concept,Malta,2025,47.37,,
ESTAT:NAMA_10_A64_E$DEFAULTVIEW(1.0),13/05/26 23:00:00,Annual,Thousand persons,Total - all NACE activities,Self-employed domestic concept,Netherlands,2016,1500.00,,
ESTAT:NAMA_10_A64_E$DEFAULTVIEW(1.0),13/05/26 23:00:00,Annual,Thousand persons,Total - all NACE activities,Self-employed domestic concept,Netherlands,2017,1519.00,,
ESTAT:NAMA_10_A64_E$DEFAULTVIEW(1.0),13/05/26 23:00:00,Annual,Thousand persons,Total - all NACE activities,Self-employed domestic concept,Netherlands,2018,1546.00,,
ESTAT:NAMA_10_A64_E$DEFAULTVIEW(1.0),13/05/26 23:00:00,Annual,Thousand persons,Total - all NACE activities,Self-employed domestic concept,Netherlands,2019,1580.00,,
ESTAT:NAMA_10_A64_E$DEFAULTVIEW(1.0),13/05/26 23:00:00,Annual,Thousand persons,Total - all NACE activities,Self-employed domestic concept,Netherlands,2020,1588.00,,
ESTAT:NAMA_10_A64_E$DEFAULTVIEW(1.0),13/05/26 23:00:00,Annual,Thousand persons,Total - all NACE activities,Self-employed domestic concept,Netherlands,2021,1634.00,,
ESTAT:NAMA_10_A64_E$DEFAULTVIEW(1.0),13/05/26 23:00:00,Annual,Thousand persons,Total - all NACE activities,Self-employed domestic concept,Netherlands,2022,1660.00,p,
ESTAT:NAMA_10_A64_E$DEFAULTVIEW(1.0),13/05/26 23:00:00,Annual,Thousand persons,Total - all NACE activities,Self-employed domestic concept,Netherlands,2023,1714.00,p,
ESTAT:NAMA_10_A64_E$DEFAULTVIEW(1.0),13/05/26 23:00:00,Annual,Thousand persons,Total - all NACE activities,Self-employed domestic concept,Netherlands,2024,1753.00,p,
ESTAT:NAMA_10_A64_E$DEFAULTVIEW(1.0),13/05/26 23:00:00,Annual,Thousand persons,Total - all NACE activities,Self-employed domestic concept,Norway,2016,143.00,,
ESTAT:NAMA_10_A64_E$DEFAULTVIEW(1.0),13/05/26 23:00:00,Annual,Thousand persons,Total - all NACE activities,Self-employed domestic concept,Norway,2017,140.00,,
ESTAT:NAMA_10_A64_E$DEFAULTVIEW(1.0),13/05/26 23:00:00,Annual,Thousand persons,Total - all NACE activities,Self-employed domestic concept,Norway,2018,136.00,,
ESTAT:NAMA_10_A64_E$DEFAULTVIEW(1.0),13/05/26 23:00:00,Annual,Thousand persons,Total - all NACE activities,Self-employed domestic concept,Norway,2019,134.00,,
ESTAT:NAMA_10_A64_E$DEFAULTVIEW(1.0),13/05/26 23:00:00,Annual,Thousand persons,Total - all NACE activities,Self-employed domestic concept,Norway,2020,130.00,,
ESTAT:NAMA_10_A64_E$DEFAULTVIEW(1.0),13/05/26 23:00:00,Annual,Thousand persons,Total - all NACE activities,Self-employed domestic concept,Norway,2021,130.00,,
ESTAT:NAMA_10_A64_E$DEFAULTVIEW(1.0),13/05/26 23:00:00,Annual,Thousand persons,Total - all NACE activities,Self-employed domestic concept,Norway,2022,131.00,,
ESTAT:NAMA_10_A64_E$DEFAULTVIEW(1.0),13/05/26 23:00:00,Annual,Thousand persons,Total - all NACE activities,Self-employed domestic concept,Norway,2023,129.00,,
ESTAT:NAMA_10_A64_E$DEFAULTVIEW(1.0),13/05/26 23:00:00,Annual,Thousand persons,Total - all NACE activities,Self-employed domestic concept,Norway,2024,129.00,,
ESTAT:NAMA_10_A64_E$DEFAULTVIEW(1.0),13/05/26 23:00:00,Annual,Thousand persons,Total - all NACE activities,Self-employed domestic concept,Norway,2025,129.00,,
ESTAT:NAMA_10_A64_E$DEFAULTVIEW(1.0),13/05/26 23:00:00,Annual,Thousand persons,Total - all NACE activities,Self-employed domestic concept,Poland,2016,3326.10,,
ESTAT:NAMA_10_A64_E$DEFAULTVIEW(1.0),13/05/26 23:00:00,Annual,Thousand persons,Total - all NACE activities,Self-employed domestic concept,Poland,2017,3315.50,,
ESTAT:NAMA_10_A64_E$DEFAULTVIEW(1.0),13/05/26 23:00:00,Annual,Thousand persons,Total - all NACE activities,Self-employed domestic concept,Poland,2018,3314.90,,
ESTAT:NAMA_10_A64_E$DEFAULTVIEW(1.0),13/05/26 23:00:00,Annual,Thousand persons,Total - all NACE activities,Self-employed domestic concept,Poland,2019,3280.80,b,
ESTAT:NAMA_10_A64_E$DEFAULTVIEW(1.0),13/05/26 23:00:00,Annual,Thousand persons,Total - all NACE activities,Self-employed domestic concept,Poland,2020,3361.30,,
ESTAT:NAMA_10_A64_E$DEFAULTVIEW(1.0),13/05/26 23:00:00,Annual,Thousand persons,Total - all NACE activities,Self-employed domestic concept,Poland,2021,3453.30,,
ESTAT:NAMA_10_A64_E$DEFAULTVIEW(1.0),13/05/26 23:00:00,Annual,Thousand persons,Total - all NACE activities,Self-employed domestic concept,Poland,2022,3489.90,,
ESTAT:NAMA_10_A64_E$DEFAULTVIEW(1.0),13/05/26 23:00:00,Annual,Thousand persons,Total - all NACE activities,Self-employed domestic concept,Poland,2023,3542.80,,
ESTAT:NAMA_10_A64_E$DEFAULTVIEW(1.0),13/05/26 23:00:00,Annual,Thousand persons,Total - all NACE activities,Self-employed domestic concept,Poland,2024,3355.70,,
ESTAT:NAMA_10_A64_E$DEFAULTVIEW(1.0),13/05/26 23:00:00,Annual,Thousand persons,Total - all NACE activities,Self-employed domestic concept,Portugal,2016,715.89,,
ESTAT:NAMA_10_A64_E$DEFAULTVIEW(1.0),13/05/26 23:00:00,Annual,Thousand persons,Total - all NACE activities,Self-employed domestic concept,Portugal,2017,732.84,,
ESTAT:NAMA_10_A64_E$DEFAULTVIEW(1.0),13/05/26 23:00:00,Annual,Thousand persons,Total - all NACE activities,Self-employed domestic concept,Portugal,2018,762.08,,
ESTAT:NAMA_10_A64_E$DEFAULTVIEW(1.0),13/05/26 23:00:00,Annual,Thousand persons,Total - all NACE activities,Self-employed domestic concept,Portugal,2019,774.92,,
ESTAT:NAMA_10_A64_E$DEFAULTVIEW(1.0),13/05/26 23:00:00,Annual,Thousand persons,Total - all NACE activities,Self-employed domestic concept,Portugal,2020,754.26,,
ESTAT:NAMA_10_A64_E$DEFAULTVIEW(1.0),13/05/26 23:00:00,Annual,Thousand persons,Total - all NACE activities,Self-employed domestic concept,Portugal,2021,776.13,,
ESTAT:NAMA_10_A64_E$DEFAULTVIEW(1.0),13/05/26 23:00:00,Annual,Thousand persons,Total - all NACE activities,Self-employed domestic concept,Portugal,2022,806.13,,
ESTAT:NAMA_10_A64_E$DEFAULTVIEW(1.0),13/05/26 23:00:00,Annual,Thousand persons,Total - all NACE activities,Self-employed domestic concept,Portugal,2023,808.86,,
ESTAT:NAMA_10_A64_E$DEFAULTVIEW(1.0),13/05/26 23:00:00,Annual,Thousand persons,Total - all NACE activities,Self-employed domestic concept,Portugal,2024,801.78,p,
ESTAT:NAMA_10_A64_E$DEFAULTVIEW(1.0),13/05/26 23:00:00,Annual,Thousand persons,Total - all NACE activities,Self-employed domestic concept,Romania,2016,2143.40,,
ESTAT:NAMA_10_A64_E$DEFAULTVIEW(1.0),13/05/26 23:00:00,Annual,Thousand persons,Total - all NACE activities,Self-employed domestic concept,Romania,2017,2167.00,,
ESTAT:NAMA_10_A64_E$DEFAULTVIEW(1.0),13/05/26 23:00:00,Annual,Thousand persons,Total - all NACE activities,Self-employed domestic concept,Romania,2018,2076.30,,
ESTAT:NAMA_10_A64_E$DEFAULTVIEW(1.0),13/05/26 23:00:00,Annual,Thousand persons,Total - all NACE activities,Self-employed domestic concept,Romania,2019,1984.00,,
ESTAT:NAMA_10_A64_E$DEFAULTVIEW(1.0),13/05/26 23:00:00,Annual,Thousand persons,Total - all NACE activities,Self-employed domestic concept,Romania,2020,1907.90,,
ESTAT:NAMA_10_A64_E$DEFAULTVIEW(1.0),13/05/26 23:00:00,Annual,Thousand persons,Total - all NACE activities,Self-employed domestic concept,Romania,2021,1946.80,,
ESTAT:NAMA_10_A64_E$DEFAULTVIEW(1.0),13/05/26 23:00:00,Annual,Thousand persons,Total - all NACE activities,Self-employed domestic concept,Romania,2022,1910.80,,
ESTAT:NAMA_10_A64_E$DEFAULTVIEW(1.0),13/05/26 23:00:00,Annual,Thousand persons,Total - all NACE activities,Self-employed domestic concept,Romania,2023,1867.80,,
ESTAT:NAMA_10_A64_E$DEFAULTVIEW(1.0),13/05/26 23:00:00,Annual,Thousand persons,Total - all NACE activities,Self-employed domestic concept,Romania,2024,1904.50,p,
ESTAT:NAMA_10_A64_E$DEFAULTVIEW(1.0),13/05/26 23:00:00,Annual,Thousand persons,Total - all NACE activities,Self-employed domestic concept,Romania,2025,1614.90,p,
ESTAT:NAMA_10_A64_E$DEFAULTVIEW(1.0),13/05/26 23:00:00,Annual,Thousand persons,Total - all NACE activities,Self-employed domestic concept,Serbia,2016,1317.63,,
ESTAT:NAMA_10_A64_E$DEFAULTVIEW(1.0),13/05/26 23:00:00,Annual,Thousand persons,Total - all NACE activities,Self-employed domestic concept,Serbia,2017,1305.20,,
ESTAT:NAMA_10_A64_E$DEFAULTVIEW(1.0),13/05/26 23:00:00,Annual,Thousand persons,Total - all NACE activities,Self-employed domestic concept,Serbia,2018,1282.42,,
ESTAT:NAMA_10_A64_E$DEFAULTVIEW(1.0),13/05/26 23:00:00,Annual,Thousand persons,Total - all NACE activities,Self-employed domestic concept,Serbia,2019,1254.64,,
ESTAT:NAMA_10_A64_E$DEFAULTVIEW(1.0),13/05/26 23:00:00,Annual,Thousand persons,Total - all NACE activities,Self-employed domestic concept,Serbia,2020,1187.14,,
ESTAT:NAMA_10_A64_E$DEFAULTVIEW(1.0),13/05/26 23:00:00,Annual,Thousand persons,Total - all NACE activities,Self-employed domestic concept,Serbia,2021,1149.52,,
ESTAT:NAMA_10_A64_E$DEFAULTVIEW(1.0),13/05/26 23:00:00,Annual,Thousand persons,Total - all NACE activities,Self-employed domestic concept,Serbia,2022,1118.64,,
ESTAT:NAMA_10_A64_E$DEFAULTVIEW(1.0),13/05/26 23:00:00,Annual,Thousand persons,Total - all NACE activities,Self-employed domestic concept,Serbia,2023,1074.87,p,
ESTAT:NAMA_10_A64_E$DEFAULTVIEW(1.0),13/05/26 23:00:00,Annual,Thousand persons,Total - all NACE activities,Self-employed domestic concept,Serbia,2024,1060.24,p,
ESTAT:NAMA_10_A64_E$DEFAULTVIEW(1.0),13/05/26 23:00:00,Annual,Thousand persons,Total - all NACE activities,Self-employed domestic concept,Sweden,2016,297.00,,
ESTAT:NAMA_10_A64_E$DEFAULTVIEW(1.0),13/05/26 23:00:00,Annual,Thousand persons,Total - all NACE activities,Self-employed domestic concept,Sweden,2017,295.00,,
ESTAT:NAMA_10_A64_E$DEFAULTVIEW(1.0),13/05/26 23:00:00,Annual,Thousand persons,Total - all NACE activities,Self-employed domestic concept,Sweden,2018,294.00,,
ESTAT:NAMA_10_A64_E$DEFAULTVIEW(1.0),13/05/26 23:00:00,Annual,Thousand persons,Total - all NACE activities,Self-employed domestic concept,Sweden,2019,293.00,,
ESTAT:NAMA_10_A64_E$DEFAULTVIEW(1.0),13/05/26 23:00:00,Annual,Thousand persons,Total - all NACE activities,Self-employed domestic concept,Sweden,2020,295.00,,
ESTAT:NAMA_10_A64_E$DEFAULTVIEW(1.0),13/05/26 23:00:00,Annual,Thousand persons,Total - all NACE activities,Self-employed domestic concept,Sweden,2021,293.00,,
ESTAT:NAMA_10_A64_E$DEFAULTVIEW(1.0),13/05/26 23:00:00,Annual,Thousand persons,Total - all NACE activities,Self-employed domestic concept,Sweden,2022,291.00,,
ESTAT:NAMA_10_A64_E$DEFAULTVIEW(1.0),13/05/26 23:00:00,Annual,Thousand persons,Total - all NACE activities,Self-employed domestic concept,Sweden,2023,290.00,,
ESTAT:NAMA_10_A64_E$DEFAULTVIEW(1.0),13/05/26 23:00:00,Annual,Thousand persons,Total - all NACE activities,Self-employed domestic concept,Sweden,2024,285.00,,
ESTAT:NAMA_10_A64_E$DEFAULTVIEW(1.0),13/05/26 23:00:00,Annual,Thousand persons,Total - all NACE activities,Self-employed domestic concept,Slovenia,2016,187.38,,
ESTAT:NAMA_10_A64_E$DEFAULTVIEW(1.0),13/05/26 23:00:00,Annual,Thousand persons,Total - all NACE activities,Self-employed domestic concept,Slovenia,2017,190.04,,
ESTAT:NAMA_10_A64_E$DEFAULTVIEW(1.0),13/05/26 23:00:00,Annual,Thousand persons,Total - all NACE activities,Self-employed domestic concept,Slovenia,2018,194.43,,
ESTAT:NAMA_10_A64_E$DEFAULTVIEW(1.0),13/05/26 23:00:00,Annual,Thousand persons,Total - all NACE activities,Self-employed domestic concept,Slovenia,2019,197.58,,
ESTAT:NAMA_10_A64_E$DEFAULTVIEW(1.0),13/05/26 23:00:00,Annual,Thousand persons,Total - all NACE activities,Self-employed domestic concept,Slovenia,2020,197.24,,
ESTAT:NAMA_10_A64_E$DEFAULTVIEW(1.0),13/05/26 23:00:00,Annual,Thousand persons,Total - all NACE activities,Self-employed domestic concept,Slovenia,2021,201.05,,
ESTAT:NAMA_10_A64_E$DEFAULTVIEW(1.0),13/05/26 23:00:00,Annual,Thousand persons,Total - all NACE activities,Self-employed domestic concept,Slovenia,2022,209.70,,
ESTAT:NAMA_10_A64_E$DEFAULTVIEW(1.0),13/05/26 23:00:00,Annual,Thousand persons,Total - all NACE activities,Self-employed domestic concept,Slovenia,2023,216.82,,
ESTAT:NAMA_10_A64_E$DEFAULTVIEW(1.0),13/05/26 23:00:00,Annual,Thousand persons,Total - all NACE activities,Self-employed domestic concept,Slovenia,2024,221.65,,
ESTAT:NAMA_10_A64_E$DEFAULTVIEW(1.0),13/05/26 23:00:00,Annual,Thousand persons,Total - all NACE activities,Self-employed domestic concept,Slovakia,2016,323.25,,
ESTAT:NAMA_10_A64_E$DEFAULTVIEW(1.0),13/05/26 23:00:00,Annual,Thousand persons,Total - all NACE activities,Self-employed domestic concept,Slovakia,2017,322.50,,
ESTAT:NAMA_10_A64_E$DEFAULTVIEW(1.0),13/05/26 23:00:00,Annual,Thousand persons,Total - all NACE activities,Self-employed domestic concept,Slovakia,2018,322.46,,
ESTAT:NAMA_10_A64_E$DEFAULTVIEW(1.0),13/05/26 23:00:00,Annual,Thousand persons,Total - all NACE activities,Self-employed domestic concept,Slovakia,2019,330.22,,
ESTAT:NAMA_10_A64_E$DEFAULTVIEW(1.0),13/05/26 23:00:00,Annual,Thousand persons,Total - all NACE activities,Self-employed domestic concept,Slovakia,2020,323.59,,
ESTAT:NAMA_10_A64_E$DEFAULTVIEW(1.0),13/05/26 23:00:00,Annual,Thousand persons,Total - all NACE activities,Self-employed domestic concept,Slovakia,2021,330.79,,
ESTAT:NAMA_10_A64_E$DEFAULTVIEW(1.0),13/05/26 23:00:00,Annual,Thousand persons,Total - all NACE activities,Self-employed domestic concept,Slovakia,2022,341.93,,
ESTAT:NAMA_10_A64_E$DEFAULTVIEW(1.0),13/05/26 23:00:00,Annual,Thousand persons,Total - all NACE activities,Self-employed domestic concept,Slovakia,2023,346.32,,
ESTAT:NAMA_10_A64_E$DEFAULTVIEW(1.0),13/05/26 23:00:00,Annual,Thousand persons,Total - all NACE activities,Self-employed domestic concept,Slovakia,2024,350.02,,
ESTAT:NAMA_10_A64_E$DEFAULTVIEW(1.0),13/05/26 23:00:00,Annual,Thousand persons,Total - all NACE activities,Self-employed domestic concept,United Kingdom,2016,4891.44,,
ESTAT:NAMA_10_A64_E$DEFAULTVIEW(1.0),13/05/26 23:00:00,Annual,Thousand persons,Total - all NACE activities,Self-employed domestic concept,United Kingdom,2017,4914.55,,
ESTAT:NAMA_10_A64_E$DEFAULTVIEW(1.0),13/05/26 23:00:00,Annual,Thousand persons,Total - all NACE activities,Self-employed domestic concept,United Kingdom,2018,4894.94,,
ESTAT:NAMA_10_A64_E$DEFAULTVIEW(1.0),13/05/26 23:00:00,Annual,Thousand persons,Total - all NACE activities,Self-employed domestic concept,United Kingdom,2019,5093.94,,
ESTAT:NAMA_10_A64_E$DEFAULTVIEW(1.0),13/05/26 23:00:00,Annual,Thousand persons,Total - all NACE activities,Self-employed domestic concept,Kosovo*,2016,,,C
ESTAT:NAMA_10_A64_E$DEFAULTVIEW(1.0),13/05/26 23:00:00,Annual,Thousand persons,Total - all NACE activities,Self-employed domestic concept,Kosovo*,2017,,,C
ESTAT:NAMA_10_A64_E$DEFAULTVIEW(1.0),13/05/26 23:00:00,Annual,Thousand persons,Total - all NACE activities,Self-employed domestic concept,Kosovo*,2018,,,C
ESTAT:NAMA_10_A64_E$DEFAULTVIEW(1.0),13/05/26 23:00:00,Annual,Thousand persons,Total - all NACE activities,Self-employed domestic concept,Kosovo*,2019,,,C
