freq,freq_label,unit,unit_label,sex,sex_label,age,age_label,geo,geo_label,time,time_label,population
A,Annual,NR,Number,T,Total,Y15-19,From 15 to 19 years,BE,Belgium,2010,2010,650632.0
A,Annual,NR,Number,T,Total,Y15-19,From 15 to 19 years,BE,Belgium,2011,2011,649018.0
A,Annual,NR,Number,T,Total,Y15-19,From 15 to 19 years,BE,Belgium,2012,2012,642314.0
A,Annual,NR,Number,T,Total,Y15-19,From 15 to 19 years,BE,Belgium,2013,2013,635280.0
A,Annual,NR,Number,T,Total,Y15-19,From 15 to 19 years,BE,Belgium,2014,2014,629626.0
A,Annual,NR,Number,T,Total,Y15-19,From 15 to 19 years,BE,Belgium,2015,2015,628388.0
A,Annual,NR,Number,T,Total,Y15-19,From 15 to 19 years,BE,Belgium,2016,2016,634837.0
A,Annual,NR,Number,T,Total,Y15-19,From 15 to 19 years,BE,Belgium,2017,2017,632988.0
A,Annual,NR,Number,T,Total,Y15-19,From 15 to 19 years,BE,Belgium,2018,2018,630153.0
A,Annual,NR,Number,T,Total,Y15-19,From 15 to 19 years,BE,Belgium,2019,2019,631502.0
A,Annual,NR,Number,T,Total,Y15-19,From 15 to 19 years,BE,Belgium,2020,2020,636442.0
A,Annual,NR,Number,T,Total,Y15-19,From 15 to 19 years,BE,Belgium,2021,2021,640531.0
A,Annual,NR,Number,T,Total,Y15-19,From 15 to 19 years,BE,Belgium,2022,2022,652920.0
A,Annual,NR,Number,T,Total,Y15-19,From 15 to 19 years,BE,Belgium,2023,2023,673609.0
A,Annual,NR,Number,T,Total,Y15-19,From 15 to 19 years,BG,Bulgaria,2010,2010,409882.0
A,Annual,NR,Number,T,Total,Y15-19,From 15 to 19 years,BG,Bulgaria,2011,2011,380036.0
A,Annual,NR,Number,T,Total,Y15-19,From 15 to 19 years,BG,Bulgaria,2012,2012,358043.0
A,Annual,NR,Number,T,Total,Y15-19,From 15 to 19 years,BG,Bulgaria,2013,2013,339905.0
A,Annual,NR,Number,T,Total,Y15-19,From 15 to 19 years,BG,Bulgaria,2014,2014,316432.0
A,Annual,NR,Number,T,Total,Y15-19,From 15 to 19 years,BG,Bulgaria,2015,2015,302865.0
A,Annual,NR,Number,T,Total,Y15-19,From 15 to 19 years,BG,Bulgaria,2016,2016,297037.0
A,Annual,NR,Number,T,Total,Y15-19,From 15 to 19 years,BG,Bulgaria,2017,2017,287017.0
A,Annual,NR,Number,T,Total,Y15-19,From 15 to 19 years,BG,Bulgaria,2018,2018,279857.0
A,Annual,NR,Number,T,Total,Y15-19,From 15 to 19 years,BG,Bulgaria,2019,2019,279195.0
A,Annual,NR,Number,T,Total,Y15-19,From 15 to 19 years,BG,Bulgaria,2020,2020,274476.0
A,Annual,NR,Number,T,Total,Y15-19,From 15 to 19 years,BG,Bulgaria,2021,2021,277947.0
A,Annual,NR,Number,T,Total,Y15-19,From 15 to 19 years,BG,Bulgaria,2022,2022,289128.0
A,Annual,NR,Number,T,Total,Y15-19,From 15 to 19 years,BG,Bulgaria,2023,2023,301621.0
A,Annual,NR,Number,T,Total,Y15-19,From 15 to 19 years,CZ,Czechia,2010,2010,611895.0
A,Annual,NR,Number,T,Total,Y15-19,From 15 to 19 years,CZ,Czechia,2011,2011,578984.0
A,Annual,NR,Number,T,Total,Y15-19,From 15 to 19 years,CZ,Czechia,2012,2012,541105.0
A,Annual,NR,Number,T,Total,Y15-19,From 15 to 19 years,CZ,Czechia,2013,2013,510265.0
A,Annual,NR,Number,T,Total,Y15-19,From 15 to 19 years,CZ,Czechia,2014,2014,479874.0
A,Annual,NR,Number,T,Total,Y15-19,From 15 to 19 years,CZ,Czechia,2015,2015,463083.0
A,Annual,NR,Number,T,Total,Y15-19,From 15 to 19 years,CZ,Czechia,2016,2016,458003.0
A,Annual,NR,Number,T,Total,Y15-19,From 15 to 19 years,CZ,Czechia,2017,2017,458673.0
A,Annual,NR,Number,T,Total,Y15-19,From 15 to 19 years,CZ,Czechia,2018,2018,462200.0
A,Annual,NR,Number,T,Total,Y15-19,From 15 to 19 years,CZ,Czechia,2019,2019,467391.0
A,Annual,NR,Number,T,Total,Y15-19,From 15 to 19 years,CZ,Czechia,2020,2020,478030.0
A,Annual,NR,Number,T,Total,Y15-19,From 15 to 19 years,CZ,Czechia,2021,2021,486582.0
A,Annual,NR,Number,T,Total,Y15-19,From 15 to 19 years,CZ,Czechia,2022,2022,503305.0
A,Annual,NR,Number,T,Total,Y15-19,From 15 to 19 years,CZ,Czechia,2023,2023,556689.0
A,Annual,NR,Number,T,Total,Y15-19,From 15 to 19 years,DK,Denmark,2010,2010,350928.0
A,Annual,NR,Number,T,Total,Y15-19,From 15 to 19 years,DK,Denmark,2011,2011,356466.0
A,Annual,NR,Number,T,Total,Y15-19,From 15 to 19 years,DK,Denmark,2012,2012,359125.0
A,Annual,NR,Number,T,Total,Y15-19,From 15 to 19 years,DK,Denmark,2013,2013,358224.0
A,Annual,NR,Number,T,Total,Y15-19,From 15 to 19 years,DK,Denmark,2014,2014,356746.0
A,Annual,NR,Number,T,Total,Y15-19,From 15 to 19 years,DK,Denmark,2015,2015,352904.0
A,Annual,NR,Number,T,Total,Y15-19,From 15 to 19 years,DK,Denmark,2016,2016,350964.0
A,Annual,NR,Number,T,Total,Y15-19,From 15 to 19 years,DK,Denmark,2017,2017,349350.0
A,Annual,NR,Number,T,Total,Y15-19,From 15 to 19 years,DK,Denmark,2018,2018,345980.0
A,Annual,NR,Number,T,Total,Y15-19,From 15 to 19 years,DK,Denmark,2019,2019,344415.0
A,Annual,NR,Number,T,Total,Y15-19,From 15 to 19 years,DK,Denmark,2020,2020,343282.0
A,Annual,NR,Number,T,Total,Y15-19,From 15 to 19 years,DK,Denmark,2021,2021,341466.0
A,Annual,NR,Number,T,Total,Y15-19,From 15 to 19 years,DK,Denmark,2022,2022,343723.0
A,Annual,NR,Number,T,Total,Y15-19,From 15 to 19 years,DK,Denmark,2023,2023,347923.0
A,Annual,NR,Number,T,Total,Y15-19,From 15 to 19 years,DE,Germany,2010,2010,4317072.0
A,Annual,NR,Number,T,Total,Y15-19,From 15 to 19 years,DE,Germany,2011,2011,4068782.0
A,Annual,NR,Number,T,Total,Y15-19,From 15 to 19 years,DE,Germany,2012,2012,4027946.0
A,Annual,NR,Number,T,Total,Y15-19,From 15 to 19 years,DE,Germany,2013,2013,4038105.0
A,Annual,NR,Number,T,Total,Y15-19,From 15 to 19 years,DE,Germany,2014,2014,4040497.0
A,Annual,NR,Number,T,Total,Y15-19,From 15 to 19 years,DE,Germany,2015,2015,4066788.0
A,Annual,NR,Number,T,Total,Y15-19,From 15 to 19 years,DE,Germany,2016,2016,4189964.0
A,Annual,NR,Number,T,Total,Y15-19,From 15 to 19 years,DE,Germany,2017,2017,4172869.0
A,Annual,NR,Number,T,Total,Y15-19,From 15 to 19 years,DE,Germany,2018,2018,4080567.0
A,Annual,NR,Number,T,Total,Y15-19,From 15 to 19 years,DE,Germany,2019,2019,4003477.0
A,Annual,NR,Number,T,Total,Y15-19,From 15 to 19 years,DE,Germany,2020,2020,3939243.0
A,Annual,NR,Number,T,Total,Y15-19,From 15 to 19 years,DE,Germany,2021,2021,3856774.0
A,Annual,NR,Number,T,Total,Y15-19,From 15 to 19 years,DE,Germany,2022,2022,3826980.0
A,Annual,NR,Number,T,Total,Y15-19,From 15 to 19 years,DE,Germany,2023,2023,3864600.0
A,Annual,NR,Number,T,Total,Y15-19,From 15 to 19 years,EE,Estonia,2010,2010,79750.0
A,Annual,NR,Number,T,Total,Y15-19,From 15 to 19 years,EE,Estonia,2011,2011,73180.0
A,Annual,NR,Number,T,Total,Y15-19,From 15 to 19 years,EE,Estonia,2012,2012,68634.0
A,Annual,NR,Number,T,Total,Y15-19,From 15 to 19 years,EE,Estonia,2013,2013,64021.0
A,Annual,NR,Number,T,Total,Y15-19,From 15 to 19 years,EE,Estonia,2014,2014,61311.0
A,Annual,NR,Number,T,Total,Y15-19,From 15 to 19 years,EE,Estonia,2015,2015,59842.0
A,Annual,NR,Number,T,Total,Y15-19,From 15 to 19 years,EE,Estonia,2016,2016,59938.0
A,Annual,NR,Number,T,Total,Y15-19,From 15 to 19 years,EE,Estonia,2017,2017,59546.0
A,Annual,NR,Number,T,Total,Y15-19,From 15 to 19 years,EE,Estonia,2018,2018,60173.0
A,Annual,NR,Number,T,Total,Y15-19,From 15 to 19 years,EE,Estonia,2019,2019,61227.0
A,Annual,NR,Number,T,Total,Y15-19,From 15 to 19 years,EE,Estonia,2020,2020,62917.0
A,Annual,NR,Number,T,Total,Y15-19,From 15 to 19 years,EE,Estonia,2021,2021,64309.0
A,Annual,NR,Number,T,Total,Y15-19,From 15 to 19 years,EE,Estonia,2022,2022,66578.0
A,Annual,NR,Number,T,Total,Y15-19,From 15 to 19 years,EE,Estonia,2023,2023,72125.0
A,Annual,NR,Number,T,Total,Y15-19,From 15 to 19 years,IE,Ireland,2010,2010,289938.0
A,Annual,NR,Number,T,Total,Y15-19,From 15 to 19 years,IE,Ireland,2011,2011,282000.0
A,Annual,NR,Number,T,Total,Y15-19,From 15 to 19 years,IE,Ireland,2012,2012,281092.0
A,Annual,NR,Number,T,Total,Y15-19,From 15 to 19 years,IE,Ireland,2013,2013,283640.0
A,Annual,NR,Number,T,Total,Y15-19,From 15 to 19 years,IE,Ireland,2014,2014,289110.0
A,Annual,NR,Number,T,Total,Y15-19,From 15 to 19 years,IE,Ireland,2015,2015,294505.0
A,Annual,NR,Number,T,Total,Y15-19,From 15 to 19 years,IE,Ireland,2016,2016,300000.0
A,Annual,NR,Number,T,Total,Y15-19,From 15 to 19 years,IE,Ireland,2017,2017,308058.0
A,Annual,NR,Number,T,Total,Y15-19,From 15 to 19 years,IE,Ireland,2018,2018,314902.0
A,Annual,NR,Number,T,Total,Y15-19,From 15 to 19 years,IE,Ireland,2019,2019,321199.0
A,Annual,NR,Number,T,Total,Y15-19,From 15 to 19 years,IE,Ireland,2020,2020,326755.0
A,Annual,NR,Number,T,Total,Y15-19,From 15 to 19 years,IE,Ireland,2021,2021,327734.0
A,Annual,NR,Number,T,Total,Y15-19,From 15 to 19 years,IE,Ireland,2022,2022,333936.0
A,Annual,NR,Number,T,Total,Y15-19,From 15 to 19 years,IE,Ireland,2023,2023,343539.0
A,Annual,NR,Number,T,Total,Y15-19,From 15 to 19 years,EL,Greece,2010,2010,586760.0
A,Annual,NR,Number,T,Total,Y15-19,From 15 to 19 years,EL,Greece,2012,2012,556646.0
A,Annual,NR,Number,T,Total,Y15-19,From 15 to 19 years,EL,Greece,2013,2013,543954.0
A,Annual,NR,Number,T,Total,Y15-19,From 15 to 19 years,EL,Greece,2014,2014,538264.0
A,Annual,NR,Number,T,Total,Y15-19,From 15 to 19 years,EL,Greece,2015,2015,527358.0
A,Annual,NR,Number,T,Total,Y15-19,From 15 to 19 years,EL,Greece,2016,2016,519240.0
A,Annual,NR,Number,T,Total,Y15-19,From 15 to 19 years,EL,Greece,2017,2017,518074.0
A,Annual,NR,Number,T,Total,Y15-19,From 15 to 19 years,EL,Greece,2018,2018,518348.0
A,Annual,NR,Number,T,Total,Y15-19,From 15 to 19 years,EL,Greece,2019,2019,522155.0
A,Annual,NR,Number,T,Total,Y15-19,From 15 to 19 years,EL,Greece,2020,2020,528767.0
A,Annual,NR,Number,T,Total,Y15-19,From 15 to 19 years,EL,Greece,2021,2021,530445.0
A,Annual,NR,Number,T,Total,Y15-19,From 15 to 19 years,EL,Greece,2022,2022,530033.0
A,Annual,NR,Number,T,Total,Y15-19,From 15 to 19 years,EL,Greece,2023,2023,534266.0
A,Annual,NR,Number,T,Total,Y15-19,From 15 to 19 years,ES,Spain,2010,2010,2264335.0
A,Annual,NR,Number,T,Total,Y15-19,From 15 to 19 years,ES,Spain,2011,2011,2228086.0
A,Annual,NR,Number,T,Total,Y15-19,From 15 to 19 years,ES,Spain,2012,2012,2199410.0
A,Annual,NR,Number,T,Total,Y15-19,From 15 to 19 years,ES,Spain,2013,2013,2165376.0
A,Annual,NR,Number,T,Total,Y15-19,From 15 to 19 years,ES,Spain,2014,2014,2139358.0
A,Annual,NR,Number,T,Total,Y15-19,From 15 to 19 years,ES,Spain,2015,2015,2149931.0
A,Annual,NR,Number,T,Total,Y15-19,From 15 to 19 years,ES,Spain,2016,2016,2179618.0
A,Annual,NR,Number,T,Total,Y15-19,From 15 to 19 years,ES,Spain,2017,2017,2213625.0
A,Annual,NR,Number,T,Total,Y15-19,From 15 to 19 years,ES,Spain,2018,2018,2251342.0
A,Annual,NR,Number,T,Total,Y15-19,From 15 to 19 years,ES,Spain,2019,2019,2317402.0
A,Annual,NR,Number,T,Total,Y15-19,From 15 to 19 years,ES,Spain,2020,2020,2382307.0
A,Annual,NR,Number,T,Total,Y15-19,From 15 to 19 years,ES,Spain,2021,2021,2417282.0
A,Annual,NR,Number,T,Total,Y15-19,From 15 to 19 years,ES,Spain,2022,2022,2475545.0
A,Annual,NR,Number,T,Total,Y15-19,From 15 to 19 years,ES,Spain,2023,2023,2562806.0
A,Annual,NR,Number,T,Total,Y15-19,From 15 to 19 years,FR,France,2010,2010,4014434.0
A,Annual,NR,Number,T,Total,Y15-19,From 15 to 19 years,FR,France,2011,2011,3980103.0
A,Annual,NR,Number,T,Total,Y15-19,From 15 to 19 years,FR,France,2012,2012,3925548.0
A,Annual,NR,Number,T,Total,Y15-19,From 15 to 19 years,FR,France,2013,2013,3911515.0
A,Annual,NR,Number,T,Total,Y15-19,From 15 to 19 years,FR,France,2014,2014,3976653.0
A,Annual,NR,Number,T,Total,Y15-19,From 15 to 19 years,FR,France,2015,2015,4021728.0
A,Annual,NR,Number,T,Total,Y15-19,From 15 to 19 years,FR,France,2016,2016,4077434.0
A,Annual,NR,Number,T,Total,Y15-19,From 15 to 19 years,FR,France,2017,2017,4103136.0
A,Annual,NR,Number,T,Total,Y15-19,From 15 to 19 years,FR,France,2018,2018,4142585.0
A,Annual,NR,Number,T,Total,Y15-19,From 15 to 19 years,FR,France,2019,2019,4182553.0
A,Annual,NR,Number,T,Total,Y15-19,From 15 to 19 years,FR,France,2020,2020,4183848.0
A,Annual,NR,Number,T,Total,Y15-19,From 15 to 19 years,FR,France,2021,2021,4160556.0
A,Annual,NR,Number,T,Total,Y15-19,From 15 to 19 years,FR,France,2022,2022,4181454.0
A,Annual,NR,Number,T,Total,Y15-19,From 15 to 19 years,FR,France,2023,2023,4211370.0
A,Annual,NR,Number,T,Total,Y15-19,From 15 to 19 years,HR,Croatia,2010,2010,246354.0
A,Annual,NR,Number,T,Total,Y15-19,From 15 to 19 years,HR,Croatia,2011,2011,244336.0
A,Annual,NR,Number,T,Total,Y15-19,From 15 to 19 years,HR,Croatia,2012,2012,243970.0
A,Annual,NR,Number,T,Total,Y15-19,From 15 to 19 years,HR,Croatia,2013,2013,244124.0
A,Annual,NR,Number,T,Total,Y15-19,From 15 to 19 years,HR,Croatia,2014,2014,240545.0
A,Annual,NR,Number,T,Total,Y15-19,From 15 to 19 years,HR,Croatia,2015,2015,234994.0
A,Annual,NR,Number,T,Total,Y15-19,From 15 to 19 years,HR,Croatia,2016,2016,227355.0
A,Annual,NR,Number,T,Total,Y15-19,From 15 to 19 years,HR,Croatia,2017,2017,215776.0
A,Annual,NR,Number,T,Total,Y15-19,From 15 to 19 years,HR,Croatia,2018,2018,204508.0
A,Annual,NR,Number,T,Total,Y15-19,From 15 to 19 years,HR,Croatia,2019,2019,195918.0
A,Annual,NR,Number,T,Total,Y15-19,From 15 to 19 years,HR,Croatia,2020,2020,190751.0
A,Annual,NR,Number,T,Total,Y15-19,From 15 to 19 years,HR,Croatia,2021,2021,188772.0
A,Annual,NR,Number,T,Total,Y15-19,From 15 to 19 years,HR,Croatia,2022,2022,188897.0
A,Annual,NR,Number,T,Total,Y15-19,From 15 to 19 years,HR,Croatia,2023,2023,190162.0
A,Annual,NR,Number,T,Total,Y15-19,From 15 to 19 years,IT,Italy,2010,2010,2941153.0
A,Annual,NR,Number,T,Total,Y15-19,From 15 to 19 years,IT,Italy,2011,2011,2917378.0
A,Annual,NR,Number,T,Total,Y15-19,From 15 to 19 years,IT,Italy,2012,2012,2896250.0
A,Annual,NR,Number,T,Total,Y15-19,From 15 to 19 years,IT,Italy,2013,2013,2865512.0
A,Annual,NR,Number,T,Total,Y15-19,From 15 to 19 years,IT,Italy,2014,2014,2850419.0
A,Annual,NR,Number,T,Total,Y15-19,From 15 to 19 years,IT,Italy,2015,2015,2847440.0
A,Annual,NR,Number,T,Total,Y15-19,From 15 to 19 years,IT,Italy,2016,2016,2863240.0
A,Annual,NR,Number,T,Total,Y15-19,From 15 to 19 years,IT,Italy,2017,2017,2870747.0
A,Annual,NR,Number,T,Total,Y15-19,From 15 to 19 years,IT,Italy,2018,2018,2879427.0
A,Annual,NR,Number,T,Total,Y15-19,From 15 to 19 years,IT,Italy,2019,2019,2873676.0
A,Annual,NR,Number,T,Total,Y15-19,From 15 to 19 years,IT,Italy,2020,2020,2871056.0
A,Annual,NR,Number,T,Total,Y15-19,From 15 to 19 years,IT,Italy,2021,2021,2857013.0
A,Annual,NR,Number,T,Total,Y15-19,From 15 to 19 years,IT,Italy,2022,2022,2866117.0
A,Annual,NR,Number,T,Total,Y15-19,From 15 to 19 years,IT,Italy,2023,2023,2895108.0
A,Annual,NR,Number,T,Total,Y15-19,From 15 to 19 years,CY,Cyprus,2010,2010,63591.0
A,Annual,NR,Number,T,Total,Y15-19,From 15 to 19 years,CY,Cyprus,2011,2011,63633.0
A,Annual,NR,Number,T,Total,Y15-19,From 15 to 19 years,CY,Cyprus,2012,2012,62191.0
A,Annual,NR,Number,T,Total,Y15-19,From 15 to 19 years,CY,Cyprus,2013,2013,58526.0
A,Annual,NR,Number,T,Total,Y15-19,From 15 to 19 years,CY,Cyprus,2014,2014,55692.0
A,Annual,NR,Number,T,Total,Y15-19,From 15 to 19 years,CY,Cyprus,2015,2015,53120.0
A,Annual,NR,Number,T,Total,Y15-19,From 15 to 19 years,CY,Cyprus,2016,2016,51465.0
A,Annual,NR,Number,T,Total,Y15-19,From 15 to 19 years,CY,Cyprus,2017,2017,49914.0
A,Annual,NR,Number,T,Total,Y15-19,From 15 to 19 years,CY,Cyprus,2018,2018,48570.0
A,Annual,NR,Number,T,Total,Y15-19,From 15 to 19 years,CY,Cyprus,2019,2019,47709.0
A,Annual,NR,Number,T,Total,Y15-19,From 15 to 19 years,CY,Cyprus,2020,2020,46937.0
A,Annual,NR,Number,T,Total,Y15-19,From 15 to 19 years,CY,Cyprus,2021,2021,46376.0
A,Annual,NR,Number,T,Total,Y15-19,From 15 to 19 years,CY,Cyprus,2022,2022,46657.0
A,Annual,NR,Number,T,Total,Y15-19,From 15 to 19 years,CY,Cyprus,2023,2023,46747.0
A,Annual,NR,Number,T,Total,Y15-19,From 15 to 19 years,LV,Latvia,2010,2010,136225.0
A,Annual,NR,Number,T,Total,Y15-19,From 15 to 19 years,LV,Latvia,2011,2011,122365.0
A,Annual,NR,Number,T,Total,Y15-19,From 15 to 19 years,LV,Latvia,2012,2012,110566.0
A,Annual,NR,Number,T,Total,Y15-19,From 15 to 19 years,LV,Latvia,2013,2013,99633.0
A,Annual,NR,Number,T,Total,Y15-19,From 15 to 19 years,LV,Latvia,2014,2014,91835.0
A,Annual,NR,Number,T,Total,Y15-19,From 15 to 19 years,LV,Latvia,2015,2015,87794.0
A,Annual,NR,Number,T,Total,Y15-19,From 15 to 19 years,LV,Latvia,2016,2016,86281.0
A,Annual,NR,Number,T,Total,Y15-19,From 15 to 19 years,LV,Latvia,2017,2017,85799.0
A,Annual,NR,Number,T,Total,Y15-19,From 15 to 19 years,LV,Latvia,2018,2018,86834.0
A,Annual,NR,Number,T,Total,Y15-19,From 15 to 19 years,LV,Latvia,2019,2019,88927.0
A,Annual,NR,Number,T,Total,Y15-19,From 15 to 19 years,LV,Latvia,2020,2020,89522.0
A,Annual,NR,Number,T,Total,Y15-19,From 15 to 19 years,LV,Latvia,2021,2021,90565.0
A,Annual,NR,Number,T,Total,Y15-19,From 15 to 19 years,LV,Latvia,2022,2022,92847.0
A,Annual,NR,Number,T,Total,Y15-19,From 15 to 19 years,LV,Latvia,2023,2023,97127.0
A,Annual,NR,Number,T,Total,Y15-19,From 15 to 19 years,LT,Lithuania,2010,2010,229406.0
A,Annual,NR,Number,T,Total,Y15-19,From 15 to 19 years,LT,Lithuania,2011,2011,215622.0
A,Annual,NR,Number,T,Total,Y15-19,From 15 to 19 years,LT,Lithuania,2012,2012,201882.0
A,Annual,NR,Number,T,Total,Y15-19,From 15 to 19 years,LT,Lithuania,2013,2013,187391.0
A,Annual,NR,Number,T,Total,Y15-19,From 15 to 19 years,LT,Lithuania,2014,2014,176842.0
A,Annual,NR,Number,T,Total,Y15-19,From 15 to 19 years,LT,Lithuania,2015,2015,170328.0
A,Annual,NR,Number,T,Total,Y15-19,From 15 to 19 years,LT,Lithuania,2016,2016,162396.0
A,Annual,NR,Number,T,Total,Y15-19,From 15 to 19 years,LT,Lithuania,2017,2017,153577.0
A,Annual,NR,Number,T,Total,Y15-19,From 15 to 19 years,LT,Lithuania,2018,2018,145286.0
A,Annual,NR,Number,T,Total,Y15-19,From 15 to 19 years,LT,Lithuania,2019,2019,139148.0
A,Annual,NR,Number,T,Total,Y15-19,From 15 to 19 years,LT,Lithuania,2020,2020,133193.0
A,Annual,NR,Number,T,Total,Y15-19,From 15 to 19 years,LT,Lithuania,2021,2021,129667.0
A,Annual,NR,Number,T,Total,Y15-19,From 15 to 19 years,LT,Lithuania,2022,2022,129301.0
A,Annual,NR,Number,T,Total,Y15-19,From 15 to 19 years,LT,Lithuania,2023,2023,133898.0
A,Annual,NR,Number,T,Total,Y15-19,From 15 to 19 years,LU,Luxembourg,2010,2010,29804.0
A,Annual,NR,Number,T,Total,Y15-19,From 15 to 19 years,LU,Luxembourg,2011,2011,30385.0
A,Annual,NR,Number,T,Total,Y15-19,From 15 to 19 years,LU,Luxembourg,2012,2012,31557.0
A,Annual,NR,Number,T,Total,Y15-19,From 15 to 19 years,LU,Luxembourg,2013,2013,32133.0
A,Annual,NR,Number,T,Total,Y15-19,From 15 to 19 years,LU,Luxembourg,2014,2014,32451.0
A,Annual,NR,Number,T,Total,Y15-19,From 15 to 19 years,LU,Luxembourg,2015,2015,32589.0
A,Annual,NR,Number,T,Total,Y15-19,From 15 to 19 years,LU,Luxembourg,2016,2016,33186.0
A,Annual,NR,Number,T,Total,Y15-19,From 15 to 19 years,LU,Luxembourg,2017,2017,33248.0
A,Annual,NR,Number,T,Total,Y15-19,From 15 to 19 years,LU,Luxembourg,2018,2018,33113.0
A,Annual,NR,Number,T,Total,Y15-19,From 15 to 19 years,LU,Luxembourg,2019,2019,33206.0
A,Annual,NR,Number,T,Total,Y15-19,From 15 to 19 years,LU,Luxembourg,2020,2020,33331.0
A,Annual,NR,Number,T,Total,Y15-19,From 15 to 19 years,LU,Luxembourg,2021,2021,33071.0
A,Annual,NR,Number,T,Total,Y15-19,From 15 to 19 years,LU,Luxembourg,2022,2022,33442.0
A,Annual,NR,Number,T,Total,Y15-19,From 15 to 19 years,LU,Luxembourg,2023,2023,34272.0
A,Annual,NR,Number,T,Total,Y15-19,From 15 to 19 years,HU,Hungary,2010,2010,603793.0
A,Annual,NR,Number,T,Total,Y15-19,From 15 to 19 years,HU,Hungary,2011,2011,589001.0
A,Annual,NR,Number,T,Total,Y15-19,From 15 to 19 years,HU,Hungary,2012,2012,588428.0
A,Annual,NR,Number,T,Total,Y15-19,From 15 to 19 years,HU,Hungary,2013,2013,563935.0
A,Annual,NR,Number,T,Total,Y15-19,From 15 to 19 years,HU,Hungary,2014,2014,539327.0
A,Annual,NR,Number,T,Total,Y15-19,From 15 to 19 years,HU,Hungary,2015,2015,515454.0
A,Annual,NR,Number,T,Total,Y15-19,From 15 to 19 years,HU,Hungary,2016,2016,498390.0
A,Annual,NR,Number,T,Total,Y15-19,From 15 to 19 years,HU,Hungary,2017,2017,486718.0
A,Annual,NR,Number,T,Total,Y15-19,From 15 to 19 years,HU,Hungary,2018,2018,483536.0
A,Annual,NR,Number,T,Total,Y15-19,From 15 to 19 years,HU,Hungary,2019,2019,481934.0
A,Annual,NR,Number,T,Total,Y15-19,From 15 to 19 years,HU,Hungary,2020,2020,482994.0
A,Annual,NR,Number,T,Total,Y15-19,From 15 to 19 years,HU,Hungary,2021,2021,483064.0
A,Annual,NR,Number,T,Total,Y15-19,From 15 to 19 years,HU,Hungary,2022,2022,488259.0
A,Annual,NR,Number,T,Total,Y15-19,From 15 to 19 years,HU,Hungary,2023,2023,487900.0
A,Annual,NR,Number,T,Total,Y15-19,From 15 to 19 years,MT,Malta,2010,2010,27502.0
A,Annual,NR,Number,T,Total,Y15-19,From 15 to 19 years,MT,Malta,2011,2011,26806.0
A,Annual,NR,Number,T,Total,Y15-19,From 15 to 19 years,MT,Malta,2012,2012,26089.0
A,Annual,NR,Number,T,Total,Y15-19,From 15 to 19 years,MT,Malta,2013,2013,25348.0
A,Annual,NR,Number,T,Total,Y15-19,From 15 to 19 years,MT,Malta,2014,2014,24784.0
A,Annual,NR,Number,T,Total,Y15-19,From 15 to 19 years,MT,Malta,2015,2015,24483.0
A,Annual,NR,Number,T,Total,Y15-19,From 15 to 19 years,MT,Malta,2016,2016,24301.0
A,Annual,NR,Number,T,Total,Y15-19,From 15 to 19 years,MT,Malta,2017,2017,23838.0
A,Annual,NR,Number,T,Total,Y15-19,From 15 to 19 years,MT,Malta,2018,2018,23566.0
A,Annual,NR,Number,T,Total,Y15-19,From 15 to 19 years,MT,Malta,2019,2019,23555.0
A,Annual,NR,Number,T,Total,Y15-19,From 15 to 19 years,MT,Malta,2020,2020,23553.0
A,Annual,NR,Number,T,Total,Y15-19,From 15 to 19 years,MT,Malta,2021,2021,22367.0
A,Annual,NR,Number,T,Total,Y15-19,From 15 to 19 years,MT,Malta,2022,2022,22200.0
A,Annual,NR,Number,T,Total,Y15-19,From 15 to 19 years,MT,Malta,2023,2023,22441.0
A,Annual,NR,Number,T,Total,Y15-19,From 15 to 19 years,NL,Netherlands,2010,2010,1015423.0
A,Annual,NR,Number,T,Total,Y15-19,From 15 to 19 years,NL,Netherlands,2011,2011,1006744.0
A,Annual,NR,Number,T,Total,Y15-19,From 15 to 19 years,NL,Netherlands,2012,2012,998095.0
A,Annual,NR,Number,T,Total,Y15-19,From 15 to 19 years,NL,Netherlands,2013,2013,992851.0
A,Annual,NR,Number,T,Total,Y15-19,From 15 to 19 years,NL,Netherlands,2014,2014,995966.0
A,Annual,NR,Number,T,Total,Y15-19,From 15 to 19 years,NL,Netherlands,2015,2015,1000993.0
A,Annual,NR,Number,T,Total,Y15-19,From 15 to 19 years,NL,Netherlands,2016,2016,1018727.0
A,Annual,NR,Number,T,Total,Y15-19,From 15 to 19 years,NL,Netherlands,2017,2017,1035405.0
A,Annual,NR,Number,T,Total,Y15-19,From 15 to 19 years,NL,Netherlands,2018,2018,1048032.0
A,Annual,NR,Number,T,Total,Y15-19,From 15 to 19 years,NL,Netherlands,2019,2019,1052019.0
A,Annual,NR,Number,T,Total,Y15-19,From 15 to 19 years,NL,Netherlands,2020,2020,1049158.0
A,Annual,NR,Number,T,Total,Y15-19,From 15 to 19 years,NL,Netherlands,2021,2021,1031735.0
A,Annual,NR,Number,T,Total,Y15-19,From 15 to 19 years,NL,Netherlands,2022,2022,1025356.0
A,Annual,NR,Number,T,Total,Y15-19,From 15 to 19 years,NL,Netherlands,2023,2023,1023081.0
A,Annual,NR,Number,T,Total,Y15-19,From 15 to 19 years,AT,Austria,2010,2010,500713.0
A,Annual,NR,Number,T,Total,Y15-19,From 15 to 19 years,AT,Austria,2011,2011,495028.0
A,Annual,NR,Number,T,Total,Y15-19,From 15 to 19 years,AT,Austria,2012,2012,488368.0
A,Annual,NR,Number,T,Total,Y15-19,From 15 to 19 years,AT,Austria,2013,2013,480555.0
A,Annual,NR,Number,T,Total,Y15-19,From 15 to 19 years,AT,Austria,2014,2014,470104.0
A,Annual,NR,Number,T,Total,Y15-19,From 15 to 19 years,AT,Austria,2015,2015,460918.0
A,Annual,NR,Number,T,Total,Y15-19,From 15 to 19 years,AT,Austria,2016,2016,462738.0
A,Annual,NR,Number,T,Total,Y15-19,From 15 to 19 years,AT,Austria,2017,2017,453985.0
A,Annual,NR,Number,T,Total,Y15-19,From 15 to 19 years,AT,Austria,2018,2018,446497.0
A,Annual,NR,Number,T,Total,Y15-19,From 15 to 19 years,AT,Austria,2019,2019,439004.0
A,Annual,NR,Number,T,Total,Y15-19,From 15 to 19 years,AT,Austria,2020,2020,437855.0
A,Annual,NR,Number,T,Total,Y15-19,From 15 to 19 years,AT,Austria,2021,2021,435249.0
A,Annual,NR,Number,T,Total,Y15-19,From 15 to 19 years,AT,Austria,2022,2022,439205.0
A,Annual,NR,Number,T,Total,Y15-19,From 15 to 19 years,AT,Austria,2023,2023,446517.0
A,Annual,NR,Number,T,Total,Y15-19,From 15 to 19 years,PL,Poland,2010,2010,2520030.0
A,Annual,NR,Number,T,Total,Y15-19,From 15 to 19 years,PL,Poland,2011,2011,2411237.0
A,Annual,NR,Number,T,Total,Y15-19,From 15 to 19 years,PL,Poland,2012,2012,2301999.0
A,Annual,NR,Number,T,Total,Y15-19,From 15 to 19 years,PL,Poland,2013,2013,2205323.0
A,Annual,NR,Number,T,Total,Y15-19,From 15 to 19 years,PL,Poland,2014,2014,2110235.0
A,Annual,NR,Number,T,Total,Y15-19,From 15 to 19 years,PL,Poland,2015,2015,2024374.0
A,Annual,NR,Number,T,Total,Y15-19,From 15 to 19 years,PL,Poland,2016,2016,1963253.0
A,Annual,NR,Number,T,Total,Y15-19,From 15 to 19 years,PL,Poland,2017,2017,1905208.0
A,Annual,NR,Number,T,Total,Y15-19,From 15 to 19 years,PL,Poland,2018,2018,1850599.0
A,Annual,NR,Number,T,Total,Y15-19,From 15 to 19 years,PL,Poland,2019,2019,1809745.0
A,Annual,NR,Number,T,Total,Y15-19,From 15 to 19 years,PL,Poland,2020,2020,1786579.0
A,Annual,NR,Number,T,Total,Y15-19,From 15 to 19 years,PL,Poland,2021,2021,1711936.0
A,Annual,NR,Number,T,Total,Y15-19,From 15 to 19 years,PL,Poland,2022,2022,1713407.0
A,Annual,NR,Number,T,Total,Y15-19,From 15 to 19 years,PL,Poland,2023,2023,1748395.0
A,Annual,NR,Number,T,Total,Y15-19,From 15 to 19 years,PT,Portugal,2010,2010,574258.0
A,Annual,NR,Number,T,Total,Y15-19,From 15 to 19 years,PT,Portugal,2011,2011,567144.0
A,Annual,NR,Number,T,Total,Y15-19,From 15 to 19 years,PT,Portugal,2012,2012,558449.0
A,Annual,NR,Number,T,Total,Y15-19,From 15 to 19 years,PT,Portugal,2013,2013,551985.0
A,Annual,NR,Number,T,Total,Y15-19,From 15 to 19 years,PT,Portugal,2014,2014,547284.0
A,Annual,NR,Number,T,Total,Y15-19,From 15 to 19 years,PT,Portugal,2015,2015,551643.0
A,Annual,NR,Number,T,Total,Y15-19,From 15 to 19 years,PT,Portugal,2016,2016,560042.0
A,Annual,NR,Number,T,Total,Y15-19,From 15 to 19 years,PT,Portugal,2017,2017,558156.0
A,Annual,NR,Number,T,Total,Y15-19,From 15 to 19 years,PT,Portugal,2018,2018,556157.0
A,Annual,NR,Number,T,Total,Y15-19,From 15 to 19 years,PT,Portugal,2019,2019,552415.0
A,Annual,NR,Number,T,Total,Y15-19,From 15 to 19 years,PT,Portugal,2020,2020,543199.0
A,Annual,NR,Number,T,Total,Y15-19,From 15 to 19 years,PT,Portugal,2021,2021,532451.0
A,Annual,NR,Number,T,Total,Y15-19,From 15 to 19 years,PT,Portugal,2022,2022,528895.0
A,Annual,NR,Number,T,Total,Y15-19,From 15 to 19 years,PT,Portugal,2023,2023,525574.0
A,Annual,NR,Number,T,Total,Y15-19,From 15 to 19 years,RO,Romania,2010,2010,1128738.0
A,Annual,NR,Number,T,Total,Y15-19,From 15 to 19 years,RO,Romania,2011,2011,1111526.0
A,Annual,NR,Number,T,Total,Y15-19,From 15 to 19 years,RO,Romania,2012,2012,1102118.0
A,Annual,NR,Number,T,Total,Y15-19,From 15 to 19 years,RO,Romania,2013,2013,1091355.0
A,Annual,NR,Number,T,Total,Y15-19,From 15 to 19 years,RO,Romania,2014,2014,1087426.0
A,Annual,NR,Number,T,Total,Y15-19,From 15 to 19 years,RO,Romania,2015,2015,1081303.0
A,Annual,NR,Number,T,Total,Y15-19,From 15 to 19 years,RO,Romania,2016,2016,1083486.0
A,Annual,NR,Number,T,Total,Y15-19,From 15 to 19 years,RO,Romania,2017,2017,1075158.0
A,Annual,NR,Number,T,Total,Y15-19,From 15 to 19 years,RO,Romania,2018,2018,1053286.0
A,Annual,NR,Number,T,Total,Y15-19,From 15 to 19 years,RO,Romania,2019,2019,1036435.0
A,Annual,NR,Number,T,Total,Y15-19,From 15 to 19 years,RO,Romania,2020,2020,1025575.0
A,Annual,NR,Number,T,Total,Y15-19,From 15 to 19 years,RO,Romania,2021,2021,1026945.0
A,Annual,NR,Number,T,Total,Y15-19,From 15 to 19 years,RO,Romania,2022,2022,1039534.0
A,Annual,NR,Number,T,Total,Y15-19,From 15 to 19 years,RO,Romania,2023,2023,1077728.0
A,Annual,NR,Number,T,Total,Y15-19,From 15 to 19 years,SI,Slovenia,2010,2010,105735.0
A,Annual,NR,Number,T,Total,Y15-19,From 15 to 19 years,SI,Slovenia,2011,2011,102526.0
A,Annual,NR,Number,T,Total,Y15-19,From 15 to 19 years,SI,Slovenia,2012,2012,100129.0
A,Annual,NR,Number,T,Total,Y15-19,From 15 to 19 years,SI,Slovenia,2013,2013,98467.0
A,Annual,NR,Number,T,Total,Y15-19,From 15 to 19 years,SI,Slovenia,2014,2014,96814.0
A,Annual,NR,Number,T,Total,Y15-19,From 15 to 19 years,SI,Slovenia,2015,2015,94991.0
A,Annual,NR,Number,T,Total,Y15-19,From 15 to 19 years,SI,Slovenia,2016,2016,94654.0
A,Annual,NR,Number,T,Total,Y15-19,From 15 to 19 years,SI,Slovenia,2017,2017,93598.0
A,Annual,NR,Number,T,Total,Y15-19,From 15 to 19 years,SI,Slovenia,2018,2018,93057.0
A,Annual,NR,Number,T,Total,Y15-19,From 15 to 19 years,SI,Slovenia,2019,2019,92855.0
A,Annual,NR,Number,T,Total,Y15-19,From 15 to 19 years,SI,Slovenia,2020,2020,93729.0
A,Annual,NR,Number,T,Total,Y15-19,From 15 to 19 years,SI,Slovenia,2021,2021,93947.0
A,Annual,NR,Number,T,Total,Y15-19,From 15 to 19 years,SI,Slovenia,2022,2022,95560.0
A,Annual,NR,Number,T,Total,Y15-19,From 15 to 19 years,SI,Slovenia,2023,2023,98925.0
A,Annual,NR,Number,T,Total,Y15-19,From 15 to 19 years,SK,Slovakia,2010,2010,366469.0
A,Annual,NR,Number,T,Total,Y15-19,From 15 to 19 years,SK,Slovakia,2011,2011,349102.0
A,Annual,NR,Number,T,Total,Y15-19,From 15 to 19 years,SK,Slovakia,2012,2012,331895.0
A,Annual,NR,Number,T,Total,Y15-19,From 15 to 19 years,SK,Slovakia,2013,2013,316992.0
A,Annual,NR,Number,T,Total,Y15-19,From 15 to 19 years,SK,Slovakia,2014,2014,301908.0
A,Annual,NR,Number,T,Total,Y15-19,From 15 to 19 years,SK,Slovakia,2015,2015,291990.0
A,Annual,NR,Number,T,Total,Y15-19,From 15 to 19 years,SK,Slovakia,2016,2016,285969.0
A,Annual,NR,Number,T,Total,Y15-19,From 15 to 19 years,SK,Slovakia,2017,2017,277754.0
A,Annual,NR,Number,T,Total,Y15-19,From 15 to 19 years,SK,Slovakia,2018,2018,269983.0
A,Annual,NR,Number,T,Total,Y15-19,From 15 to 19 years,SK,Slovakia,2019,2019,264777.0
A,Annual,NR,Number,T,Total,Y15-19,From 15 to 19 years,SK,Slovakia,2020,2020,262751.0
A,Annual,NR,Number,T,Total,Y15-19,From 15 to 19 years,SK,Slovakia,2021,2021,262174.0
A,Annual,NR,Number,T,Total,Y15-19,From 15 to 19 years,SK,Slovakia,2022,2022,260725.0
A,Annual,NR,Number,T,Total,Y15-19,From 15 to 19 years,SK,Slovakia,2023,2023,264380.0
A,Annual,NR,Number,T,Total,Y15-19,From 15 to 19 years,FI,Finland,2010,2010,334636.0
A,Annual,NR,Number,T,Total,Y15-19,From 15 to 19 years,FI,Finland,2011,2011,332084.0
A,Annual,NR,Number,T,Total,Y15-19,From 15 to 19 years,FI,Finland,2012,2012,327766.0
A,Annual,NR,Number,T,Total,Y15-19,From 15 to 19 years,FI,Finland,2013,2013,320713.0
A,Annual,NR,Number,T,Total,Y15-19,From 15 to 19 years,FI,Finland,2014,2014,313546.0
A,Annual,NR,Number,T,Total,Y15-19,From 15 to 19 years,FI,Finland,2015,2015,306582.0
A,Annual,NR,Number,T,Total,Y15-19,From 15 to 19 years,FI,Finland,2016,2016,301171.0
A,Annual,NR,Number,T,Total,Y15-19,From 15 to 19 years,FI,Finland,2017,2017,298664.0
A,Annual,NR,Number,T,Total,Y15-19,From 15 to 19 years,FI,Finland,2018,2018,296055.0
A,Annual,NR,Number,T,Total,Y15-19,From 15 to 19 years,FI,Finland,2019,2019,296167.0
A,Annual,NR,Number,T,Total,Y15-19,From 15 to 19 years,FI,Finland,2020,2020,296671.0
A,Annual,NR,Number,T,Total,Y15-19,From 15 to 19 years,FI,Finland,2021,2021,298232.0
A,Annual,NR,Number,T,Total,Y15-19,From 15 to 19 years,FI,Finland,2022,2022,302695.0
A,Annual,NR,Number,T,Total,Y15-19,From 15 to 19 years,FI,Finland,2023,2023,307960.0
A,Annual,NR,Number,T,Total,Y15-19,From 15 to 19 years,SE,Sweden,2010,2010,638533.0
A,Annual,NR,Number,T,Total,Y15-19,From 15 to 19 years,SE,Sweden,2011,2011,618605.0
A,Annual,NR,Number,T,Total,Y15-19,From 15 to 19 years,SE,Sweden,2012,2012,592376.0
A,Annual,NR,Number,T,Total,Y15-19,From 15 to 19 years,SE,Sweden,2013,2013,564627.0
A,Annual,NR,Number,T,Total,Y15-19,From 15 to 19 years,SE,Sweden,2014,2014,543627.0
A,Annual,NR,Number,T,Total,Y15-19,From 15 to 19 years,SE,Sweden,2015,2015,527236.0
A,Annual,NR,Number,T,Total,Y15-19,From 15 to 19 years,SE,Sweden,2016,2016,522472.0
A,Annual,NR,Number,T,Total,Y15-19,From 15 to 19 years,SE,Sweden,2017,2017,529612.0
A,Annual,NR,Number,T,Total,Y15-19,From 15 to 19 years,SE,Sweden,2018,2018,544838.0
A,Annual,NR,Number,T,Total,Y15-19,From 15 to 19 years,SE,Sweden,2019,2019,559513.0
A,Annual,NR,Number,T,Total,Y15-19,From 15 to 19 years,SE,Sweden,2020,2020,568909.0
A,Annual,NR,Number,T,Total,Y15-19,From 15 to 19 years,SE,Sweden,2021,2021,576576.0
A,Annual,NR,Number,T,Total,Y15-19,From 15 to 19 years,SE,Sweden,2022,2022,590971.0
A,Annual,NR,Number,T,Total,Y15-19,From 15 to 19 years,SE,Sweden,2023,2023,602847.0
A,Annual,NR,Number,T,Total,Y20-24,From 20 to 24 years,BE,Belgium,2010,2010,660718.0
A,Annual,NR,Number,T,Total,Y20-24,From 20 to 24 years,BE,Belgium,2011,2011,684094.0
A,Annual,NR,Number,T,Total,Y20-24,From 20 to 24 years,BE,Belgium,2012,2012,695080.0
A,Annual,NR,Number,T,Total,Y20-24,From 20 to 24 years,BE,Belgium,2013,2013,703207.0
A,Annual,NR,Number,T,Total,Y20-24,From 20 to 24 years,BE,Belgium,2014,2014,701351.0
A,Annual,NR,Number,T,Total,Y20-24,From 20 to 24 years,BE,Belgium,2015,2015,695568.0
A,Annual,NR,Number,T,Total,Y20-24,From 20 to 24 years,BE,Belgium,2016,2016,691260.0
A,Annual,NR,Number,T,Total,Y20-24,From 20 to 24 years,BE,Belgium,2017,2017,681140.0
A,Annual,NR,Number,T,Total,Y20-24,From 20 to 24 years,BE,Belgium,2018,2018,673462.0
A,Annual,NR,Number,T,Total,Y20-24,From 20 to 24 years,BE,Belgium,2019,2019,670320.0
A,Annual,NR,Number,T,Total,Y20-24,From 20 to 24 years,BE,Belgium,2020,2020,672317.0
A,Annual,NR,Number,T,Total,Y20-24,From 20 to 24 years,BE,Belgium,2021,2021,673810.0
A,Annual,NR,Number,T,Total,Y20-24,From 20 to 24 years,BE,Belgium,2022,2022,677009.0
A,Annual,NR,Number,T,Total,Y20-24,From 20 to 24 years,BE,Belgium,2023,2023,685093.0
A,Annual,NR,Number,T,Total,Y20-24,From 20 to 24 years,BG,Bulgaria,2010,2010,495791.0
A,Annual,NR,Number,T,Total,Y20-24,From 20 to 24 years,BG,Bulgaria,2011,2011,489978.0
A,Annual,NR,Number,T,Total,Y20-24,From 20 to 24 years,BG,Bulgaria,2012,2012,476084.0
A,Annual,NR,Number,T,Total,Y20-24,From 20 to 24 years,BG,Bulgaria,2013,2013,432834.0
A,Annual,NR,Number,T,Total,Y20-24,From 20 to 24 years,BG,Bulgaria,2014,2014,407576.0
A,Annual,NR,Number,T,Total,Y20-24,From 20 to 24 years,BG,Bulgaria,2015,2015,379442.0
A,Annual,NR,Number,T,Total,Y20-24,From 20 to 24 years,BG,Bulgaria,2016,2016,347541.0
A,Annual,NR,Number,T,Total,Y20-24,From 20 to 24 years,BG,Bulgaria,2017,2017,322031.0
A,Annual,NR,Number,T,Total,Y20-24,From 20 to 24 years,BG,Bulgaria,2018,2018,299027.0
A,Annual,NR,Number,T,Total,Y20-24,From 20 to 24 years,BG,Bulgaria,2019,2019,275626.0
A,Annual,NR,Number,T,Total,Y20-24,From 20 to 24 years,BG,Bulgaria,2020,2020,262073.0
A,Annual,NR,Number,T,Total,Y20-24,From 20 to 24 years,BG,Bulgaria,2021,2021,266679.0
A,Annual,NR,Number,T,Total,Y20-24,From 20 to 24 years,BG,Bulgaria,2022,2022,265499.0
A,Annual,NR,Number,T,Total,Y20-24,From 20 to 24 years,BG,Bulgaria,2023,2023,272140.0
A,Annual,NR,Number,T,Total,Y20-24,From 20 to 24 years,CZ,Czechia,2010,2010,684547.0
A,Annual,NR,Number,T,Total,Y20-24,From 20 to 24 years,CZ,Czechia,2011,2011,676888.0
A,Annual,NR,Number,T,Total,Y20-24,From 20 to 24 years,CZ,Czechia,2012,2012,671462.0
A,Annual,NR,Number,T,Total,Y20-24,From 20 to 24 years,CZ,Czechia,2013,2013,660086.0
A,Annual,NR,Number,T,Total,Y20-24,From 20 to 24 years,CZ,Czechia,2014,2014,645014.0
A,Annual,NR,Number,T,Total,Y20-24,From 20 to 24 years,CZ,Czechia,2015,2015,623989.0
A,Annual,NR,Number,T,Total,Y20-24,From 20 to 24 years,CZ,Czechia,2016,2016,590522.0
A,Annual,NR,Number,T,Total,Y20-24,From 20 to 24 years,CZ,Czechia,2017,2017,553701.0
A,Annual,NR,Number,T,Total,Y20-24,From 20 to 24 years,CZ,Czechia,2018,2018,525198.0
A,Annual,NR,Number,T,Total,Y20-24,From 20 to 24 years,CZ,Czechia,2019,2019,498017.0
A,Annual,NR,Number,T,Total,Y20-24,From 20 to 24 years,CZ,Czechia,2020,2020,483032.0
A,Annual,NR,Number,T,Total,Y20-24,From 20 to 24 years,CZ,Czechia,2021,2021,471976.0
A,Annual,NR,Number,T,Total,Y20-24,From 20 to 24 years,CZ,Czechia,2022,2022,477006.0
A,Annual,NR,Number,T,Total,Y20-24,From 20 to 24 years,CZ,Czechia,2023,2023,505018.0
A,Annual,NR,Number,T,Total,Y20-24,From 20 to 24 years,DK,Denmark,2010,2010,326535.0
A,Annual,NR,Number,T,Total,Y20-24,From 20 to 24 years,DK,Denmark,2011,2011,337459.0
A,Annual,NR,Number,T,Total,Y20-24,From 20 to 24 years,DK,Denmark,2012,2012,347475.0
A,Annual,NR,Number,T,Total,Y20-24,From 20 to 24 years,DK,Denmark,2013,2013,359625.0
A,Annual,NR,Number,T,Total,Y20-24,From 20 to 24 years,DK,Denmark,2014,2014,368274.0
A,Annual,NR,Number,T,Total,Y20-24,From 20 to 24 years,DK,Denmark,2015,2015,377040.0
A,Annual,NR,Number,T,Total,Y20-24,From 20 to 24 years,DK,Denmark,2016,2016,386749.0
A,Annual,NR,Number,T,Total,Y20-24,From 20 to 24 years,DK,Denmark,2017,2017,391322.0
A,Annual,NR,Number,T,Total,Y20-24,From 20 to 24 years,DK,Denmark,2018,2018,391572.0
A,Annual,NR,Number,T,Total,Y20-24,From 20 to 24 years,DK,Denmark,2019,2019,388990.0
A,Annual,NR,Number,T,Total,Y20-24,From 20 to 24 years,DK,Denmark,2020,2020,381891.0
A,Annual,NR,Number,T,Total,Y20-24,From 20 to 24 years,DK,Denmark,2021,2021,375904.0
A,Annual,NR,Number,T,Total,Y20-24,From 20 to 24 years,DK,Denmark,2022,2022,375447.0
A,Annual,NR,Number,T,Total,Y20-24,From 20 to 24 years,DK,Denmark,2023,2023,375378.0
A,Annual,NR,Number,T,Total,Y20-24,From 20 to 24 years,DE,Germany,2010,2010,4934457.0
A,Annual,NR,Number,T,Total,Y20-24,From 20 to 24 years,DE,Germany,2011,2011,4854620.0
A,Annual,NR,Number,T,Total,Y20-24,From 20 to 24 years,DE,Germany,2012,2012,4822077.0
A,Annual,NR,Number,T,Total,Y20-24,From 20 to 24 years,DE,Germany,2013,2013,4754681.0
A,Annual,NR,Number,T,Total,Y20-24,From 20 to 24 years,DE,Germany,2014,2014,4662031.0
A,Annual,NR,Number,T,Total,Y20-24,From 20 to 24 years,DE,Germany,2015,2015,4586328.0
A,Annual,NR,Number,T,Total,Y20-24,From 20 to 24 years,DE,Germany,2016,2016,4587878.0
A,Annual,NR,Number,T,Total,Y20-24,From 20 to 24 years,DE,Germany,2017,2017,4574031.0
A,Annual,NR,Number,T,Total,Y20-24,From 20 to 24 years,DE,Germany,2018,2018,4602514.0
A,Annual,NR,Number,T,Total,Y20-24,From 20 to 24 years,DE,Germany,2019,2019,4607272.0
A,Annual,NR,Number,T,Total,Y20-24,From 20 to 24 years,DE,Germany,2020,2020,4608431.0
A,Annual,NR,Number,T,Total,Y20-24,From 20 to 24 years,DE,Germany,2021,2021,4570491.0
A,Annual,NR,Number,T,Total,Y20-24,From 20 to 24 years,DE,Germany,2022,2022,4522527.0
A,Annual,NR,Number,T,Total,Y20-24,From 20 to 24 years,DE,Germany,2023,2023,4406873.0
A,Annual,NR,Number,T,Total,Y20-24,From 20 to 24 years,EE,Estonia,2010,2010,100710.0
A,Annual,NR,Number,T,Total,Y20-24,From 20 to 24 years,EE,Estonia,2011,2011,100000.0
A,Annual,NR,Number,T,Total,Y20-24,From 20 to 24 years,EE,Estonia,2012,2012,96669.0
A,Annual,NR,Number,T,Total,Y20-24,From 20 to 24 years,EE,Estonia,2013,2013,92203.0
A,Annual,NR,Number,T,Total,Y20-24,From 20 to 24 years,EE,Estonia,2014,2014,85651.0
A,Annual,NR,Number,T,Total,Y20-24,From 20 to 24 years,EE,Estonia,2015,2015,78493.0
A,Annual,NR,Number,T,Total,Y20-24,From 20 to 24 years,EE,Estonia,2016,2016,74489.0
A,Annual,NR,Number,T,Total,Y20-24,From 20 to 24 years,EE,Estonia,2017,2017,70389.0
A,Annual,NR,Number,T,Total,Y20-24,From 20 to 24 years,EE,Estonia,2018,2018,66593.0
A,Annual,NR,Number,T,Total,Y20-24,From 20 to 24 years,EE,Estonia,2019,2019,64692.0
A,Annual,NR,Number,T,Total,Y20-24,From 20 to 24 years,EE,Estonia,2020,2020,63051.0
A,Annual,NR,Number,T,Total,Y20-24,From 20 to 24 years,EE,Estonia,2021,2021,62518.0
A,Annual,NR,Number,T,Total,Y20-24,From 20 to 24 years,EE,Estonia,2022,2022,62027.0
A,Annual,NR,Number,T,Total,Y20-24,From 20 to 24 years,EE,Estonia,2023,2023,64477.0
A,Annual,NR,Number,T,Total,Y20-24,From 20 to 24 years,IE,Ireland,2010,2010,335288.0
A,Annual,NR,Number,T,Total,Y20-24,From 20 to 24 years,IE,Ireland,2011,2011,306052.0
A,Annual,NR,Number,T,Total,Y20-24,From 20 to 24 years,IE,Ireland,2012,2012,288296.0
A,Annual,NR,Number,T,Total,Y20-24,From 20 to 24 years,IE,Ireland,2013,2013,280483.0
A,Annual,NR,Number,T,Total,Y20-24,From 20 to 24 years,IE,Ireland,2014,2014,277122.0
A,Annual,NR,Number,T,Total,Y20-24,From 20 to 24 years,IE,Ireland,2015,2015,275991.0
A,Annual,NR,Number,T,Total,Y20-24,From 20 to 24 years,IE,Ireland,2016,2016,273996.0
A,Annual,NR,Number,T,Total,Y20-24,From 20 to 24 years,IE,Ireland,2017,2017,277073.0
A,Annual,NR,Number,T,Total,Y20-24,From 20 to 24 years,IE,Ireland,2018,2018,286727.0
A,Annual,NR,Number,T,Total,Y20-24,From 20 to 24 years,IE,Ireland,2019,2019,299533.0
A,Annual,NR,Number,T,Total,Y20-24,From 20 to 24 years,IE,Ireland,2020,2020,308997.0
A,Annual,NR,Number,T,Total,Y20-24,From 20 to 24 years,IE,Ireland,2021,2021,310392.0
A,Annual,NR,Number,T,Total,Y20-24,From 20 to 24 years,IE,Ireland,2022,2022,311012.0
A,Annual,NR,Number,T,Total,Y20-24,From 20 to 24 years,IE,Ireland,2023,2023,314437.0
A,Annual,NR,Number,T,Total,Y20-24,From 20 to 24 years,EL,Greece,2010,2010,655860.0
A,Annual,NR,Number,T,Total,Y20-24,From 20 to 24 years,EL,Greece,2012,2012,628634.0
A,Annual,NR,Number,T,Total,Y20-24,From 20 to 24 years,EL,Greece,2013,2013,614714.0
A,Annual,NR,Number,T,Total,Y20-24,From 20 to 24 years,EL,Greece,2014,2014,589224.0
A,Annual,NR,Number,T,Total,Y20-24,From 20 to 24 years,EL,Greece,2015,2015,570507.0
A,Annual,NR,Number,T,Total,Y20-24,From 20 to 24 years,EL,Greece,2016,2016,551789.0
A,Annual,NR,Number,T,Total,Y20-24,From 20 to 24 years,EL,Greece,2017,2017,544168.0
A,Annual,NR,Number,T,Total,Y20-24,From 20 to 24 years,EL,Greece,2018,2018,537899.0
A,Annual,NR,Number,T,Total,Y20-24,From 20 to 24 years,EL,Greece,2019,2019,536303.0
A,Annual,NR,Number,T,Total,Y20-24,From 20 to 24 years,EL,Greece,2020,2020,535768.0
A,Annual,NR,Number,T,Total,Y20-24,From 20 to 24 years,EL,Greece,2021,2021,531253.0
A,Annual,NR,Number,T,Total,Y20-24,From 20 to 24 years,EL,Greece,2022,2022,520781.0
A,Annual,NR,Number,T,Total,Y20-24,From 20 to 24 years,EL,Greece,2023,2023,520876.0
A,Annual,NR,Number,T,Total,Y20-24,From 20 to 24 years,ES,Spain,2010,2010,2654032.0
A,Annual,NR,Number,T,Total,Y20-24,From 20 to 24 years,ES,Spain,2011,2011,2568267.0
A,Annual,NR,Number,T,Total,Y20-24,From 20 to 24 years,ES,Spain,2012,2012,2503813.0
A,Annual,NR,Number,T,Total,Y20-24,From 20 to 24 years,ES,Spain,2013,2013,2445358.0
A,Annual,NR,Number,T,Total,Y20-24,From 20 to 24 years,ES,Spain,2014,2014,2377665.0
A,Annual,NR,Number,T,Total,Y20-24,From 20 to 24 years,ES,Spain,2015,2015,2322655.0
A,Annual,NR,Number,T,Total,Y20-24,From 20 to 24 years,ES,Spain,2016,2016,2283712.0
A,Annual,NR,Number,T,Total,Y20-24,From 20 to 24 years,ES,Spain,2017,2017,2261320.0
A,Annual,NR,Number,T,Total,Y20-24,From 20 to 24 years,ES,Spain,2018,2018,2260409.0
A,Annual,NR,Number,T,Total,Y20-24,From 20 to 24 years,ES,Spain,2019,2019,2281187.0
A,Annual,NR,Number,T,Total,Y20-24,From 20 to 24 years,ES,Spain,2020,2020,2339329.0
A,Annual,NR,Number,T,Total,Y20-24,From 20 to 24 years,ES,Spain,2021,2021,2376512.0
A,Annual,NR,Number,T,Total,Y20-24,From 20 to 24 years,ES,Spain,2022,2022,2412235.0
A,Annual,NR,Number,T,Total,Y20-24,From 20 to 24 years,ES,Spain,2023,2023,2502990.0
A,Annual,NR,Number,T,Total,Y20-24,From 20 to 24 years,FR,France,2010,2010,4033745.0
A,Annual,NR,Number,T,Total,Y20-24,From 20 to 24 years,FR,France,2011,2011,4017384.0
A,Annual,NR,Number,T,Total,Y20-24,From 20 to 24 years,FR,France,2012,2012,3987272.0
A,Annual,NR,Number,T,Total,Y20-24,From 20 to 24 years,FR,France,2013,2013,3957404.0
A,Annual,NR,Number,T,Total,Y20-24,From 20 to 24 years,FR,France,2014,2014,3903097.0
A,Annual,NR,Number,T,Total,Y20-24,From 20 to 24 years,FR,France,2015,2015,3837503.0
A,Annual,NR,Number,T,Total,Y20-24,From 20 to 24 years,FR,France,2016,2016,3785684.0
A,Annual,NR,Number,T,Total,Y20-24,From 20 to 24 years,FR,France,2017,2017,3752221.0
A,Annual,NR,Number,T,Total,Y20-24,From 20 to 24 years,FR,France,2018,2018,3728702.0
A,Annual,NR,Number,T,Total,Y20-24,From 20 to 24 years,FR,France,2019,2019,3772150.0
A,Annual,NR,Number,T,Total,Y20-24,From 20 to 24 years,FR,France,2020,2020,3800748.0
A,Annual,NR,Number,T,Total,Y20-24,From 20 to 24 years,FR,France,2021,2021,3868391.0
A,Annual,NR,Number,T,Total,Y20-24,From 20 to 24 years,FR,France,2022,2022,3926056.0
A,Annual,NR,Number,T,Total,Y20-24,From 20 to 24 years,FR,France,2023,2023,3957159.0
A,Annual,NR,Number,T,Total,Y20-24,From 20 to 24 years,HR,Croatia,2010,2010,268247.0
A,Annual,NR,Number,T,Total,Y20-24,From 20 to 24 years,HR,Croatia,2011,2011,262412.0
A,Annual,NR,Number,T,Total,Y20-24,From 20 to 24 years,HR,Croatia,2012,2012,259373.0
A,Annual,NR,Number,T,Total,Y20-24,From 20 to 24 years,HR,Croatia,2013,2013,251335.0
A,Annual,NR,Number,T,Total,Y20-24,From 20 to 24 years,HR,Croatia,2014,2014,244823.0
A,Annual,NR,Number,T,Total,Y20-24,From 20 to 24 years,HR,Croatia,2015,2015,238936.0
A,Annual,NR,Number,T,Total,Y20-24,From 20 to 24 years,HR,Croatia,2016,2016,233248.0
A,Annual,NR,Number,T,Total,Y20-24,From 20 to 24 years,HR,Croatia,2017,2017,228357.0
A,Annual,NR,Number,T,Total,Y20-24,From 20 to 24 years,HR,Croatia,2018,2018,226326.0
A,Annual,NR,Number,T,Total,Y20-24,From 20 to 24 years,HR,Croatia,2019,2019,223012.0
A,Annual,NR,Number,T,Total,Y20-24,From 20 to 24 years,HR,Croatia,2020,2020,219701.0
A,Annual,NR,Number,T,Total,Y20-24,From 20 to 24 years,HR,Croatia,2021,2021,214108.0
A,Annual,NR,Number,T,Total,Y20-24,From 20 to 24 years,HR,Croatia,2022,2022,206977.0
A,Annual,NR,Number,T,Total,Y20-24,From 20 to 24 years,HR,Croatia,2023,2023,201766.0
A,Annual,NR,Number,T,Total,Y20-24,From 20 to 24 years,IT,Italy,2010,2010,3051364.0
A,Annual,NR,Number,T,Total,Y20-24,From 20 to 24 years,IT,Italy,2011,2011,3075031.0
A,Annual,NR,Number,T,Total,Y20-24,From 20 to 24 years,IT,Italy,2012,2012,3099677.0
A,Annual,NR,Number,T,Total,Y20-24,From 20 to 24 years,IT,Italy,2013,2013,3125714.0
A,Annual,NR,Number,T,Total,Y20-24,From 20 to 24 years,IT,Italy,2014,2014,3099555.0
A,Annual,NR,Number,T,Total,Y20-24,From 20 to 24 years,IT,Italy,2015,2015,3060268.0
A,Annual,NR,Number,T,Total,Y20-24,From 20 to 24 years,IT,Italy,2016,2016,3011433.0
A,Annual,NR,Number,T,Total,Y20-24,From 20 to 24 years,IT,Italy,2017,2017,2982184.0
A,Annual,NR,Number,T,Total,Y20-24,From 20 to 24 years,IT,Italy,2018,2018,2961062.0
A,Annual,NR,Number,T,Total,Y20-24,From 20 to 24 years,IT,Italy,2019,2019,2962307.0
A,Annual,NR,Number,T,Total,Y20-24,From 20 to 24 years,IT,Italy,2020,2020,2955888.0
A,Annual,NR,Number,T,Total,Y20-24,From 20 to 24 years,IT,Italy,2021,2021,2957340.0
A,Annual,NR,Number,T,Total,Y20-24,From 20 to 24 years,IT,Italy,2022,2022,2923341.0
A,Annual,NR,Number,T,Total,Y20-24,From 20 to 24 years,IT,Italy,2023,2023,2938344.0
A,Annual,NR,Number,T,Total,Y20-24,From 20 to 24 years,CY,Cyprus,2010,2010,68396.0
A,Annual,NR,Number,T,Total,Y20-24,From 20 to 24 years,CY,Cyprus,2011,2011,70379.0
A,Annual,NR,Number,T,Total,Y20-24,From 20 to 24 years,CY,Cyprus,2012,2012,71833.0
A,Annual,NR,Number,T,Total,Y20-24,From 20 to 24 years,CY,Cyprus,2013,2013,71266.0
A,Annual,NR,Number,T,Total,Y20-24,From 20 to 24 years,CY,Cyprus,2014,2014,68843.0
A,Annual,NR,Number,T,Total,Y20-24,From 20 to 24 years,CY,Cyprus,2015,2015,66865.0
A,Annual,NR,Number,T,Total,Y20-24,From 20 to 24 years,CY,Cyprus,2016,2016,64641.0
A,Annual,NR,Number,T,Total,Y20-24,From 20 to 24 years,CY,Cyprus,2017,2017,62883.0
A,Annual,NR,Number,T,Total,Y20-24,From 20 to 24 years,CY,Cyprus,2018,2018,60071.0
A,Annual,NR,Number,T,Total,Y20-24,From 20 to 24 years,CY,Cyprus,2019,2019,58061.0
A,Annual,NR,Number,T,Total,Y20-24,From 20 to 24 years,CY,Cyprus,2020,2020,56713.0
A,Annual,NR,Number,T,Total,Y20-24,From 20 to 24 years,CY,Cyprus,2021,2021,55405.0
A,Annual,NR,Number,T,Total,Y20-24,From 20 to 24 years,CY,Cyprus,2022,2022,55007.0
A,Annual,NR,Number,T,Total,Y20-24,From 20 to 24 years,CY,Cyprus,2023,2023,53384.0
A,Annual,NR,Number,T,Total,Y20-24,From 20 to 24 years,LV,Latvia,2010,2010,163497.0
A,Annual,NR,Number,T,Total,Y20-24,From 20 to 24 years,LV,Latvia,2011,2011,155706.0
A,Annual,NR,Number,T,Total,Y20-24,From 20 to 24 years,LV,Latvia,2012,2012,149364.0
A,Annual,NR,Number,T,Total,Y20-24,From 20 to 24 years,LV,Latvia,2013,2013,143614.0
A,Annual,NR,Number,T,Total,Y20-24,From 20 to 24 years,LV,Latvia,2014,2014,134223.0
A,Annual,NR,Number,T,Total,Y20-24,From 20 to 24 years,LV,Latvia,2015,2015,124503.0
A,Annual,NR,Number,T,Total,Y20-24,From 20 to 24 years,LV,Latvia,2016,2016,113332.0
A,Annual,NR,Number,T,Total,Y20-24,From 20 to 24 years,LV,Latvia,2017,2017,102510.0
A,Annual,NR,Number,T,Total,Y20-24,From 20 to 24 years,LV,Latvia,2018,2018,92989.0
A,Annual,NR,Number,T,Total,Y20-24,From 20 to 24 years,LV,Latvia,2019,2019,87077.0
A,Annual,NR,Number,T,Total,Y20-24,From 20 to 24 years,LV,Latvia,2020,2020,83996.0
A,Annual,NR,Number,T,Total,Y20-24,From 20 to 24 years,LV,Latvia,2021,2021,83094.0
A,Annual,NR,Number,T,Total,Y20-24,From 20 to 24 years,LV,Latvia,2022,2022,82883.0
A,Annual,NR,Number,T,Total,Y20-24,From 20 to 24 years,LV,Latvia,2023,2023,85504.0
A,Annual,NR,Number,T,Total,Y20-24,From 20 to 24 years,LT,Lithuania,2010,2010,229750.0
A,Annual,NR,Number,T,Total,Y20-24,From 20 to 24 years,LT,Lithuania,2011,2011,218764.0
A,Annual,NR,Number,T,Total,Y20-24,From 20 to 24 years,LT,Lithuania,2012,2012,214721.0
A,Annual,NR,Number,T,Total,Y20-24,From 20 to 24 years,LT,Lithuania,2013,2013,212306.0
A,Annual,NR,Number,T,Total,Y20-24,From 20 to 24 years,LT,Lithuania,2014,2014,208093.0
A,Annual,NR,Number,T,Total,Y20-24,From 20 to 24 years,LT,Lithuania,2015,2015,200121.0
A,Annual,NR,Number,T,Total,Y20-24,From 20 to 24 years,LT,Lithuania,2016,2016,187572.0
A,Annual,NR,Number,T,Total,Y20-24,From 20 to 24 years,LT,Lithuania,2017,2017,172041.0
A,Annual,NR,Number,T,Total,Y20-24,From 20 to 24 years,LT,Lithuania,2018,2018,156576.0
A,Annual,NR,Number,T,Total,Y20-24,From 20 to 24 years,LT,Lithuania,2019,2019,148527.0
A,Annual,NR,Number,T,Total,Y20-24,From 20 to 24 years,LT,Lithuania,2020,2020,145990.0
A,Annual,NR,Number,T,Total,Y20-24,From 20 to 24 years,LT,Lithuania,2021,2021,143062.0
A,Annual,NR,Number,T,Total,Y20-24,From 20 to 24 years,LT,Lithuania,2022,2022,139165.0
A,Annual,NR,Number,T,Total,Y20-24,From 20 to 24 years,LT,Lithuania,2023,2023,137031.0
A,Annual,NR,Number,T,Total,Y20-24,From 20 to 24 years,LU,Luxembourg,2010,2010,29751.0
A,Annual,NR,Number,T,Total,Y20-24,From 20 to 24 years,LU,Luxembourg,2011,2011,30671.0
A,Annual,NR,Number,T,Total,Y20-24,From 20 to 24 years,LU,Luxembourg,2012,2012,32160.0
A,Annual,NR,Number,T,Total,Y20-24,From 20 to 24 years,LU,Luxembourg,2013,2013,33191.0
A,Annual,NR,Number,T,Total,Y20-24,From 20 to 24 years,LU,Luxembourg,2014,2014,33715.0
A,Annual,NR,Number,T,Total,Y20-24,From 20 to 24 years,LU,Luxembourg,2015,2015,34703.0
A,Annual,NR,Number,T,Total,Y20-24,From 20 to 24 years,LU,Luxembourg,2016,2016,35377.0
A,Annual,NR,Number,T,Total,Y20-24,From 20 to 24 years,LU,Luxembourg,2017,2017,37040.0
A,Annual,NR,Number,T,Total,Y20-24,From 20 to 24 years,LU,Luxembourg,2018,2018,37836.0
A,Annual,NR,Number,T,Total,Y20-24,From 20 to 24 years,LU,Luxembourg,2019,2019,38038.0
A,Annual,NR,Number,T,Total,Y20-24,From 20 to 24 years,LU,Luxembourg,2020,2020,38540.0
A,Annual,NR,Number,T,Total,Y20-24,From 20 to 24 years,LU,Luxembourg,2021,2021,38714.0
A,Annual,NR,Number,T,Total,Y20-24,From 20 to 24 years,LU,Luxembourg,2022,2022,38757.0
A,Annual,NR,Number,T,Total,Y20-24,From 20 to 24 years,LU,Luxembourg,2023,2023,38892.0
A,Annual,NR,Number,T,Total,Y20-24,From 20 to 24 years,HU,Hungary,2010,2010,649624.0
A,Annual,NR,Number,T,Total,Y20-24,From 20 to 24 years,HU,Hungary,2011,2011,642678.0
A,Annual,NR,Number,T,Total,Y20-24,From 20 to 24 years,HU,Hungary,2012,2012,625648.0
A,Annual,NR,Number,T,Total,Y20-24,From 20 to 24 years,HU,Hungary,2013,2013,626591.0
A,Annual,NR,Number,T,Total,Y20-24,From 20 to 24 years,HU,Hungary,2014,2014,622036.0
A,Annual,NR,Number,T,Total,Y20-24,From 20 to 24 years,HU,Hungary,2015,2015,615244.0
A,Annual,NR,Number,T,Total,Y20-24,From 20 to 24 years,HU,Hungary,2016,2016,601407.0
A,Annual,NR,Number,T,Total,Y20-24,From 20 to 24 years,HU,Hungary,2017,2017,581098.0
A,Annual,NR,Number,T,Total,Y20-24,From 20 to 24 years,HU,Hungary,2018,2018,561510.0
A,Annual,NR,Number,T,Total,Y20-24,From 20 to 24 years,HU,Hungary,2019,2019,543449.0
A,Annual,NR,Number,T,Total,Y20-24,From 20 to 24 years,HU,Hungary,2020,2020,522134.0
A,Annual,NR,Number,T,Total,Y20-24,From 20 to 24 years,HU,Hungary,2021,2021,503613.0
A,Annual,NR,Number,T,Total,Y20-24,From 20 to 24 years,HU,Hungary,2022,2022,492954.0
A,Annual,NR,Number,T,Total,Y20-24,From 20 to 24 years,HU,Hungary,2023,2023,516833.0
A,Annual,NR,Number,T,Total,Y20-24,From 20 to 24 years,MT,Malta,2010,2010,29585.0
A,Annual,NR,Number,T,Total,Y20-24,From 20 to 24 years,MT,Malta,2011,2011,29325.0
A,Annual,NR,Number,T,Total,Y20-24,From 20 to 24 years,MT,Malta,2012,2012,29457.0
A,Annual,NR,Number,T,Total,Y20-24,From 20 to 24 years,MT,Malta,2013,2013,30066.0
A,Annual,NR,Number,T,Total,Y20-24,From 20 to 24 years,MT,Malta,2014,2014,29872.0
A,Annual,NR,Number,T,Total,Y20-24,From 20 to 24 years,MT,Malta,2015,2015,29799.0
A,Annual,NR,Number,T,Total,Y20-24,From 20 to 24 years,MT,Malta,2016,2016,29621.0
A,Annual,NR,Number,T,Total,Y20-24,From 20 to 24 years,MT,Malta,2017,2017,29471.0
A,Annual,NR,Number,T,Total,Y20-24,From 20 to 24 years,MT,Malta,2018,2018,30136.0
A,Annual,NR,Number,T,Total,Y20-24,From 20 to 24 years,MT,Malta,2019,2019,31208.0
A,Annual,NR,Number,T,Total,Y20-24,From 20 to 24 years,MT,Malta,2020,2020,32284.0
A,Annual,NR,Number,T,Total,Y20-24,From 20 to 24 years,MT,Malta,2021,2021,30736.0
A,Annual,NR,Number,T,Total,Y20-24,From 20 to 24 years,MT,Malta,2022,2022,29447.0
A,Annual,NR,Number,T,Total,Y20-24,From 20 to 24 years,MT,Malta,2023,2023,30742.0
A,Annual,NR,Number,T,Total,Y20-24,From 20 to 24 years,NL,Netherlands,2010,2010,1012910.0
A,Annual,NR,Number,T,Total,Y20-24,From 20 to 24 years,NL,Netherlands,2011,2011,1034729.0
A,Annual,NR,Number,T,Total,Y20-24,From 20 to 24 years,NL,Netherlands,2012,2012,1049537.0
A,Annual,NR,Number,T,Total,Y20-24,From 20 to 24 years,NL,Netherlands,2013,2013,1056687.0
A,Annual,NR,Number,T,Total,Y20-24,From 20 to 24 years,NL,Netherlands,2014,2014,1062309.0
A,Annual,NR,Number,T,Total,Y20-24,From 20 to 24 years,NL,Netherlands,2015,2015,1069032.0
A,Annual,NR,Number,T,Total,Y20-24,From 20 to 24 years,NL,Netherlands,2016,2016,1065946.0
A,Annual,NR,Number,T,Total,Y20-24,From 20 to 24 years,NL,Netherlands,2017,2017,1066243.0
A,Annual,NR,Number,T,Total,Y20-24,From 20 to 24 years,NL,Netherlands,2018,2018,1068781.0
A,Annual,NR,Number,T,Total,Y20-24,From 20 to 24 years,NL,Netherlands,2019,2019,1079925.0
A,Annual,NR,Number,T,Total,Y20-24,From 20 to 24 years,NL,Netherlands,2020,2020,1094585.0
A,Annual,NR,Number,T,Total,Y20-24,From 20 to 24 years,NL,Netherlands,2021,2021,1107486.0
A,Annual,NR,Number,T,Total,Y20-24,From 20 to 24 years,NL,Netherlands,2022,2022,1132885.0
A,Annual,NR,Number,T,Total,Y20-24,From 20 to 24 years,NL,Netherlands,2023,2023,1167263.0
A,Annual,NR,Number,T,Total,Y20-24,From 20 to 24 years,AT,Austria,2010,2010,520502.0
A,Annual,NR,Number,T,Total,Y20-24,From 20 to 24 years,AT,Austria,2011,2011,523217.0
A,Annual,NR,Number,T,Total,Y20-24,From 20 to 24 years,AT,Austria,2012,2012,529484.0
A,Annual,NR,Number,T,Total,Y20-24,From 20 to 24 years,AT,Austria,2013,2013,538665.0
A,Annual,NR,Number,T,Total,Y20-24,From 20 to 24 years,AT,Austria,2014,2014,544207.0
A,Annual,NR,Number,T,Total,Y20-24,From 20 to 24 years,AT,Austria,2015,2015,549119.0
A,Annual,NR,Number,T,Total,Y20-24,From 20 to 24 years,AT,Austria,2016,2016,556773.0
A,Annual,NR,Number,T,Total,Y20-24,From 20 to 24 years,AT,Austria,2017,2017,553007.0
A,Annual,NR,Number,T,Total,Y20-24,From 20 to 24 years,AT,Austria,2018,2018,543335.0
A,Annual,NR,Number,T,Total,Y20-24,From 20 to 24 years,AT,Austria,2019,2019,530763.0
A,Annual,NR,Number,T,Total,Y20-24,From 20 to 24 years,AT,Austria,2020,2020,517770.0
A,Annual,NR,Number,T,Total,Y20-24,From 20 to 24 years,AT,Austria,2021,2021,506733.0
A,Annual,NR,Number,T,Total,Y20-24,From 20 to 24 years,AT,Austria,2022,2022,497571.0
A,Annual,NR,Number,T,Total,Y20-24,From 20 to 24 years,AT,Austria,2023,2023,502389.0
A,Annual,NR,Number,T,Total,Y20-24,From 20 to 24 years,PL,Poland,2010,2010,2887696.0
A,Annual,NR,Number,T,Total,Y20-24,From 20 to 24 years,PL,Poland,2011,2011,2804633.0
A,Annual,NR,Number,T,Total,Y20-24,From 20 to 24 years,PL,Poland,2012,2012,2742021.0
A,Annual,NR,Number,T,Total,Y20-24,From 20 to 24 years,PL,Poland,2013,2013,2672816.0
A,Annual,NR,Number,T,Total,Y20-24,From 20 to 24 years,PL,Poland,2014,2014,2591796.0
A,Annual,NR,Number,T,Total,Y20-24,From 20 to 24 years,PL,Poland,2015,2015,2507493.0
A,Annual,NR,Number,T,Total,Y20-24,From 20 to 24 years,PL,Poland,2016,2016,2398531.0
A,Annual,NR,Number,T,Total,Y20-24,From 20 to 24 years,PL,Poland,2017,2017,2289902.0
A,Annual,NR,Number,T,Total,Y20-24,From 20 to 24 years,PL,Poland,2018,2018,2194530.0
A,Annual,NR,Number,T,Total,Y20-24,From 20 to 24 years,PL,Poland,2019,2019,2102657.0
A,Annual,NR,Number,T,Total,Y20-24,From 20 to 24 years,PL,Poland,2020,2020,2018851.0
A,Annual,NR,Number,T,Total,Y20-24,From 20 to 24 years,PL,Poland,2021,2021,1919495.0
A,Annual,NR,Number,T,Total,Y20-24,From 20 to 24 years,PL,Poland,2022,2022,1866311.0
A,Annual,NR,Number,T,Total,Y20-24,From 20 to 24 years,PL,Poland,2023,2023,1812973.0
A,Annual,NR,Number,T,Total,Y20-24,From 20 to 24 years,PT,Portugal,2010,2010,591797.0
A,Annual,NR,Number,T,Total,Y20-24,From 20 to 24 years,PT,Portugal,2011,2011,584024.0
A,Annual,NR,Number,T,Total,Y20-24,From 20 to 24 years,PT,Portugal,2012,2012,578016.0
A,Annual,NR,Number,T,Total,Y20-24,From 20 to 24 years,PT,Portugal,2013,2013,570446.0
A,Annual,NR,Number,T,Total,Y20-24,From 20 to 24 years,PT,Portugal,2014,2014,562395.0
A,Annual,NR,Number,T,Total,Y20-24,From 20 to 24 years,PT,Portugal,2015,2015,553280.0
A,Annual,NR,Number,T,Total,Y20-24,From 20 to 24 years,PT,Portugal,2016,2016,546040.0
A,Annual,NR,Number,T,Total,Y20-24,From 20 to 24 years,PT,Portugal,2017,2017,539439.0
A,Annual,NR,Number,T,Total,Y20-24,From 20 to 24 years,PT,Portugal,2018,2018,537458.0
A,Annual,NR,Number,T,Total,Y20-24,From 20 to 24 years,PT,Portugal,2019,2019,537661.0
A,Annual,NR,Number,T,Total,Y20-24,From 20 to 24 years,PT,Portugal,2020,2020,547860.0
A,Annual,NR,Number,T,Total,Y20-24,From 20 to 24 years,PT,Portugal,2021,2021,558899.0
A,Annual,NR,Number,T,Total,Y20-24,From 20 to 24 years,PT,Portugal,2022,2022,560746.0
A,Annual,NR,Number,T,Total,Y20-24,From 20 to 24 years,PT,Portugal,2023,2023,565378.0
A,Annual,NR,Number,T,Total,Y20-24,From 20 to 24 years,RO,Romania,2010,2010,1386794.0
A,Annual,NR,Number,T,Total,Y20-24,From 20 to 24 years,RO,Romania,2011,2011,1371513.0
A,Annual,NR,Number,T,Total,Y20-24,From 20 to 24 years,RO,Romania,2012,2012,1350389.0
A,Annual,NR,Number,T,Total,Y20-24,From 20 to 24 years,RO,Romania,2013,2013,1273671.0
A,Annual,NR,Number,T,Total,Y20-24,From 20 to 24 years,RO,Romania,2014,2014,1193062.0
A,Annual,NR,Number,T,Total,Y20-24,From 20 to 24 years,RO,Romania,2015,2015,1128713.0
A,Annual,NR,Number,T,Total,Y20-24,From 20 to 24 years,RO,Romania,2016,2016,1079744.0
A,Annual,NR,Number,T,Total,Y20-24,From 20 to 24 years,RO,Romania,2017,2017,1047613.0
A,Annual,NR,Number,T,Total,Y20-24,From 20 to 24 years,RO,Romania,2018,2018,1026812.0
A,Annual,NR,Number,T,Total,Y20-24,From 20 to 24 years,RO,Romania,2019,2019,1016105.0
A,Annual,NR,Number,T,Total,Y20-24,From 20 to 24 years,RO,Romania,2020,2020,1001902.0
A,Annual,NR,Number,T,Total,Y20-24,From 20 to 24 years,RO,Romania,2021,2021,1005225.0
A,Annual,NR,Number,T,Total,Y20-24,From 20 to 24 years,RO,Romania,2022,2022,953510.0
A,Annual,NR,Number,T,Total,Y20-24,From 20 to 24 years,RO,Romania,2023,2023,959958.0
A,Annual,NR,Number,T,Total,Y20-24,From 20 to 24 years,SI,Slovenia,2010,2010,132119.0
A,Annual,NR,Number,T,Total,Y20-24,From 20 to 24 years,SI,Slovenia,2011,2011,127304.0
A,Annual,NR,Number,T,Total,Y20-24,From 20 to 24 years,SI,Slovenia,2012,2012,123223.0
A,Annual,NR,Number,T,Total,Y20-24,From 20 to 24 years,SI,Slovenia,2013,2013,117470.0
A,Annual,NR,Number,T,Total,Y20-24,From 20 to 24 years,SI,Slovenia,2014,2014,111679.0
A,Annual,NR,Number,T,Total,Y20-24,From 20 to 24 years,SI,Slovenia,2015,2015,107718.0
A,Annual,NR,Number,T,Total,Y20-24,From 20 to 24 years,SI,Slovenia,2016,2016,104500.0
A,Annual,NR,Number,T,Total,Y20-24,From 20 to 24 years,SI,Slovenia,2017,2017,102222.0
A,Annual,NR,Number,T,Total,Y20-24,From 20 to 24 years,SI,Slovenia,2018,2018,101073.0
A,Annual,NR,Number,T,Total,Y20-24,From 20 to 24 years,SI,Slovenia,2019,2019,101940.0
A,Annual,NR,Number,T,Total,Y20-24,From 20 to 24 years,SI,Slovenia,2020,2020,103089.0
A,Annual,NR,Number,T,Total,Y20-24,From 20 to 24 years,SI,Slovenia,2021,2021,103658.0
A,Annual,NR,Number,T,Total,Y20-24,From 20 to 24 years,SI,Slovenia,2022,2022,101733.0
A,Annual,NR,Number,T,Total,Y20-24,From 20 to 24 years,SI,Slovenia,2023,2023,102270.0
A,Annual,NR,Number,T,Total,Y20-24,From 20 to 24 years,SK,Slovakia,2010,2010,413348.0
A,Annual,NR,Number,T,Total,Y20-24,From 20 to 24 years,SK,Slovakia,2011,2011,403279.0
A,Annual,NR,Number,T,Total,Y20-24,From 20 to 24 years,SK,Slovakia,2012,2012,396204.0
A,Annual,NR,Number,T,Total,Y20-24,From 20 to 24 years,SK,Slovakia,2013,2013,387925.0
A,Annual,NR,Number,T,Total,Y20-24,From 20 to 24 years,SK,Slovakia,2014,2014,379845.0
A,Annual,NR,Number,T,Total,Y20-24,From 20 to 24 years,SK,Slovakia,2015,2015,367245.0
A,Annual,NR,Number,T,Total,Y20-24,From 20 to 24 years,SK,Slovakia,2016,2016,349965.0
A,Annual,NR,Number,T,Total,Y20-24,From 20 to 24 years,SK,Slovakia,2017,2017,332754.0
A,Annual,NR,Number,T,Total,Y20-24,From 20 to 24 years,SK,Slovakia,2018,2018,317782.0
A,Annual,NR,Number,T,Total,Y20-24,From 20 to 24 years,SK,Slovakia,2019,2019,302237.0
A,Annual,NR,Number,T,Total,Y20-24,From 20 to 24 years,SK,Slovakia,2020,2020,292244.0
A,Annual,NR,Number,T,Total,Y20-24,From 20 to 24 years,SK,Slovakia,2021,2021,286207.0
A,Annual,NR,Number,T,Total,Y20-24,From 20 to 24 years,SK,Slovakia,2022,2022,275231.0
A,Annual,NR,Number,T,Total,Y20-24,From 20 to 24 years,SK,Slovakia,2023,2023,267068.0
A,Annual,NR,Number,T,Total,Y20-24,From 20 to 24 years,FI,Finland,2010,2010,324472.0
A,Annual,NR,Number,T,Total,Y20-24,From 20 to 24 years,FI,Finland,2011,2011,327780.0
A,Annual,NR,Number,T,Total,Y20-24,From 20 to 24 years,FI,Finland,2012,2012,332881.0
A,Annual,NR,Number,T,Total,Y20-24,From 20 to 24 years,FI,Finland,2013,2013,339758.0
A,Annual,NR,Number,T,Total,Y20-24,From 20 to 24 years,FI,Finland,2014,2014,340871.0
A,Annual,NR,Number,T,Total,Y20-24,From 20 to 24 years,FI,Finland,2015,2015,342086.0
A,Annual,NR,Number,T,Total,Y20-24,From 20 to 24 years,FI,Finland,2016,2016,339216.0
A,Annual,NR,Number,T,Total,Y20-24,From 20 to 24 years,FI,Finland,2017,2017,335040.0
A,Annual,NR,Number,T,Total,Y20-24,From 20 to 24 years,FI,Finland,2018,2018,327752.0
A,Annual,NR,Number,T,Total,Y20-24,From 20 to 24 years,FI,Finland,2019,2019,320376.0
A,Annual,NR,Number,T,Total,Y20-24,From 20 to 24 years,FI,Finland,2020,2020,313944.0
A,Annual,NR,Number,T,Total,Y20-24,From 20 to 24 years,FI,Finland,2021,2021,308410.0
A,Annual,NR,Number,T,Total,Y20-24,From 20 to 24 years,FI,Finland,2022,2022,305266.0
A,Annual,NR,Number,T,Total,Y20-24,From 20 to 24 years,FI,Finland,2023,2023,304385.0
A,Annual,NR,Number,T,Total,Y20-24,From 20 to 24 years,SE,Sweden,2010,2010,605453.0
A,Annual,NR,Number,T,Total,Y20-24,From 20 to 24 years,SE,Sweden,2011,2011,632016.0
A,Annual,NR,Number,T,Total,Y20-24,From 20 to 24 years,SE,Sweden,2012,2012,650862.0
A,Annual,NR,Number,T,Total,Y20-24,From 20 to 24 years,SE,Sweden,2013,2013,667153.0
A,Annual,NR,Number,T,Total,Y20-24,From 20 to 24 years,SE,Sweden,2014,2014,671940.0
A,Annual,NR,Number,T,Total,Y20-24,From 20 to 24 years,SE,Sweden,2015,2015,671529.0
A,Annual,NR,Number,T,Total,Y20-24,From 20 to 24 years,SE,Sweden,2016,2016,656448.0
A,Annual,NR,Number,T,Total,Y20-24,From 20 to 24 years,SE,Sweden,2017,2017,640179.0
A,Annual,NR,Number,T,Total,Y20-24,From 20 to 24 years,SE,Sweden,2018,2018,616919.0
A,Annual,NR,Number,T,Total,Y20-24,From 20 to 24 years,SE,Sweden,2019,2019,597593.0
A,Annual,NR,Number,T,Total,Y20-24,From 20 to 24 years,SE,Sweden,2020,2020,587699.0
A,Annual,NR,Number,T,Total,Y20-24,From 20 to 24 years,SE,Sweden,2021,2021,579464.0
A,Annual,NR,Number,T,Total,Y20-24,From 20 to 24 years,SE,Sweden,2022,2022,578215.0
A,Annual,NR,Number,T,Total,Y20-24,From 20 to 24 years,SE,Sweden,2023,2023,585490.0
A,Annual,NR,Number,T,Total,Y25-29,From 25 to 29 years,BE,Belgium,2010,2010,691709.0
A,Annual,NR,Number,T,Total,Y25-29,From 25 to 29 years,BE,Belgium,2011,2011,700373.0
A,Annual,NR,Number,T,Total,Y25-29,From 25 to 29 years,BE,Belgium,2012,2012,701310.0
A,Annual,NR,Number,T,Total,Y25-29,From 25 to 29 years,BE,Belgium,2013,2013,704204.0
A,Annual,NR,Number,T,Total,Y25-29,From 25 to 29 years,BE,Belgium,2014,2014,709177.0
A,Annual,NR,Number,T,Total,Y25-29,From 25 to 29 years,BE,Belgium,2015,2015,716082.0
A,Annual,NR,Number,T,Total,Y25-29,From 25 to 29 years,BE,Belgium,2016,2016,731621.0
A,Annual,NR,Number,T,Total,Y25-29,From 25 to 29 years,BE,Belgium,2017,2017,738490.0
A,Annual,NR,Number,T,Total,Y25-29,From 25 to 29 years,BE,Belgium,2018,2018,744939.0
A,Annual,NR,Number,T,Total,Y25-29,From 25 to 29 years,BE,Belgium,2019,2019,746547.0
A,Annual,NR,Number,T,Total,Y25-29,From 25 to 29 years,BE,Belgium,2020,2020,744436.0
A,Annual,NR,Number,T,Total,Y25-29,From 25 to 29 years,BE,Belgium,2021,2021,736597.0
A,Annual,NR,Number,T,Total,Y25-29,From 25 to 29 years,BE,Belgium,2022,2022,730914.0
A,Annual,NR,Number,T,Total,Y25-29,From 25 to 29 years,BE,Belgium,2023,2023,734020.0
A,Annual,NR,Number,T,Total,Y25-29,From 25 to 29 years,BG,Bulgaria,2010,2010,497440.0
A,Annual,NR,Number,T,Total,Y25-29,From 25 to 29 years,BG,Bulgaria,2011,2011,491248.0
A,Annual,NR,Number,T,Total,Y25-29,From 25 to 29 years,BG,Bulgaria,2012,2012,490354.0
A,Annual,NR,Number,T,Total,Y25-29,From 25 to 29 years,BG,Bulgaria,2013,2013,464919.0
A,Annual,NR,Number,T,Total,Y25-29,From 25 to 29 years,BG,Bulgaria,2014,2014,456494.0
A,Annual,NR,Number,T,Total,Y25-29,From 25 to 29 years,BG,Bulgaria,2015,2015,445568.0
A,Annual,NR,Number,T,Total,Y25-29,From 25 to 29 years,BG,Bulgaria,2016,2016,435893.0
A,Annual,NR,Number,T,Total,Y25-29,From 25 to 29 years,BG,Bulgaria,2017,2017,416455.0
A,Annual,NR,Number,T,Total,Y25-29,From 25 to 29 years,BG,Bulgaria,2018,2018,393715.0
A,Annual,NR,Number,T,Total,Y25-29,From 25 to 29 years,BG,Bulgaria,2019,2019,368528.0
A,Annual,NR,Number,T,Total,Y25-29,From 25 to 29 years,BG,Bulgaria,2020,2020,340535.0
A,Annual,NR,Number,T,Total,Y25-29,From 25 to 29 years,BG,Bulgaria,2021,2021,317736.0
A,Annual,NR,Number,T,Total,Y25-29,From 25 to 29 years,BG,Bulgaria,2022,2022,295019.0
A,Annual,NR,Number,T,Total,Y25-29,From 25 to 29 years,BG,Bulgaria,2023,2023,280313.0
A,Annual,NR,Number,T,Total,Y25-29,From 25 to 29 years,CZ,Czechia,2010,2010,743257.0
A,Annual,NR,Number,T,Total,Y25-29,From 25 to 29 years,CZ,Czechia,2011,2011,728047.0
A,Annual,NR,Number,T,Total,Y25-29,From 25 to 29 years,CZ,Czechia,2012,2012,721200.0
A,Annual,NR,Number,T,Total,Y25-29,From 25 to 29 years,CZ,Czechia,2013,2013,711493.0
A,Annual,NR,Number,T,Total,Y25-29,From 25 to 29 years,CZ,Czechia,2014,2014,704759.0
A,Annual,NR,Number,T,Total,Y25-29,From 25 to 29 years,CZ,Czechia,2015,2015,696939.0
A,Annual,NR,Number,T,Total,Y25-29,From 25 to 29 years,CZ,Czechia,2016,2016,690104.0
A,Annual,NR,Number,T,Total,Y25-29,From 25 to 29 years,CZ,Czechia,2017,2017,685593.0
A,Annual,NR,Number,T,Total,Y25-29,From 25 to 29 years,CZ,Czechia,2018,2018,677564.0
A,Annual,NR,Number,T,Total,Y25-29,From 25 to 29 years,CZ,Czechia,2019,2019,668977.0
A,Annual,NR,Number,T,Total,Y25-29,From 25 to 29 years,CZ,Czechia,2020,2020,651892.0
A,Annual,NR,Number,T,Total,Y25-29,From 25 to 29 years,CZ,Czechia,2021,2021,602411.0
A,Annual,NR,Number,T,Total,Y25-29,From 25 to 29 years,CZ,Czechia,2022,2022,572593.0
A,Annual,NR,Number,T,Total,Y25-29,From 25 to 29 years,CZ,Czechia,2023,2023,570325.0
A,Annual,NR,Number,T,Total,Y25-29,From 25 to 29 years,DK,Denmark,2010,2010,310970.0
A,Annual,NR,Number,T,Total,Y25-29,From 25 to 29 years,DK,Denmark,2011,2011,311548.0
A,Annual,NR,Number,T,Total,Y25-29,From 25 to 29 years,DK,Denmark,2012,2012,316190.0
A,Annual,NR,Number,T,Total,Y25-29,From 25 to 29 years,DK,Denmark,2013,2013,322222.0
A,Annual,NR,Number,T,Total,Y25-29,From 25 to 29 years,DK,Denmark,2014,2014,333707.0
A,Annual,NR,Number,T,Total,Y25-29,From 25 to 29 years,DK,Denmark,2015,2015,346358.0
A,Annual,NR,Number,T,Total,Y25-29,From 25 to 29 years,DK,Denmark,2016,2016,361983.0
A,Annual,NR,Number,T,Total,Y25-29,From 25 to 29 years,DK,Denmark,2017,2017,374117.0
A,Annual,NR,Number,T,Total,Y25-29,From 25 to 29 years,DK,Denmark,2018,2018,386777.0
A,Annual,NR,Number,T,Total,Y25-29,From 25 to 29 years,DK,Denmark,2019,2019,394889.0
A,Annual,NR,Number,T,Total,Y25-29,From 25 to 29 years,DK,Denmark,2020,2020,400810.0
A,Annual,NR,Number,T,Total,Y25-29,From 25 to 29 years,DK,Denmark,2021,2021,402836.0
A,Annual,NR,Number,T,Total,Y25-29,From 25 to 29 years,DK,Denmark,2022,2022,406075.0
A,Annual,NR,Number,T,Total,Y25-29,From 25 to 29 years,DK,Denmark,2023,2023,409553.0
A,Annual,NR,Number,T,Total,Y25-29,From 25 to 29 years,DE,Germany,2010,2010,4978420.0
A,Annual,NR,Number,T,Total,Y25-29,From 25 to 29 years,DE,Germany,2011,2011,4813726.0
A,Annual,NR,Number,T,Total,Y25-29,From 25 to 29 years,DE,Germany,2012,2012,4855407.0
A,Annual,NR,Number,T,Total,Y25-29,From 25 to 29 years,DE,Germany,2013,2013,4923879.0
A,Annual,NR,Number,T,Total,Y25-29,From 25 to 29 years,DE,Germany,2014,2014,5046426.0
A,Annual,NR,Number,T,Total,Y25-29,From 25 to 29 years,DE,Germany,2015,2015,5166826.0
A,Annual,NR,Number,T,Total,Y25-29,From 25 to 29 years,DE,Germany,2016,2016,5387681.0
A,Annual,NR,Number,T,Total,Y25-29,From 25 to 29 years,DE,Germany,2017,2017,5366756.0
A,Annual,NR,Number,T,Total,Y25-29,From 25 to 29 years,DE,Germany,2018,2018,5298080.0
A,Annual,NR,Number,T,Total,Y25-29,From 25 to 29 years,DE,Germany,2019,2019,5193335.0
A,Annual,NR,Number,T,Total,Y25-29,From 25 to 29 years,DE,Germany,2020,2020,5074471.0
A,Annual,NR,Number,T,Total,Y25-29,From 25 to 29 years,DE,Germany,2021,2021,4912939.0
A,Annual,NR,Number,T,Total,Y25-29,From 25 to 29 years,DE,Germany,2022,2022,4892729.0
A,Annual,NR,Number,T,Total,Y25-29,From 25 to 29 years,DE,Germany,2023,2023,4826247.0
A,Annual,NR,Number,T,Total,Y25-29,From 25 to 29 years,EE,Estonia,2010,2010,95620.0
A,Annual,NR,Number,T,Total,Y25-29,From 25 to 29 years,EE,Estonia,2011,2011,95590.0
A,Annual,NR,Number,T,Total,Y25-29,From 25 to 29 years,EE,Estonia,2012,2012,95603.0
A,Annual,NR,Number,T,Total,Y25-29,From 25 to 29 years,EE,Estonia,2013,2013,96742.0
A,Annual,NR,Number,T,Total,Y25-29,From 25 to 29 years,EE,Estonia,2014,2014,97499.0
A,Annual,NR,Number,T,Total,Y25-29,From 25 to 29 years,EE,Estonia,2015,2015,98197.0
A,Annual,NR,Number,T,Total,Y25-29,From 25 to 29 years,EE,Estonia,2016,2016,99140.0
A,Annual,NR,Number,T,Total,Y25-29,From 25 to 29 years,EE,Estonia,2017,2017,96576.0
A,Annual,NR,Number,T,Total,Y25-29,From 25 to 29 years,EE,Estonia,2018,2018,93383.0
A,Annual,NR,Number,T,Total,Y25-29,From 25 to 29 years,EE,Estonia,2019,2019,88133.0
A,Annual,NR,Number,T,Total,Y25-29,From 25 to 29 years,EE,Estonia,2020,2020,81682.0
A,Annual,NR,Number,T,Total,Y25-29,From 25 to 29 years,EE,Estonia,2021,2021,75693.0
A,Annual,NR,Number,T,Total,Y25-29,From 25 to 29 years,EE,Estonia,2022,2022,72479.0
A,Annual,NR,Number,T,Total,Y25-29,From 25 to 29 years,EE,Estonia,2023,2023,71376.0
A,Annual,NR,Number,T,Total,Y25-29,From 25 to 29 years,IE,Ireland,2010,2010,390373.0
A,Annual,NR,Number,T,Total,Y25-29,From 25 to 29 years,IE,Ireland,2011,2011,375490.0
A,Annual,NR,Number,T,Total,Y25-29,From 25 to 29 years,IE,Ireland,2012,2012,346916.0
A,Annual,NR,Number,T,Total,Y25-29,From 25 to 29 years,IE,Ireland,2013,2013,326669.0
A,Annual,NR,Number,T,Total,Y25-29,From 25 to 29 years,IE,Ireland,2014,2014,309754.0
A,Annual,NR,Number,T,Total,Y25-29,From 25 to 29 years,IE,Ireland,2015,2015,300545.0
A,Annual,NR,Number,T,Total,Y25-29,From 25 to 29 years,IE,Ireland,2016,2016,297345.0
A,Annual,NR,Number,T,Total,Y25-29,From 25 to 29 years,IE,Ireland,2017,2017,294894.0
A,Annual,NR,Number,T,Total,Y25-29,From 25 to 29 years,IE,Ireland,2018,2018,291923.0
A,Annual,NR,Number,T,Total,Y25-29,From 25 to 29 years,IE,Ireland,2019,2019,292185.0
A,Annual,NR,Number,T,Total,Y25-29,From 25 to 29 years,IE,Ireland,2020,2020,294399.0
A,Annual,NR,Number,T,Total,Y25-29,From 25 to 29 years,IE,Ireland,2021,2021,295043.0
A,Annual,NR,Number,T,Total,Y25-29,From 25 to 29 years,IE,Ireland,2022,2022,298290.0
A,Annual,NR,Number,T,Total,Y25-29,From 25 to 29 years,IE,Ireland,2023,2023,309559.0
A,Annual,NR,Number,T,Total,Y25-29,From 25 to 29 years,EL,Greece,2010,2010,799334.0
A,Annual,NR,Number,T,Total,Y25-29,From 25 to 29 years,EL,Greece,2012,2012,722034.0
A,Annual,NR,Number,T,Total,Y25-29,From 25 to 29 years,EL,Greece,2013,2013,674360.0
A,Annual,NR,Number,T,Total,Y25-29,From 25 to 29 years,EL,Greece,2014,2014,639084.0
A,Annual,NR,Number,T,Total,Y25-29,From 25 to 29 years,EL,Greece,2015,2015,613511.0
A,Annual,NR,Number,T,Total,Y25-29,From 25 to 29 years,EL,Greece,2016,2016,593042.0
A,Annual,NR,Number,T,Total,Y25-29,From 25 to 29 years,EL,Greece,2017,2017,580958.0
A,Annual,NR,Number,T,Total,Y25-29,From 25 to 29 years,EL,Greece,2018,2018,572561.0
A,Annual,NR,Number,T,Total,Y25-29,From 25 to 29 years,EL,Greece,2019,2019,558294.0
A,Annual,NR,Number,T,Total,Y25-29,From 25 to 29 years,EL,Greece,2020,2020,554250.0
A,Annual,NR,Number,T,Total,Y25-29,From 25 to 29 years,EL,Greece,2021,2021,545995.0
A,Annual,NR,Number,T,Total,Y25-29,From 25 to 29 years,EL,Greece,2022,2022,531762.0
A,Annual,NR,Number,T,Total,Y25-29,From 25 to 29 years,EL,Greece,2023,2023,520518.0
A,Annual,NR,Number,T,Total,Y25-29,From 25 to 29 years,ES,Spain,2010,2010,3402286.0
A,Annual,NR,Number,T,Total,Y25-29,From 25 to 29 years,ES,Spain,2011,2011,3225923.0
A,Annual,NR,Number,T,Total,Y25-29,From 25 to 29 years,ES,Spain,2012,2012,3065915.0
A,Annual,NR,Number,T,Total,Y25-29,From 25 to 29 years,ES,Spain,2013,2013,2903524.0
A,Annual,NR,Number,T,Total,Y25-29,From 25 to 29 years,ES,Spain,2014,2014,2757946.0
A,Annual,NR,Number,T,Total,Y25-29,From 25 to 29 years,ES,Spain,2015,2015,2652173.0
A,Annual,NR,Number,T,Total,Y25-29,From 25 to 29 years,ES,Spain,2016,2016,2578037.0
A,Annual,NR,Number,T,Total,Y25-29,From 25 to 29 years,ES,Spain,2017,2017,2532437.0
A,Annual,NR,Number,T,Total,Y25-29,From 25 to 29 years,ES,Spain,2018,2018,2525937.0
A,Annual,NR,Number,T,Total,Y25-29,From 25 to 29 years,ES,Spain,2019,2019,2536089.0
A,Annual,NR,Number,T,Total,Y25-29,From 25 to 29 years,ES,Spain,2020,2020,2554056.0
A,Annual,NR,Number,T,Total,Y25-29,From 25 to 29 years,ES,Spain,2021,2021,2539851.0
A,Annual,NR,Number,T,Total,Y25-29,From 25 to 29 years,ES,Spain,2022,2022,2517989.0
A,Annual,NR,Number,T,Total,Y25-29,From 25 to 29 years,ES,Spain,2023,2023,2573472.0
A,Annual,NR,Number,T,Total,Y25-29,From 25 to 29 years,FR,France,2010,2010,4019965.0
A,Annual,NR,Number,T,Total,Y25-29,From 25 to 29 years,FR,France,2011,2011,3984342.0
A,Annual,NR,Number,T,Total,Y25-29,From 25 to 29 years,FR,France,2012,2012,3963811.0
A,Annual,NR,Number,T,Total,Y25-29,From 25 to 29 years,FR,France,2013,2013,3931802.0
A,Annual,NR,Number,T,Total,Y25-29,From 25 to 29 years,FR,France,2014,2014,3969470.0
A,Annual,NR,Number,T,Total,Y25-29,From 25 to 29 years,FR,France,2015,2015,3968587.0
A,Annual,NR,Number,T,Total,Y25-29,From 25 to 29 years,FR,France,2016,2016,3951657.0
A,Annual,NR,Number,T,Total,Y25-29,From 25 to 29 years,FR,France,2017,2017,3910256.0
A,Annual,NR,Number,T,Total,Y25-29,From 25 to 29 years,FR,France,2018,2018,3885848.0
A,Annual,NR,Number,T,Total,Y25-29,From 25 to 29 years,FR,France,2019,2019,3813474.0
A,Annual,NR,Number,T,Total,Y25-29,From 25 to 29 years,FR,France,2020,2020,3771805.0
A,Annual,NR,Number,T,Total,Y25-29,From 25 to 29 years,FR,France,2021,2021,3762034.0
A,Annual,NR,Number,T,Total,Y25-29,From 25 to 29 years,FR,France,2022,2022,3786823.0
A,Annual,NR,Number,T,Total,Y25-29,From 25 to 29 years,FR,France,2023,2023,3796389.0
A,Annual,NR,Number,T,Total,Y25-29,From 25 to 29 years,HR,Croatia,2010,2010,294563.0
A,Annual,NR,Number,T,Total,Y25-29,From 25 to 29 years,HR,Croatia,2011,2011,290549.0
A,Annual,NR,Number,T,Total,Y25-29,From 25 to 29 years,HR,Croatia,2012,2012,285562.0
A,Annual,NR,Number,T,Total,Y25-29,From 25 to 29 years,HR,Croatia,2013,2013,278054.0
A,Annual,NR,Number,T,Total,Y25-29,From 25 to 29 years,HR,Croatia,2014,2014,271128.0
A,Annual,NR,Number,T,Total,Y25-29,From 25 to 29 years,HR,Croatia,2015,2015,260281.0
A,Annual,NR,Number,T,Total,Y25-29,From 25 to 29 years,HR,Croatia,2016,2016,251186.0
A,Annual,NR,Number,T,Total,Y25-29,From 25 to 29 years,HR,Croatia,2017,2017,242338.0
A,Annual,NR,Number,T,Total,Y25-29,From 25 to 29 years,HR,Croatia,2018,2018,229737.0
A,Annual,NR,Number,T,Total,Y25-29,From 25 to 29 years,HR,Croatia,2019,2019,221950.0
A,Annual,NR,Number,T,Total,Y25-29,From 25 to 29 years,HR,Croatia,2020,2020,217893.0
A,Annual,NR,Number,T,Total,Y25-29,From 25 to 29 years,HR,Croatia,2021,2021,214444.0
A,Annual,NR,Number,T,Total,Y25-29,From 25 to 29 years,HR,Croatia,2022,2022,215051.0
A,Annual,NR,Number,T,Total,Y25-29,From 25 to 29 years,HR,Croatia,2023,2023,220875.0
A,Annual,NR,Number,T,Total,Y25-29,From 25 to 29 years,IT,Italy,2010,2010,3396597.0
A,Annual,NR,Number,T,Total,Y25-29,From 25 to 29 years,IT,Italy,2011,2011,3357372.0
A,Annual,NR,Number,T,Total,Y25-29,From 25 to 29 years,IT,Italy,2012,2012,3314664.0
A,Annual,NR,Number,T,Total,Y25-29,From 25 to 29 years,IT,Italy,2013,2013,3278455.0
A,Annual,NR,Number,T,Total,Y25-29,From 25 to 29 years,IT,Italy,2014,2014,3266140.0
A,Annual,NR,Number,T,Total,Y25-29,From 25 to 29 years,IT,Italy,2015,2015,3235616.0
A,Annual,NR,Number,T,Total,Y25-29,From 25 to 29 years,IT,Italy,2016,2016,3218786.0
A,Annual,NR,Number,T,Total,Y25-29,From 25 to 29 years,IT,Italy,2017,2017,3215851.0
A,Annual,NR,Number,T,Total,Y25-29,From 25 to 29 years,IT,Italy,2018,2018,3216640.0
A,Annual,NR,Number,T,Total,Y25-29,From 25 to 29 years,IT,Italy,2019,2019,3175599.0
A,Annual,NR,Number,T,Total,Y25-29,From 25 to 29 years,IT,Italy,2020,2020,3128494.0
A,Annual,NR,Number,T,Total,Y25-29,From 25 to 29 years,IT,Italy,2021,2021,3045579.0
A,Annual,NR,Number,T,Total,Y25-29,From 25 to 29 years,IT,Italy,2022,2022,3001345.0
A,Annual,NR,Number,T,Total,Y25-29,From 25 to 29 years,IT,Italy,2023,2023,2995670.0
A,Annual,NR,Number,T,Total,Y25-29,From 25 to 29 years,CY,Cyprus,2010,2010,69383.0
A,Annual,NR,Number,T,Total,Y25-29,From 25 to 29 years,CY,Cyprus,2011,2011,71705.0
A,Annual,NR,Number,T,Total,Y25-29,From 25 to 29 years,CY,Cyprus,2012,2012,75159.0
A,Annual,NR,Number,T,Total,Y25-29,From 25 to 29 years,CY,Cyprus,2013,2013,75030.0
A,Annual,NR,Number,T,Total,Y25-29,From 25 to 29 years,CY,Cyprus,2014,2014,73761.0
A,Annual,NR,Number,T,Total,Y25-29,From 25 to 29 years,CY,Cyprus,2015,2015,72451.0
A,Annual,NR,Number,T,Total,Y25-29,From 25 to 29 years,CY,Cyprus,2016,2016,71753.0
A,Annual,NR,Number,T,Total,Y25-29,From 25 to 29 years,CY,Cyprus,2017,2017,69787.0
A,Annual,NR,Number,T,Total,Y25-29,From 25 to 29 years,CY,Cyprus,2018,2018,69851.0
A,Annual,NR,Number,T,Total,Y25-29,From 25 to 29 years,CY,Cyprus,2019,2019,69146.0
A,Annual,NR,Number,T,Total,Y25-29,From 25 to 29 years,CY,Cyprus,2020,2020,69200.0
A,Annual,NR,Number,T,Total,Y25-29,From 25 to 29 years,CY,Cyprus,2021,2021,68969.0
A,Annual,NR,Number,T,Total,Y25-29,From 25 to 29 years,CY,Cyprus,2022,2022,69074.0
A,Annual,NR,Number,T,Total,Y25-29,From 25 to 29 years,CY,Cyprus,2023,2023,68696.0
A,Annual,NR,Number,T,Total,Y25-29,From 25 to 29 years,LV,Latvia,2010,2010,150828.0
A,Annual,NR,Number,T,Total,Y25-29,From 25 to 29 years,LV,Latvia,2011,2011,147966.0
A,Annual,NR,Number,T,Total,Y25-29,From 25 to 29 years,LV,Latvia,2012,2012,148320.0
A,Annual,NR,Number,T,Total,Y25-29,From 25 to 29 years,LV,Latvia,2013,2013,149365.0
A,Annual,NR,Number,T,Total,Y25-29,From 25 to 29 years,LV,Latvia,2014,2014,147024.0
A,Annual,NR,Number,T,Total,Y25-29,From 25 to 29 years,LV,Latvia,2015,2015,144802.0
A,Annual,NR,Number,T,Total,Y25-29,From 25 to 29 years,LV,Latvia,2016,2016,142180.0
A,Annual,NR,Number,T,Total,Y25-29,From 25 to 29 years,LV,Latvia,2017,2017,137155.0
A,Annual,NR,Number,T,Total,Y25-29,From 25 to 29 years,LV,Latvia,2018,2018,131714.0
A,Annual,NR,Number,T,Total,Y25-29,From 25 to 29 years,LV,Latvia,2019,2019,123792.0
A,Annual,NR,Number,T,Total,Y25-29,From 25 to 29 years,LV,Latvia,2020,2020,115546.0
A,Annual,NR,Number,T,Total,Y25-29,From 25 to 29 years,LV,Latvia,2021,2021,106132.0
A,Annual,NR,Number,T,Total,Y25-29,From 25 to 29 years,LV,Latvia,2022,2022,97180.0
A,Annual,NR,Number,T,Total,Y25-29,From 25 to 29 years,LV,Latvia,2023,2023,90822.0
A,Annual,NR,Number,T,Total,Y25-29,From 25 to 29 years,LT,Lithuania,2010,2010,206416.0
A,Annual,NR,Number,T,Total,Y25-29,From 25 to 29 years,LT,Lithuania,2011,2011,194190.0
A,Annual,NR,Number,T,Total,Y25-29,From 25 to 29 years,LT,Lithuania,2012,2012,192347.0
A,Annual,NR,Number,T,Total,Y25-29,From 25 to 29 years,LT,Lithuania,2013,2013,194223.0
A,Annual,NR,Number,T,Total,Y25-29,From 25 to 29 years,LT,Lithuania,2014,2014,192304.0
A,Annual,NR,Number,T,Total,Y25-29,From 25 to 29 years,LT,Lithuania,2015,2015,191068.0
A,Annual,NR,Number,T,Total,Y25-29,From 25 to 29 years,LT,Lithuania,2016,2016,189509.0
A,Annual,NR,Number,T,Total,Y25-29,From 25 to 29 years,LT,Lithuania,2017,2017,186045.0
A,Annual,NR,Number,T,Total,Y25-29,From 25 to 29 years,LT,Lithuania,2018,2018,182699.0
A,Annual,NR,Number,T,Total,Y25-29,From 25 to 29 years,LT,Lithuania,2019,2019,180573.0
A,Annual,NR,Number,T,Total,Y25-29,From 25 to 29 years,LT,Lithuania,2020,2020,176497.0
A,Annual,NR,Number,T,Total,Y25-29,From 25 to 29 years,LT,Lithuania,2021,2021,169202.0
A,Annual,NR,Number,T,Total,Y25-29,From 25 to 29 years,LT,Lithuania,2022,2022,162568.0
A,Annual,NR,Number,T,Total,Y25-29,From 25 to 29 years,LT,Lithuania,2023,2023,159907.0
A,Annual,NR,Number,T,Total,Y25-29,From 25 to 29 years,LU,Luxembourg,2010,2010,34700.0
A,Annual,NR,Number,T,Total,Y25-29,From 25 to 29 years,LU,Luxembourg,2011,2011,35282.0
A,Annual,NR,Number,T,Total,Y25-29,From 25 to 29 years,LU,Luxembourg,2012,2012,36618.0
A,Annual,NR,Number,T,Total,Y25-29,From 25 to 29 years,LU,Luxembourg,2013,2013,37566.0
A,Annual,NR,Number,T,Total,Y25-29,From 25 to 29 years,LU,Luxembourg,2014,2014,38940.0
A,Annual,NR,Number,T,Total,Y25-29,From 25 to 29 years,LU,Luxembourg,2015,2015,40196.0
A,Annual,NR,Number,T,Total,Y25-29,From 25 to 29 years,LU,Luxembourg,2016,2016,41908.0
A,Annual,NR,Number,T,Total,Y25-29,From 25 to 29 years,LU,Luxembourg,2017,2017,43165.0
A,Annual,NR,Number,T,Total,Y25-29,From 25 to 29 years,LU,Luxembourg,2018,2018,44724.0
A,Annual,NR,Number,T,Total,Y25-29,From 25 to 29 years,LU,Luxembourg,2019,2019,46125.0
A,Annual,NR,Number,T,Total,Y25-29,From 25 to 29 years,LU,Luxembourg,2020,2020,47573.0
A,Annual,NR,Number,T,Total,Y25-29,From 25 to 29 years,LU,Luxembourg,2021,2021,47600.0
A,Annual,NR,Number,T,Total,Y25-29,From 25 to 29 years,LU,Luxembourg,2022,2022,48783.0
A,Annual,NR,Number,T,Total,Y25-29,From 25 to 29 years,LU,Luxembourg,2023,2023,50321.0
A,Annual,NR,Number,T,Total,Y25-29,From 25 to 29 years,HU,Hungary,2010,2010,699967.0
A,Annual,NR,Number,T,Total,Y25-29,From 25 to 29 years,HU,Hungary,2011,2011,684981.0
A,Annual,NR,Number,T,Total,Y25-29,From 25 to 29 years,HU,Hungary,2012,2012,615468.0
A,Annual,NR,Number,T,Total,Y25-29,From 25 to 29 years,HU,Hungary,2013,2013,609941.0
A,Annual,NR,Number,T,Total,Y25-29,From 25 to 29 years,HU,Hungary,2014,2014,610136.0
A,Annual,NR,Number,T,Total,Y25-29,From 25 to 29 years,HU,Hungary,2015,2015,612988.0
A,Annual,NR,Number,T,Total,Y25-29,From 25 to 29 years,HU,Hungary,2016,2016,614898.0
A,Annual,NR,Number,T,Total,Y25-29,From 25 to 29 years,HU,Hungary,2017,2017,618333.0
A,Annual,NR,Number,T,Total,Y25-29,From 25 to 29 years,HU,Hungary,2018,2018,622104.0
A,Annual,NR,Number,T,Total,Y25-29,From 25 to 29 years,HU,Hungary,2019,2019,624335.0
A,Annual,NR,Number,T,Total,Y25-29,From 25 to 29 years,HU,Hungary,2020,2020,624112.0
A,Annual,NR,Number,T,Total,Y25-29,From 25 to 29 years,HU,Hungary,2021,2021,614934.0
A,Annual,NR,Number,T,Total,Y25-29,From 25 to 29 years,HU,Hungary,2022,2022,598605.0
A,Annual,NR,Number,T,Total,Y25-29,From 25 to 29 years,HU,Hungary,2023,2023,568072.0
A,Annual,NR,Number,T,Total,Y25-29,From 25 to 29 years,MT,Malta,2010,2010,30588.0
A,Annual,NR,Number,T,Total,Y25-29,From 25 to 29 years,MT,Malta,2011,2011,30285.0
A,Annual,NR,Number,T,Total,Y25-29,From 25 to 29 years,MT,Malta,2012,2012,30287.0
A,Annual,NR,Number,T,Total,Y25-29,From 25 to 29 years,MT,Malta,2013,2013,30563.0
A,Annual,NR,Number,T,Total,Y25-29,From 25 to 29 years,MT,Malta,2014,2014,31720.0
A,Annual,NR,Number,T,Total,Y25-29,From 25 to 29 years,MT,Malta,2015,2015,33399.0
A,Annual,NR,Number,T,Total,Y25-29,From 25 to 29 years,MT,Malta,2016,2016,35048.0
A,Annual,NR,Number,T,Total,Y25-29,From 25 to 29 years,MT,Malta,2017,2017,36261.0
A,Annual,NR,Number,T,Total,Y25-29,From 25 to 29 years,MT,Malta,2018,2018,38915.0
A,Annual,NR,Number,T,Total,Y25-29,From 25 to 29 years,MT,Malta,2019,2019,41939.0
A,Annual,NR,Number,T,Total,Y25-29,From 25 to 29 years,MT,Malta,2020,2020,44773.0
A,Annual,NR,Number,T,Total,Y25-29,From 25 to 29 years,MT,Malta,2021,2021,43550.0
A,Annual,NR,Number,T,Total,Y25-29,From 25 to 29 years,MT,Malta,2022,2022,42987.0
A,Annual,NR,Number,T,Total,Y25-29,From 25 to 29 years,MT,Malta,2023,2023,46662.0
A,Annual,NR,Number,T,Total,Y25-29,From 25 to 29 years,NL,Netherlands,2010,2010,999355.0
A,Annual,NR,Number,T,Total,Y25-29,From 25 to 29 years,NL,Netherlands,2011,2011,1001538.0
A,Annual,NR,Number,T,Total,Y25-29,From 25 to 29 years,NL,Netherlands,2012,2012,1011311.0
A,Annual,NR,Number,T,Total,Y25-29,From 25 to 29 years,NL,Netherlands,2013,2013,1023390.0
A,Annual,NR,Number,T,Total,Y25-29,From 25 to 29 years,NL,Netherlands,2014,2014,1036778.0
A,Annual,NR,Number,T,Total,Y25-29,From 25 to 29 years,NL,Netherlands,2015,2015,1050674.0
A,Annual,NR,Number,T,Total,Y25-29,From 25 to 29 years,NL,Netherlands,2016,2016,1071002.0
A,Annual,NR,Number,T,Total,Y25-29,From 25 to 29 years,NL,Netherlands,2017,2017,1090087.0
A,Annual,NR,Number,T,Total,Y25-29,From 25 to 29 years,NL,Netherlands,2018,2018,1106157.0
A,Annual,NR,Number,T,Total,Y25-29,From 25 to 29 years,NL,Netherlands,2019,2019,1121863.0
A,Annual,NR,Number,T,Total,Y25-29,From 25 to 29 years,NL,Netherlands,2020,2020,1138965.0
A,Annual,NR,Number,T,Total,Y25-29,From 25 to 29 years,NL,Netherlands,2021,2021,1132942.0
A,Annual,NR,Number,T,Total,Y25-29,From 25 to 29 years,NL,Netherlands,2022,2022,1134506.0
A,Annual,NR,Number,T,Total,Y25-29,From 25 to 29 years,NL,Netherlands,2023,2023,1154999.0
A,Annual,NR,Number,T,Total,Y25-29,From 25 to 29 years,AT,Austria,2010,2010,555486.0
A,Annual,NR,Number,T,Total,Y25-29,From 25 to 29 years,AT,Austria,2011,2011,555080.0
A,Annual,NR,Number,T,Total,Y25-29,From 25 to 29 years,AT,Austria,2012,2012,552932.0
A,Annual,NR,Number,T,Total,Y25-29,From 25 to 29 years,AT,Austria,2013,2013,552540.0
A,Annual,NR,Number,T,Total,Y25-29,From 25 to 29 years,AT,Austria,2014,2014,559979.0
A,Annual,NR,Number,T,Total,Y25-29,From 25 to 29 years,AT,Austria,2015,2015,570027.0
A,Annual,NR,Number,T,Total,Y25-29,From 25 to 29 years,AT,Austria,2016,2016,587787.0
A,Annual,NR,Number,T,Total,Y25-29,From 25 to 29 years,AT,Austria,2017,2017,598504.0
A,Annual,NR,Number,T,Total,Y25-29,From 25 to 29 years,AT,Austria,2018,2018,603826.0
A,Annual,NR,Number,T,Total,Y25-29,From 25 to 29 years,AT,Austria,2019,2019,603708.0
A,Annual,NR,Number,T,Total,Y25-29,From 25 to 29 years,AT,Austria,2020,2020,601402.0
A,Annual,NR,Number,T,Total,Y25-29,From 25 to 29 years,AT,Austria,2021,2021,595462.0
A,Annual,NR,Number,T,Total,Y25-29,From 25 to 29 years,AT,Austria,2022,2022,591572.0
A,Annual,NR,Number,T,Total,Y25-29,From 25 to 29 years,AT,Austria,2023,2023,592713.0
A,Annual,NR,Number,T,Total,Y25-29,From 25 to 29 years,PL,Poland,2010,2010,3173183.0
A,Annual,NR,Number,T,Total,Y25-29,From 25 to 29 years,PL,Poland,2011,2011,3171110.0
A,Annual,NR,Number,T,Total,Y25-29,From 25 to 29 years,PL,Poland,2012,2012,3148276.0
A,Annual,NR,Number,T,Total,Y25-29,From 25 to 29 years,PL,Poland,2013,2013,3078203.0
A,Annual,NR,Number,T,Total,Y25-29,From 25 to 29 years,PL,Poland,2014,2014,2973869.0
A,Annual,NR,Number,T,Total,Y25-29,From 25 to 29 years,PL,Poland,2015,2015,2875535.0
A,Annual,NR,Number,T,Total,Y25-29,From 25 to 29 years,PL,Poland,2016,2016,2792010.0
A,Annual,NR,Number,T,Total,Y25-29,From 25 to 29 years,PL,Poland,2017,2017,2732215.0
A,Annual,NR,Number,T,Total,Y25-29,From 25 to 29 years,PL,Poland,2018,2018,2664508.0
A,Annual,NR,Number,T,Total,Y25-29,From 25 to 29 years,PL,Poland,2019,2019,2589169.0
A,Annual,NR,Number,T,Total,Y25-29,From 25 to 29 years,PL,Poland,2020,2020,2508023.0
A,Annual,NR,Number,T,Total,Y25-29,From 25 to 29 years,PL,Poland,2021,2021,2306977.0
A,Annual,NR,Number,T,Total,Y25-29,From 25 to 29 years,PL,Poland,2022,2022,2211703.0
A,Annual,NR,Number,T,Total,Y25-29,From 25 to 29 years,PL,Poland,2023,2023,2128895.0
A,Annual,NR,Number,T,Total,Y25-29,From 25 to 29 years,PT,Portugal,2010,2010,694667.0
A,Annual,NR,Number,T,Total,Y25-29,From 25 to 29 years,PT,Portugal,2011,2011,662622.0
A,Annual,NR,Number,T,Total,Y25-29,From 25 to 29 years,PT,Portugal,2012,2012,635925.0
A,Annual,NR,Number,T,Total,Y25-29,From 25 to 29 years,PT,Portugal,2013,2013,605309.0
A,Annual,NR,Number,T,Total,Y25-29,From 25 to 29 years,PT,Portugal,2014,2014,581043.0
A,Annual,NR,Number,T,Total,Y25-29,From 25 to 29 years,PT,Portugal,2015,2015,559416.0
A,Annual,NR,Number,T,Total,Y25-29,From 25 to 29 years,PT,Portugal,2016,2016,551466.0
A,Annual,NR,Number,T,Total,Y25-29,From 25 to 29 years,PT,Portugal,2017,2017,547476.0
A,Annual,NR,Number,T,Total,Y25-29,From 25 to 29 years,PT,Portugal,2018,2018,546782.0
A,Annual,NR,Number,T,Total,Y25-29,From 25 to 29 years,PT,Portugal,2019,2019,545895.0
A,Annual,NR,Number,T,Total,Y25-29,From 25 to 29 years,PT,Portugal,2020,2020,545779.0
A,Annual,NR,Number,T,Total,Y25-29,From 25 to 29 years,PT,Portugal,2021,2021,543237.0
A,Annual,NR,Number,T,Total,Y25-29,From 25 to 29 years,PT,Portugal,2022,2022,544830.0
A,Annual,NR,Number,T,Total,Y25-29,From 25 to 29 years,PT,Portugal,2023,2023,555084.0
A,Annual,NR,Number,T,Total,Y25-29,From 25 to 29 years,RO,Romania,2010,2010,1313891.0
A,Annual,NR,Number,T,Total,Y25-29,From 25 to 29 years,RO,Romania,2011,2011,1305210.0
A,Annual,NR,Number,T,Total,Y25-29,From 25 to 29 years,RO,Romania,2012,2012,1308510.0
A,Annual,NR,Number,T,Total,Y25-29,From 25 to 29 years,RO,Romania,2013,2013,1344539.0
A,Annual,NR,Number,T,Total,Y25-29,From 25 to 29 years,RO,Romania,2014,2014,1392410.0
A,Annual,NR,Number,T,Total,Y25-29,From 25 to 29 years,RO,Romania,2015,2015,1405491.0
A,Annual,NR,Number,T,Total,Y25-29,From 25 to 29 years,RO,Romania,2016,2016,1357276.0
A,Annual,NR,Number,T,Total,Y25-29,From 25 to 29 years,RO,Romania,2017,2017,1291598.0
A,Annual,NR,Number,T,Total,Y25-29,From 25 to 29 years,RO,Romania,2018,2018,1208345.0
A,Annual,NR,Number,T,Total,Y25-29,From 25 to 29 years,RO,Romania,2019,2019,1127138.0
A,Annual,NR,Number,T,Total,Y25-29,From 25 to 29 years,RO,Romania,2020,2020,1054739.0
A,Annual,NR,Number,T,Total,Y25-29,From 25 to 29 years,RO,Romania,2021,2021,1007713.0
A,Annual,NR,Number,T,Total,Y25-29,From 25 to 29 years,RO,Romania,2022,2022,958882.0
A,Annual,NR,Number,T,Total,Y25-29,From 25 to 29 years,RO,Romania,2023,2023,955404.0
A,Annual,NR,Number,T,Total,Y25-29,From 25 to 29 years,SI,Slovenia,2010,2010,149639.0
A,Annual,NR,Number,T,Total,Y25-29,From 25 to 29 years,SI,Slovenia,2011,2011,145535.0
A,Annual,NR,Number,T,Total,Y25-29,From 25 to 29 years,SI,Slovenia,2012,2012,141362.0
A,Annual,NR,Number,T,Total,Y25-29,From 25 to 29 years,SI,Slovenia,2013,2013,138904.0
A,Annual,NR,Number,T,Total,Y25-29,From 25 to 29 years,SI,Slovenia,2014,2014,136799.0
A,Annual,NR,Number,T,Total,Y25-29,From 25 to 29 years,SI,Slovenia,2015,2015,132790.0
A,Annual,NR,Number,T,Total,Y25-29,From 25 to 29 years,SI,Slovenia,2016,2016,128172.0
A,Annual,NR,Number,T,Total,Y25-29,From 25 to 29 years,SI,Slovenia,2017,2017,123848.0
A,Annual,NR,Number,T,Total,Y25-29,From 25 to 29 years,SI,Slovenia,2018,2018,117900.0
A,Annual,NR,Number,T,Total,Y25-29,From 25 to 29 years,SI,Slovenia,2019,2019,114680.0
A,Annual,NR,Number,T,Total,Y25-29,From 25 to 29 years,SI,Slovenia,2020,2020,113876.0
A,Annual,NR,Number,T,Total,Y25-29,From 25 to 29 years,SI,Slovenia,2021,2021,113005.0
A,Annual,NR,Number,T,Total,Y25-29,From 25 to 29 years,SI,Slovenia,2022,2022,111090.0
A,Annual,NR,Number,T,Total,Y25-29,From 25 to 29 years,SI,Slovenia,2023,2023,111829.0
A,Annual,NR,Number,T,Total,Y25-29,From 25 to 29 years,SK,Slovakia,2010,2010,442919.0
A,Annual,NR,Number,T,Total,Y25-29,From 25 to 29 years,SK,Slovakia,2011,2011,439049.0
A,Annual,NR,Number,T,Total,Y25-29,From 25 to 29 years,SK,Slovakia,2012,2012,435064.0
A,Annual,NR,Number,T,Total,Y25-29,From 25 to 29 years,SK,Slovakia,2013,2013,428493.0
A,Annual,NR,Number,T,Total,Y25-29,From 25 to 29 years,SK,Slovakia,2014,2014,421087.0
A,Annual,NR,Number,T,Total,Y25-29,From 25 to 29 years,SK,Slovakia,2015,2015,412184.0
A,Annual,NR,Number,T,Total,Y25-29,From 25 to 29 years,SK,Slovakia,2016,2016,403717.0
A,Annual,NR,Number,T,Total,Y25-29,From 25 to 29 years,SK,Slovakia,2017,2017,396907.0
A,Annual,NR,Number,T,Total,Y25-29,From 25 to 29 years,SK,Slovakia,2018,2018,388875.0
A,Annual,NR,Number,T,Total,Y25-29,From 25 to 29 years,SK,Slovakia,2019,2019,380385.0
A,Annual,NR,Number,T,Total,Y25-29,From 25 to 29 years,SK,Slovakia,2020,2020,367835.0
A,Annual,NR,Number,T,Total,Y25-29,From 25 to 29 years,SK,Slovakia,2021,2021,350572.0
A,Annual,NR,Number,T,Total,Y25-29,From 25 to 29 years,SK,Slovakia,2022,2022,330470.0
A,Annual,NR,Number,T,Total,Y25-29,From 25 to 29 years,SK,Slovakia,2023,2023,315298.0
A,Annual,NR,Number,T,Total,Y25-29,From 25 to 29 years,FI,Finland,2010,2010,344634.0
A,Annual,NR,Number,T,Total,Y25-29,From 25 to 29 years,FI,Finland,2011,2011,346063.0
A,Annual,NR,Number,T,Total,Y25-29,From 25 to 29 years,FI,Finland,2012,2012,345438.0
A,Annual,NR,Number,T,Total,Y25-29,From 25 to 29 years,FI,Finland,2013,2013,341295.0
A,Annual,NR,Number,T,Total,Y25-29,From 25 to 29 years,FI,Finland,2014,2014,339934.0
A,Annual,NR,Number,T,Total,Y25-29,From 25 to 29 years,FI,Finland,2015,2015,339565.0
A,Annual,NR,Number,T,Total,Y25-29,From 25 to 29 years,FI,Finland,2016,2016,342528.0
A,Annual,NR,Number,T,Total,Y25-29,From 25 to 29 years,FI,Finland,2017,2017,347839.0
A,Annual,NR,Number,T,Total,Y25-29,From 25 to 29 years,FI,Finland,2018,2018,354325.0
A,Annual,NR,Number,T,Total,Y25-29,From 25 to 29 years,FI,Finland,2019,2019,354872.0
A,Annual,NR,Number,T,Total,Y25-29,From 25 to 29 years,FI,Finland,2020,2020,355685.0
A,Annual,NR,Number,T,Total,Y25-29,From 25 to 29 years,FI,Finland,2021,2021,352990.0
A,Annual,NR,Number,T,Total,Y25-29,From 25 to 29 years,FI,Finland,2022,2022,349251.0
A,Annual,NR,Number,T,Total,Y25-29,From 25 to 29 years,FI,Finland,2023,2023,344950.0
A,Annual,NR,Number,T,Total,Y25-29,From 25 to 29 years,SE,Sweden,2010,2010,571759.0
A,Annual,NR,Number,T,Total,Y25-29,From 25 to 29 years,SE,Sweden,2011,2011,581923.0
A,Annual,NR,Number,T,Total,Y25-29,From 25 to 29 years,SE,Sweden,2012,2012,595136.0
A,Annual,NR,Number,T,Total,Y25-29,From 25 to 29 years,SE,Sweden,2013,2013,609060.0
A,Annual,NR,Number,T,Total,Y25-29,From 25 to 29 years,SE,Sweden,2014,2014,631255.0
A,Annual,NR,Number,T,Total,Y25-29,From 25 to 29 years,SE,Sweden,2015,2015,655755.0
A,Annual,NR,Number,T,Total,Y25-29,From 25 to 29 years,SE,Sweden,2016,2016,682413.0
A,Annual,NR,Number,T,Total,Y25-29,From 25 to 29 years,SE,Sweden,2017,2017,711687.0
A,Annual,NR,Number,T,Total,Y25-29,From 25 to 29 years,SE,Sweden,2018,2018,734003.0
A,Annual,NR,Number,T,Total,Y25-29,From 25 to 29 years,SE,Sweden,2019,2019,741322.0
A,Annual,NR,Number,T,Total,Y25-29,From 25 to 29 years,SE,Sweden,2020,2020,739696.0
A,Annual,NR,Number,T,Total,Y25-29,From 25 to 29 years,SE,Sweden,2021,2021,717759.0
A,Annual,NR,Number,T,Total,Y25-29,From 25 to 29 years,SE,Sweden,2022,2022,692315.0
A,Annual,NR,Number,T,Total,Y25-29,From 25 to 29 years,SE,Sweden,2023,2023,666652.0
A,Annual,NR,Number,T,Total,Y30-34,From 30 to 34 years,BE,Belgium,2010,2010,698056.0
A,Annual,NR,Number,T,Total,Y30-34,From 30 to 34 years,BE,Belgium,2011,2011,722935.0
A,Annual,NR,Number,T,Total,Y30-34,From 30 to 34 years,BE,Belgium,2012,2012,731968.0
A,Annual,NR,Number,T,Total,Y30-34,From 30 to 34 years,BE,Belgium,2013,2013,737788.0
A,Annual,NR,Number,T,Total,Y30-34,From 30 to 34 years,BE,Belgium,2014,2014,736260.0
A,Annual,NR,Number,T,Total,Y30-34,From 30 to 34 years,BE,Belgium,2015,2015,733730.0
A,Annual,NR,Number,T,Total,Y30-34,From 30 to 34 years,BE,Belgium,2016,2016,730150.0
A,Annual,NR,Number,T,Total,Y30-34,From 30 to 34 years,BE,Belgium,2017,2017,727461.0
A,Annual,NR,Number,T,Total,Y30-34,From 30 to 34 years,BE,Belgium,2018,2018,728549.0
A,Annual,NR,Number,T,Total,Y30-34,From 30 to 34 years,BE,Belgium,2019,2019,736780.0
A,Annual,NR,Number,T,Total,Y30-34,From 30 to 34 years,BE,Belgium,2020,2020,747537.0
A,Annual,NR,Number,T,Total,Y30-34,From 30 to 34 years,BE,Belgium,2021,2021,759805.0
A,Annual,NR,Number,T,Total,Y30-34,From 30 to 34 years,BE,Belgium,2022,2022,769700.0
A,Annual,NR,Number,T,Total,Y30-34,From 30 to 34 years,BE,Belgium,2023,2023,786123.0
A,Annual,NR,Number,T,Total,Y30-34,From 30 to 34 years,BG,Bulgaria,2010,2010,550937.0
A,Annual,NR,Number,T,Total,Y30-34,From 30 to 34 years,BG,Bulgaria,2011,2011,535323.0
A,Annual,NR,Number,T,Total,Y30-34,From 30 to 34 years,BG,Bulgaria,2012,2012,520808.0
A,Annual,NR,Number,T,Total,Y30-34,From 30 to 34 years,BG,Bulgaria,2013,2013,495723.0
A,Annual,NR,Number,T,Total,Y30-34,From 30 to 34 years,BG,Bulgaria,2014,2014,480387.0
A,Annual,NR,Number,T,Total,Y30-34,From 30 to 34 years,BG,Bulgaria,2015,2015,468397.0
A,Annual,NR,Number,T,Total,Y30-34,From 30 to 34 years,BG,Bulgaria,2016,2016,453950.0
A,Annual,NR,Number,T,Total,Y30-34,From 30 to 34 years,BG,Bulgaria,2017,2017,445786.0
A,Annual,NR,Number,T,Total,Y30-34,From 30 to 34 years,BG,Bulgaria,2018,2018,436554.0
A,Annual,NR,Number,T,Total,Y30-34,From 30 to 34 years,BG,Bulgaria,2019,2019,428157.0
A,Annual,NR,Number,T,Total,Y30-34,From 30 to 34 years,BG,Bulgaria,2020,2020,417228.0
A,Annual,NR,Number,T,Total,Y30-34,From 30 to 34 years,BG,Bulgaria,2021,2021,415327.0
A,Annual,NR,Number,T,Total,Y30-34,From 30 to 34 years,BG,Bulgaria,2022,2022,397140.0
A,Annual,NR,Number,T,Total,Y30-34,From 30 to 34 years,BG,Bulgaria,2023,2023,382108.0
A,Annual,NR,Number,T,Total,Y30-34,From 30 to 34 years,CZ,Czechia,2010,2010,918506.0
A,Annual,NR,Number,T,Total,Y30-34,From 30 to 34 years,CZ,Czechia,2011,2011,884672.0
A,Annual,NR,Number,T,Total,Y30-34,From 30 to 34 years,CZ,Czechia,2012,2012,847314.0
A,Annual,NR,Number,T,Total,Y30-34,From 30 to 34 years,CZ,Czechia,2013,2013,813113.0
A,Annual,NR,Number,T,Total,Y30-34,From 30 to 34 years,CZ,Czechia,2014,2014,776816.0
A,Annual,NR,Number,T,Total,Y30-34,From 30 to 34 years,CZ,Czechia,2015,2015,749002.0
A,Annual,NR,Number,T,Total,Y30-34,From 30 to 34 years,CZ,Czechia,2016,2016,736368.0
A,Annual,NR,Number,T,Total,Y30-34,From 30 to 34 years,CZ,Czechia,2017,2017,730407.0
A,Annual,NR,Number,T,Total,Y30-34,From 30 to 34 years,CZ,Czechia,2018,2018,724445.0
A,Annual,NR,Number,T,Total,Y30-34,From 30 to 34 years,CZ,Czechia,2019,2019,725191.0
A,Annual,NR,Number,T,Total,Y30-34,From 30 to 34 years,CZ,Czechia,2020,2020,722127.0
A,Annual,NR,Number,T,Total,Y30-34,From 30 to 34 years,CZ,Czechia,2021,2021,682148.0
A,Annual,NR,Number,T,Total,Y30-34,From 30 to 34 years,CZ,Czechia,2022,2022,686013.0
A,Annual,NR,Number,T,Total,Y30-34,From 30 to 34 years,CZ,Czechia,2023,2023,708778.0
A,Annual,NR,Number,T,Total,Y30-34,From 30 to 34 years,DK,Denmark,2010,2010,353369.0
A,Annual,NR,Number,T,Total,Y30-34,From 30 to 34 years,DK,Denmark,2011,2011,342593.0
A,Annual,NR,Number,T,Total,Y30-34,From 30 to 34 years,DK,Denmark,2012,2012,333621.0
A,Annual,NR,Number,T,Total,Y30-34,From 30 to 34 years,DK,Denmark,2013,2013,328063.0
A,Annual,NR,Number,T,Total,Y30-34,From 30 to 34 years,DK,Denmark,2014,2014,321890.0
A,Annual,NR,Number,T,Total,Y30-34,From 30 to 34 years,DK,Denmark,2015,2015,319869.0
A,Annual,NR,Number,T,Total,Y30-34,From 30 to 34 years,DK,Denmark,2016,2016,323168.0
A,Annual,NR,Number,T,Total,Y30-34,From 30 to 34 years,DK,Denmark,2017,2017,330546.0
A,Annual,NR,Number,T,Total,Y30-34,From 30 to 34 years,DK,Denmark,2018,2018,337657.0
A,Annual,NR,Number,T,Total,Y30-34,From 30 to 34 years,DK,Denmark,2019,2019,348274.0
A,Annual,NR,Number,T,Total,Y30-34,From 30 to 34 years,DK,Denmark,2020,2020,358346.0
A,Annual,NR,Number,T,Total,Y30-34,From 30 to 34 years,DK,Denmark,2021,2021,368467.0
A,Annual,NR,Number,T,Total,Y30-34,From 30 to 34 years,DK,Denmark,2022,2022,378954.0
A,Annual,NR,Number,T,Total,Y30-34,From 30 to 34 years,DK,Denmark,2023,2023,395334.0
A,Annual,NR,Number,T,Total,Y30-34,From 30 to 34 years,DE,Germany,2010,2010,4731257.0
A,Annual,NR,Number,T,Total,Y30-34,From 30 to 34 years,DE,Germany,2011,2011,4705864.0
A,Annual,NR,Number,T,Total,Y30-34,From 30 to 34 years,DE,Germany,2012,2012,4809954.0
A,Annual,NR,Number,T,Total,Y30-34,From 30 to 34 years,DE,Germany,2013,2013,4915126.0
A,Annual,NR,Number,T,Total,Y30-34,From 30 to 34 years,DE,Germany,2014,2014,4995969.0
A,Annual,NR,Number,T,Total,Y30-34,From 30 to 34 years,DE,Germany,2015,2015,5074081.0
A,Annual,NR,Number,T,Total,Y30-34,From 30 to 34 years,DE,Germany,2016,2016,5167860.0
A,Annual,NR,Number,T,Total,Y30-34,From 30 to 34 years,DE,Germany,2017,2017,5221075.0
A,Annual,NR,Number,T,Total,Y30-34,From 30 to 34 years,DE,Germany,2018,2018,5290252.0
A,Annual,NR,Number,T,Total,Y30-34,From 30 to 34 years,DE,Germany,2019,2019,5409029.0
A,Annual,NR,Number,T,Total,Y30-34,From 30 to 34 years,DE,Germany,2020,2020,5495720.0
A,Annual,NR,Number,T,Total,Y30-34,From 30 to 34 years,DE,Germany,2021,2021,5581088.0
A,Annual,NR,Number,T,Total,Y30-34,From 30 to 34 years,DE,Germany,2022,2022,5553604.0
A,Annual,NR,Number,T,Total,Y30-34,From 30 to 34 years,DE,Germany,2023,2023,5449752.0
A,Annual,NR,Number,T,Total,Y30-34,From 30 to 34 years,EE,Estonia,2010,2010,92290.0
A,Annual,NR,Number,T,Total,Y30-34,From 30 to 34 years,EE,Estonia,2011,2011,91620.0
A,Annual,NR,Number,T,Total,Y30-34,From 30 to 34 years,EE,Estonia,2012,2012,91046.0
A,Annual,NR,Number,T,Total,Y30-34,From 30 to 34 years,EE,Estonia,2013,2013,90681.0
A,Annual,NR,Number,T,Total,Y30-34,From 30 to 34 years,EE,Estonia,2014,2014,91694.0
A,Annual,NR,Number,T,Total,Y30-34,From 30 to 34 years,EE,Estonia,2015,2015,92841.0
A,Annual,NR,Number,T,Total,Y30-34,From 30 to 34 years,EE,Estonia,2016,2016,94283.0
A,Annual,NR,Number,T,Total,Y30-34,From 30 to 34 years,EE,Estonia,2017,2017,95273.0
A,Annual,NR,Number,T,Total,Y30-34,From 30 to 34 years,EE,Estonia,2018,2018,97528.0
A,Annual,NR,Number,T,Total,Y30-34,From 30 to 34 years,EE,Estonia,2019,2019,99574.0
A,Annual,NR,Number,T,Total,Y30-34,From 30 to 34 years,EE,Estonia,2020,2020,101265.0
A,Annual,NR,Number,T,Total,Y30-34,From 30 to 34 years,EE,Estonia,2021,2021,101682.0
A,Annual,NR,Number,T,Total,Y30-34,From 30 to 34 years,EE,Estonia,2022,2022,100253.0
A,Annual,NR,Number,T,Total,Y30-34,From 30 to 34 years,EE,Estonia,2023,2023,100657.0
A,Annual,NR,Number,T,Total,Y30-34,From 30 to 34 years,IE,Ireland,2010,2010,376630.0
A,Annual,NR,Number,T,Total,Y30-34,From 30 to 34 years,IE,Ireland,2011,2011,387123.0
A,Annual,NR,Number,T,Total,Y30-34,From 30 to 34 years,IE,Ireland,2012,2012,393954.0
A,Annual,NR,Number,T,Total,Y30-34,From 30 to 34 years,IE,Ireland,2013,2013,392130.0
A,Annual,NR,Number,T,Total,Y30-34,From 30 to 34 years,IE,Ireland,2014,2014,385021.0
A,Annual,NR,Number,T,Total,Y30-34,From 30 to 34 years,IE,Ireland,2015,2015,372431.0
A,Annual,NR,Number,T,Total,Y30-34,From 30 to 34 years,IE,Ireland,2016,2016,362424.0
A,Annual,NR,Number,T,Total,Y30-34,From 30 to 34 years,IE,Ireland,2017,2017,352280.0
A,Annual,NR,Number,T,Total,Y30-34,From 30 to 34 years,IE,Ireland,2018,2018,339626.0
A,Annual,NR,Number,T,Total,Y30-34,From 30 to 34 years,IE,Ireland,2019,2019,334797.0
A,Annual,NR,Number,T,Total,Y30-34,From 30 to 34 years,IE,Ireland,2020,2020,331441.0
A,Annual,NR,Number,T,Total,Y30-34,From 30 to 34 years,IE,Ireland,2021,2021,331302.0
A,Annual,NR,Number,T,Total,Y30-34,From 30 to 34 years,IE,Ireland,2022,2022,334108.0
A,Annual,NR,Number,T,Total,Y30-34,From 30 to 34 years,IE,Ireland,2023,2023,339309.0
A,Annual,NR,Number,T,Total,Y30-34,From 30 to 34 years,EL,Greece,2010,2010,849638.0
A,Annual,NR,Number,T,Total,Y30-34,From 30 to 34 years,EL,Greece,2012,2012,836136.0
A,Annual,NR,Number,T,Total,Y30-34,From 30 to 34 years,EL,Greece,2013,2013,817314.0
A,Annual,NR,Number,T,Total,Y30-34,From 30 to 34 years,EL,Greece,2014,2014,790277.0
A,Annual,NR,Number,T,Total,Y30-34,From 30 to 34 years,EL,Greece,2015,2015,755695.0
A,Annual,NR,Number,T,Total,Y30-34,From 30 to 34 years,EL,Greece,2016,2016,714526.0
A,Annual,NR,Number,T,Total,Y30-34,From 30 to 34 years,EL,Greece,2017,2017,681108.0
A,Annual,NR,Number,T,Total,Y30-34,From 30 to 34 years,EL,Greece,2018,2018,646119.0
A,Annual,NR,Number,T,Total,Y30-34,From 30 to 34 years,EL,Greece,2019,2019,620728.0
A,Annual,NR,Number,T,Total,Y30-34,From 30 to 34 years,EL,Greece,2020,2020,600947.0
A,Annual,NR,Number,T,Total,Y30-34,From 30 to 34 years,EL,Greece,2021,2021,585192.0
A,Annual,NR,Number,T,Total,Y30-34,From 30 to 34 years,EL,Greece,2022,2022,568119.0
A,Annual,NR,Number,T,Total,Y30-34,From 30 to 34 years,EL,Greece,2023,2023,557243.0
A,Annual,NR,Number,T,Total,Y30-34,From 30 to 34 years,ES,Spain,2010,2010,4099015.0
A,Annual,NR,Number,T,Total,Y30-34,From 30 to 34 years,ES,Spain,2011,2011,4008886.0
A,Annual,NR,Number,T,Total,Y30-34,From 30 to 34 years,ES,Spain,2012,2012,3869456.0
A,Annual,NR,Number,T,Total,Y30-34,From 30 to 34 years,ES,Spain,2013,2013,3688812.0
A,Annual,NR,Number,T,Total,Y30-34,From 30 to 34 years,ES,Spain,2014,2014,3466353.0
A,Annual,NR,Number,T,Total,Y30-34,From 30 to 34 years,ES,Spain,2015,2015,3285906.0
A,Annual,NR,Number,T,Total,Y30-34,From 30 to 34 years,ES,Spain,2016,2016,3121560.0
A,Annual,NR,Number,T,Total,Y30-34,From 30 to 34 years,ES,Spain,2017,2017,2987591.0
A,Annual,NR,Number,T,Total,Y30-34,From 30 to 34 years,ES,Spain,2018,2018,2884574.0
A,Annual,NR,Number,T,Total,Y30-34,From 30 to 34 years,ES,Spain,2019,2019,2835775.0
A,Annual,NR,Number,T,Total,Y30-34,From 30 to 34 years,ES,Spain,2020,2020,2814068.0
A,Annual,NR,Number,T,Total,Y30-34,From 30 to 34 years,ES,Spain,2021,2021,2781659.0
A,Annual,NR,Number,T,Total,Y30-34,From 30 to 34 years,ES,Spain,2022,2022,2745317.0
A,Annual,NR,Number,T,Total,Y30-34,From 30 to 34 years,ES,Spain,2023,2023,2799479.0
A,Annual,NR,Number,T,Total,Y30-34,From 30 to 34 years,FR,France,2010,2010,3933821.0
A,Annual,NR,Number,T,Total,Y30-34,From 30 to 34 years,FR,France,2011,2011,3993537.0
A,Annual,NR,Number,T,Total,Y30-34,From 30 to 34 years,FR,France,2012,2012,4068574.0
A,Annual,NR,Number,T,Total,Y30-34,From 30 to 34 years,FR,France,2013,2013,4118479.0
A,Annual,NR,Number,T,Total,Y30-34,From 30 to 34 years,FR,France,2014,2014,4143067.0
A,Annual,NR,Number,T,Total,Y30-34,From 30 to 34 years,FR,France,2015,2015,4146270.0
A,Annual,NR,Number,T,Total,Y30-34,From 30 to 34 years,FR,France,2016,2016,4101033.0
A,Annual,NR,Number,T,Total,Y30-34,From 30 to 34 years,FR,France,2017,2017,4078443.0
A,Annual,NR,Number,T,Total,Y30-34,From 30 to 34 years,FR,France,2018,2018,4059532.0
A,Annual,NR,Number,T,Total,Y30-34,From 30 to 34 years,FR,France,2019,2019,4079883.0
A,Annual,NR,Number,T,Total,Y30-34,From 30 to 34 years,FR,France,2020,2020,4092427.0
A,Annual,NR,Number,T,Total,Y30-34,From 30 to 34 years,FR,France,2021,2021,4111392.0
A,Annual,NR,Number,T,Total,Y30-34,From 30 to 34 years,FR,France,2022,2022,4125645.0
A,Annual,NR,Number,T,Total,Y30-34,From 30 to 34 years,FR,France,2023,2023,4123229.0
A,Annual,NR,Number,T,Total,Y30-34,From 30 to 34 years,HR,Croatia,2010,2010,292362.0
A,Annual,NR,Number,T,Total,Y30-34,From 30 to 34 years,HR,Croatia,2011,2011,294714.0
A,Annual,NR,Number,T,Total,Y30-34,From 30 to 34 years,HR,Croatia,2012,2012,295318.0
A,Annual,NR,Number,T,Total,Y30-34,From 30 to 34 years,HR,Croatia,2013,2013,293619.0
A,Annual,NR,Number,T,Total,Y30-34,From 30 to 34 years,HR,Croatia,2014,2014,290557.0
A,Annual,NR,Number,T,Total,Y30-34,From 30 to 34 years,HR,Croatia,2015,2015,285801.0
A,Annual,NR,Number,T,Total,Y30-34,From 30 to 34 years,HR,Croatia,2016,2016,278427.0
A,Annual,NR,Number,T,Total,Y30-34,From 30 to 34 years,HR,Croatia,2017,2017,268183.0
A,Annual,NR,Number,T,Total,Y30-34,From 30 to 34 years,HR,Croatia,2018,2018,255851.0
A,Annual,NR,Number,T,Total,Y30-34,From 30 to 34 years,HR,Croatia,2019,2019,246977.0
A,Annual,NR,Number,T,Total,Y30-34,From 30 to 34 years,HR,Croatia,2020,2020,237839.0
A,Annual,NR,Number,T,Total,Y30-34,From 30 to 34 years,HR,Croatia,2021,2021,230454.0
A,Annual,NR,Number,T,Total,Y30-34,From 30 to 34 years,HR,Croatia,2022,2022,226765.0
A,Annual,NR,Number,T,Total,Y30-34,From 30 to 34 years,HR,Croatia,2023,2023,223629.0
A,Annual,NR,Number,T,Total,Y30-34,From 30 to 34 years,IT,Italy,2010,2010,4114496.0
A,Annual,NR,Number,T,Total,Y30-34,From 30 to 34 years,IT,Italy,2011,2011,3954616.0
A,Annual,NR,Number,T,Total,Y30-34,From 30 to 34 years,IT,Italy,2012,2012,3809575.0
A,Annual,NR,Number,T,Total,Y30-34,From 30 to 34 years,IT,Italy,2013,2013,3721266.0
A,Annual,NR,Number,T,Total,Y30-34,From 30 to 34 years,IT,Italy,2014,2014,3628726.0
A,Annual,NR,Number,T,Total,Y30-34,From 30 to 34 years,IT,Italy,2015,2015,3548205.0
A,Annual,NR,Number,T,Total,Y30-34,From 30 to 34 years,IT,Italy,2016,2016,3480793.0
A,Annual,NR,Number,T,Total,Y30-34,From 30 to 34 years,IT,Italy,2017,2017,3412512.0
A,Annual,NR,Number,T,Total,Y30-34,From 30 to 34 years,IT,Italy,2018,2018,3346272.0
A,Annual,NR,Number,T,Total,Y30-34,From 30 to 34 years,IT,Italy,2019,2019,3320500.0
A,Annual,NR,Number,T,Total,Y30-34,From 30 to 34 years,IT,Italy,2020,2020,3282441.0
A,Annual,NR,Number,T,Total,Y30-34,From 30 to 34 years,IT,Italy,2021,2021,3226146.0
A,Annual,NR,Number,T,Total,Y30-34,From 30 to 34 years,IT,Italy,2022,2022,3211649.0
A,Annual,NR,Number,T,Total,Y30-34,From 30 to 34 years,IT,Italy,2023,2023,3234123.0
A,Annual,NR,Number,T,Total,Y30-34,From 30 to 34 years,CY,Cyprus,2010,2010,60585.0
A,Annual,NR,Number,T,Total,Y30-34,From 30 to 34 years,CY,Cyprus,2011,2011,65275.0
A,Annual,NR,Number,T,Total,Y30-34,From 30 to 34 years,CY,Cyprus,2012,2012,69644.0
A,Annual,NR,Number,T,Total,Y30-34,From 30 to 34 years,CY,Cyprus,2013,2013,70840.0
A,Annual,NR,Number,T,Total,Y30-34,From 30 to 34 years,CY,Cyprus,2014,2014,71348.0
A,Annual,NR,Number,T,Total,Y30-34,From 30 to 34 years,CY,Cyprus,2015,2015,72056.0
A,Annual,NR,Number,T,Total,Y30-34,From 30 to 34 years,CY,Cyprus,2016,2016,72320.0
A,Annual,NR,Number,T,Total,Y30-34,From 30 to 34 years,CY,Cyprus,2017,2017,72414.0
A,Annual,NR,Number,T,Total,Y30-34,From 30 to 34 years,CY,Cyprus,2018,2018,72680.0
A,Annual,NR,Number,T,Total,Y30-34,From 30 to 34 years,CY,Cyprus,2019,2019,72707.0
A,Annual,NR,Number,T,Total,Y30-34,From 30 to 34 years,CY,Cyprus,2020,2020,72922.0
A,Annual,NR,Number,T,Total,Y30-34,From 30 to 34 years,CY,Cyprus,2021,2021,73920.0
A,Annual,NR,Number,T,Total,Y30-34,From 30 to 34 years,CY,Cyprus,2022,2022,74356.0
A,Annual,NR,Number,T,Total,Y30-34,From 30 to 34 years,CY,Cyprus,2023,2023,76912.0
A,Annual,NR,Number,T,Total,Y30-34,From 30 to 34 years,LV,Latvia,2010,2010,140253.0
A,Annual,NR,Number,T,Total,Y30-34,From 30 to 34 years,LV,Latvia,2011,2011,135044.0
A,Annual,NR,Number,T,Total,Y30-34,From 30 to 34 years,LV,Latvia,2012,2012,132353.0
A,Annual,NR,Number,T,Total,Y30-34,From 30 to 34 years,LV,Latvia,2013,2013,132349.0
A,Annual,NR,Number,T,Total,Y30-34,From 30 to 34 years,LV,Latvia,2014,2014,134101.0
A,Annual,NR,Number,T,Total,Y30-34,From 30 to 34 years,LV,Latvia,2015,2015,135861.0
A,Annual,NR,Number,T,Total,Y30-34,From 30 to 34 years,LV,Latvia,2016,2016,137236.0
A,Annual,NR,Number,T,Total,Y30-34,From 30 to 34 years,LV,Latvia,2017,2017,138635.0
A,Annual,NR,Number,T,Total,Y30-34,From 30 to 34 years,LV,Latvia,2018,2018,139806.0
A,Annual,NR,Number,T,Total,Y30-34,From 30 to 34 years,LV,Latvia,2019,2019,139017.0
A,Annual,NR,Number,T,Total,Y30-34,From 30 to 34 years,LV,Latvia,2020,2020,137794.0
A,Annual,NR,Number,T,Total,Y30-34,From 30 to 34 years,LV,Latvia,2021,2021,136375.0
A,Annual,NR,Number,T,Total,Y30-34,From 30 to 34 years,LV,Latvia,2022,2022,132936.0
A,Annual,NR,Number,T,Total,Y30-34,From 30 to 34 years,LV,Latvia,2023,2023,133436.0
A,Annual,NR,Number,T,Total,Y30-34,From 30 to 34 years,LT,Lithuania,2010,2010,201557.0
A,Annual,NR,Number,T,Total,Y30-34,From 30 to 34 years,LT,Lithuania,2011,2011,187704.0
A,Annual,NR,Number,T,Total,Y30-34,From 30 to 34 years,LT,Lithuania,2012,2012,180258.0
A,Annual,NR,Number,T,Total,Y30-34,From 30 to 34 years,LT,Lithuania,2013,2013,178050.0
A,Annual,NR,Number,T,Total,Y30-34,From 30 to 34 years,LT,Lithuania,2014,2014,179717.0
A,Annual,NR,Number,T,Total,Y30-34,From 30 to 34 years,LT,Lithuania,2015,2015,181978.0
A,Annual,NR,Number,T,Total,Y30-34,From 30 to 34 years,LT,Lithuania,2016,2016,183517.0
A,Annual,NR,Number,T,Total,Y30-34,From 30 to 34 years,LT,Lithuania,2017,2017,185054.0
A,Annual,NR,Number,T,Total,Y30-34,From 30 to 34 years,LT,Lithuania,2018,2018,186830.0
A,Annual,NR,Number,T,Total,Y30-34,From 30 to 34 years,LT,Lithuania,2019,2019,186904.0
A,Annual,NR,Number,T,Total,Y30-34,From 30 to 34 years,LT,Lithuania,2020,2020,188922.0
A,Annual,NR,Number,T,Total,Y30-34,From 30 to 34 years,LT,Lithuania,2021,2021,195179.0
A,Annual,NR,Number,T,Total,Y30-34,From 30 to 34 years,LT,Lithuania,2022,2022,196245.0
A,Annual,NR,Number,T,Total,Y30-34,From 30 to 34 years,LT,Lithuania,2023,2023,203721.0
A,Annual,NR,Number,T,Total,Y30-34,From 30 to 34 years,LU,Luxembourg,2010,2010,37333.0
A,Annual,NR,Number,T,Total,Y30-34,From 30 to 34 years,LU,Luxembourg,2011,2011,37859.0
A,Annual,NR,Number,T,Total,Y30-34,From 30 to 34 years,LU,Luxembourg,2012,2012,39697.0
A,Annual,NR,Number,T,Total,Y30-34,From 30 to 34 years,LU,Luxembourg,2013,2013,41105.0
A,Annual,NR,Number,T,Total,Y30-34,From 30 to 34 years,LU,Luxembourg,2014,2014,42118.0
A,Annual,NR,Number,T,Total,Y30-34,From 30 to 34 years,LU,Luxembourg,2015,2015,43355.0
A,Annual,NR,Number,T,Total,Y30-34,From 30 to 34 years,LU,Luxembourg,2016,2016,44401.0
A,Annual,NR,Number,T,Total,Y30-34,From 30 to 34 years,LU,Luxembourg,2017,2017,45453.0
A,Annual,NR,Number,T,Total,Y30-34,From 30 to 34 years,LU,Luxembourg,2018,2018,46272.0
A,Annual,NR,Number,T,Total,Y30-34,From 30 to 34 years,LU,Luxembourg,2019,2019,47863.0
A,Annual,NR,Number,T,Total,Y30-34,From 30 to 34 years,LU,Luxembourg,2020,2020,49433.0
A,Annual,NR,Number,T,Total,Y30-34,From 30 to 34 years,LU,Luxembourg,2021,2021,51050.0
A,Annual,NR,Number,T,Total,Y30-34,From 30 to 34 years,LU,Luxembourg,2022,2022,51920.0
A,Annual,NR,Number,T,Total,Y30-34,From 30 to 34 years,LU,Luxembourg,2023,2023,53755.0
A,Annual,NR,Number,T,Total,Y30-34,From 30 to 34 years,HU,Hungary,2010,2010,851771.0
A,Annual,NR,Number,T,Total,Y30-34,From 30 to 34 years,HU,Hungary,2011,2011,821901.0
A,Annual,NR,Number,T,Total,Y30-34,From 30 to 34 years,HU,Hungary,2012,2012,757549.0
A,Annual,NR,Number,T,Total,Y30-34,From 30 to 34 years,HU,Hungary,2013,2013,717258.0
A,Annual,NR,Number,T,Total,Y30-34,From 30 to 34 years,HU,Hungary,2014,2014,676786.0
A,Annual,NR,Number,T,Total,Y30-34,From 30 to 34 years,HU,Hungary,2015,2015,641685.0
A,Annual,NR,Number,T,Total,Y30-34,From 30 to 34 years,HU,Hungary,2016,2016,623143.0
A,Annual,NR,Number,T,Total,Y30-34,From 30 to 34 years,HU,Hungary,2017,2017,608759.0
A,Annual,NR,Number,T,Total,Y30-34,From 30 to 34 years,HU,Hungary,2018,2018,605273.0
A,Annual,NR,Number,T,Total,Y30-34,From 30 to 34 years,HU,Hungary,2019,2019,610072.0
A,Annual,NR,Number,T,Total,Y30-34,From 30 to 34 years,HU,Hungary,2020,2020,618033.0
A,Annual,NR,Number,T,Total,Y30-34,From 30 to 34 years,HU,Hungary,2021,2021,620204.0
A,Annual,NR,Number,T,Total,Y30-34,From 30 to 34 years,HU,Hungary,2022,2022,626474.0
A,Annual,NR,Number,T,Total,Y30-34,From 30 to 34 years,HU,Hungary,2023,2023,619634.0
A,Annual,NR,Number,T,Total,Y30-34,From 30 to 34 years,MT,Malta,2010,2010,30376.0
A,Annual,NR,Number,T,Total,Y30-34,From 30 to 34 years,MT,Malta,2011,2011,30176.0
A,Annual,NR,Number,T,Total,Y30-34,From 30 to 34 years,MT,Malta,2012,2012,30242.0
A,Annual,NR,Number,T,Total,Y30-34,From 30 to 34 years,MT,Malta,2013,2013,31071.0
A,Annual,NR,Number,T,Total,Y30-34,From 30 to 34 years,MT,Malta,2014,2014,32146.0
A,Annual,NR,Number,T,Total,Y30-34,From 30 to 34 years,MT,Malta,2015,2015,33690.0
A,Annual,NR,Number,T,Total,Y30-34,From 30 to 34 years,MT,Malta,2016,2016,35406.0
A,Annual,NR,Number,T,Total,Y30-34,From 30 to 34 years,MT,Malta,2017,2017,36771.0
A,Annual,NR,Number,T,Total,Y30-34,From 30 to 34 years,MT,Malta,2018,2018,39197.0
A,Annual,NR,Number,T,Total,Y30-34,From 30 to 34 years,MT,Malta,2019,2019,42644.0
A,Annual,NR,Number,T,Total,Y30-34,From 30 to 34 years,MT,Malta,2020,2020,46992.0
A,Annual,NR,Number,T,Total,Y30-34,From 30 to 34 years,MT,Malta,2021,2021,47715.0
A,Annual,NR,Number,T,Total,Y30-34,From 30 to 34 years,MT,Malta,2022,2022,48553.0
A,Annual,NR,Number,T,Total,Y30-34,From 30 to 34 years,MT,Malta,2023,2023,52843.0
A,Annual,NR,Number,T,Total,Y30-34,From 30 to 34 years,NL,Netherlands,2010,2010,999558.0
A,Annual,NR,Number,T,Total,Y30-34,From 30 to 34 years,NL,Netherlands,2011,2011,1004764.0
A,Annual,NR,Number,T,Total,Y30-34,From 30 to 34 years,NL,Netherlands,2012,2012,1009259.0
A,Annual,NR,Number,T,Total,Y30-34,From 30 to 34 years,NL,Netherlands,2013,2013,1009469.0
A,Annual,NR,Number,T,Total,Y30-34,From 30 to 34 years,NL,Netherlands,2014,2014,1006877.0
A,Annual,NR,Number,T,Total,Y30-34,From 30 to 34 years,NL,Netherlands,2015,2015,1012741.0
A,Annual,NR,Number,T,Total,Y30-34,From 30 to 34 years,NL,Netherlands,2016,2016,1017341.0
A,Annual,NR,Number,T,Total,Y30-34,From 30 to 34 years,NL,Netherlands,2017,2017,1032122.0
A,Annual,NR,Number,T,Total,Y30-34,From 30 to 34 years,NL,Netherlands,2018,2018,1052789.0
A,Annual,NR,Number,T,Total,Y30-34,From 30 to 34 years,NL,Netherlands,2019,2019,1076906.0
A,Annual,NR,Number,T,Total,Y30-34,From 30 to 34 years,NL,Netherlands,2020,2020,1102103.0
A,Annual,NR,Number,T,Total,Y30-34,From 30 to 34 years,NL,Netherlands,2021,2021,1126489.0
A,Annual,NR,Number,T,Total,Y30-34,From 30 to 34 years,NL,Netherlands,2022,2022,1148479.0
A,Annual,NR,Number,T,Total,Y30-34,From 30 to 34 years,NL,Netherlands,2023,2023,1182373.0
A,Annual,NR,Number,T,Total,Y30-34,From 30 to 34 years,AT,Austria,2010,2010,526825.0
A,Annual,NR,Number,T,Total,Y30-34,From 30 to 34 years,AT,Austria,2011,2011,529870.0
A,Annual,NR,Number,T,Total,Y30-34,From 30 to 34 years,AT,Austria,2012,2012,541738.0
A,Annual,NR,Number,T,Total,Y30-34,From 30 to 34 years,AT,Austria,2013,2013,556959.0
A,Annual,NR,Number,T,Total,Y30-34,From 30 to 34 years,AT,Austria,2014,2014,570842.0
A,Annual,NR,Number,T,Total,Y30-34,From 30 to 34 years,AT,Austria,2015,2015,585480.0
A,Annual,NR,Number,T,Total,Y30-34,From 30 to 34 years,AT,Austria,2016,2016,596287.0
A,Annual,NR,Number,T,Total,Y30-34,From 30 to 34 years,AT,Austria,2017,2017,598686.0
A,Annual,NR,Number,T,Total,Y30-34,From 30 to 34 years,AT,Austria,2018,2018,598813.0
A,Annual,NR,Number,T,Total,Y30-34,From 30 to 34 years,AT,Austria,2019,2019,603166.0
A,Annual,NR,Number,T,Total,Y30-34,From 30 to 34 years,AT,Austria,2020,2020,607628.0
A,Annual,NR,Number,T,Total,Y30-34,From 30 to 34 years,AT,Austria,2021,2021,613499.0
A,Annual,NR,Number,T,Total,Y30-34,From 30 to 34 years,AT,Austria,2022,2022,621628.0
A,Annual,NR,Number,T,Total,Y30-34,From 30 to 34 years,AT,Austria,2023,2023,635353.0
A,Annual,NR,Number,T,Total,Y30-34,From 30 to 34 years,PL,Poland,2010,2010,3013122.0
A,Annual,NR,Number,T,Total,Y30-34,From 30 to 34 years,PL,Poland,2011,2011,3048517.0
A,Annual,NR,Number,T,Total,Y30-34,From 30 to 34 years,PL,Poland,2012,2012,3052135.0
A,Annual,NR,Number,T,Total,Y30-34,From 30 to 34 years,PL,Poland,2013,2013,3087044.0
A,Annual,NR,Number,T,Total,Y30-34,From 30 to 34 years,PL,Poland,2014,2014,3135528.0
A,Annual,NR,Number,T,Total,Y30-34,From 30 to 34 years,PL,Poland,2015,2015,3153719.0
A,Annual,NR,Number,T,Total,Y30-34,From 30 to 34 years,PL,Poland,2016,2016,3150947.0
A,Annual,NR,Number,T,Total,Y30-34,From 30 to 34 years,PL,Poland,2017,2017,3131458.0
A,Annual,NR,Number,T,Total,Y30-34,From 30 to 34 years,PL,Poland,2018,2018,3061736.0
A,Annual,NR,Number,T,Total,Y30-34,From 30 to 34 years,PL,Poland,2019,2019,2964750.0
A,Annual,NR,Number,T,Total,Y30-34,From 30 to 34 years,PL,Poland,2020,2020,2870306.0
A,Annual,NR,Number,T,Total,Y30-34,From 30 to 34 years,PL,Poland,2021,2021,2675636.0
A,Annual,NR,Number,T,Total,Y30-34,From 30 to 34 years,PL,Poland,2022,2022,2612619.0
A,Annual,NR,Number,T,Total,Y30-34,From 30 to 34 years,PL,Poland,2023,2023,2545843.0
A,Annual,NR,Number,T,Total,Y30-34,From 30 to 34 years,PT,Portugal,2010,2010,806957.0
A,Annual,NR,Number,T,Total,Y30-34,From 30 to 34 years,PT,Portugal,2011,2011,781969.0
A,Annual,NR,Number,T,Total,Y30-34,From 30 to 34 years,PT,Portugal,2012,2012,747882.0
A,Annual,NR,Number,T,Total,Y30-34,From 30 to 34 years,PT,Portugal,2013,2013,714701.0
A,Annual,NR,Number,T,Total,Y30-34,From 30 to 34 years,PT,Portugal,2014,2014,688140.0
A,Annual,NR,Number,T,Total,Y30-34,From 30 to 34 years,PT,Portugal,2015,2015,665173.0
A,Annual,NR,Number,T,Total,Y30-34,From 30 to 34 years,PT,Portugal,2016,2016,637280.0
A,Annual,NR,Number,T,Total,Y30-34,From 30 to 34 years,PT,Portugal,2017,2017,612647.0
A,Annual,NR,Number,T,Total,Y30-34,From 30 to 34 years,PT,Portugal,2018,2018,589542.0
A,Annual,NR,Number,T,Total,Y30-34,From 30 to 34 years,PT,Portugal,2019,2019,573673.0
A,Annual,NR,Number,T,Total,Y30-34,From 30 to 34 years,PT,Portugal,2020,2020,563303.0
A,Annual,NR,Number,T,Total,Y30-34,From 30 to 34 years,PT,Portugal,2021,2021,560694.0
A,Annual,NR,Number,T,Total,Y30-34,From 30 to 34 years,PT,Portugal,2022,2022,564506.0
A,Annual,NR,Number,T,Total,Y30-34,From 30 to 34 years,PT,Portugal,2023,2023,578434.0
A,Annual,NR,Number,T,Total,Y30-34,From 30 to 34 years,RO,Romania,2010,2010,1534159.0
A,Annual,NR,Number,T,Total,Y30-34,From 30 to 34 years,RO,Romania,2011,2011,1531331.0
A,Annual,NR,Number,T,Total,Y30-34,From 30 to 34 years,RO,Romania,2012,2012,1514330.0
A,Annual,NR,Number,T,Total,Y30-34,From 30 to 34 years,RO,Romania,2013,2013,1456827.0
A,Annual,NR,Number,T,Total,Y30-34,From 30 to 34 years,RO,Romania,2014,2014,1392326.0
A,Annual,NR,Number,T,Total,Y30-34,From 30 to 34 years,RO,Romania,2015,2015,1342598.0
A,Annual,NR,Number,T,Total,Y30-34,From 30 to 34 years,RO,Romania,2016,2016,1305614.0
A,Annual,NR,Number,T,Total,Y30-34,From 30 to 34 years,RO,Romania,2017,2017,1292143.0
A,Annual,NR,Number,T,Total,Y30-34,From 30 to 34 years,RO,Romania,2018,2018,1315191.0
A,Annual,NR,Number,T,Total,Y30-34,From 30 to 34 years,RO,Romania,2019,2019,1354283.0
A,Annual,NR,Number,T,Total,Y30-34,From 30 to 34 years,RO,Romania,2020,2020,1370847.0
A,Annual,NR,Number,T,Total,Y30-34,From 30 to 34 years,RO,Romania,2021,2021,1334371.0
A,Annual,NR,Number,T,Total,Y30-34,From 30 to 34 years,RO,Romania,2022,2022,1243833.0
A,Annual,NR,Number,T,Total,Y30-34,From 30 to 34 years,RO,Romania,2023,2023,1183910.0
A,Annual,NR,Number,T,Total,Y30-34,From 30 to 34 years,SI,Slovenia,2010,2010,157966.0
A,Annual,NR,Number,T,Total,Y30-34,From 30 to 34 years,SI,Slovenia,2011,2011,158120.0
A,Annual,NR,Number,T,Total,Y30-34,From 30 to 34 years,SI,Slovenia,2012,2012,157452.0
A,Annual,NR,Number,T,Total,Y30-34,From 30 to 34 years,SI,Slovenia,2013,2013,156139.0
A,Annual,NR,Number,T,Total,Y30-34,From 30 to 34 years,SI,Slovenia,2014,2014,153233.0
A,Annual,NR,Number,T,Total,Y30-34,From 30 to 34 years,SI,Slovenia,2015,2015,149276.0
A,Annual,NR,Number,T,Total,Y30-34,From 30 to 34 years,SI,Slovenia,2016,2016,145305.0
A,Annual,NR,Number,T,Total,Y30-34,From 30 to 34 years,SI,Slovenia,2017,2017,140803.0
A,Annual,NR,Number,T,Total,Y30-34,From 30 to 34 years,SI,Slovenia,2018,2018,137904.0
A,Annual,NR,Number,T,Total,Y30-34,From 30 to 34 years,SI,Slovenia,2019,2019,137712.0
A,Annual,NR,Number,T,Total,Y30-34,From 30 to 34 years,SI,Slovenia,2020,2020,136265.0
A,Annual,NR,Number,T,Total,Y30-34,From 30 to 34 years,SI,Slovenia,2021,2021,133642.0
A,Annual,NR,Number,T,Total,Y30-34,From 30 to 34 years,SI,Slovenia,2022,2022,130329.0
A,Annual,NR,Number,T,Total,Y30-34,From 30 to 34 years,SI,Slovenia,2023,2023,126191.0
A,Annual,NR,Number,T,Total,Y30-34,From 30 to 34 years,SK,Slovakia,2010,2010,463316.0
A,Annual,NR,Number,T,Total,Y30-34,From 30 to 34 years,SK,Slovakia,2011,2011,461624.0
A,Annual,NR,Number,T,Total,Y30-34,From 30 to 34 years,SK,Slovakia,2012,2012,457616.0
A,Annual,NR,Number,T,Total,Y30-34,From 30 to 34 years,SK,Slovakia,2013,2013,452961.0
A,Annual,NR,Number,T,Total,Y30-34,From 30 to 34 years,SK,Slovakia,2014,2014,445921.0
A,Annual,NR,Number,T,Total,Y30-34,From 30 to 34 years,SK,Slovakia,2015,2015,438999.0
A,Annual,NR,Number,T,Total,Y30-34,From 30 to 34 years,SK,Slovakia,2016,2016,436748.0
A,Annual,NR,Number,T,Total,Y30-34,From 30 to 34 years,SK,Slovakia,2017,2017,432619.0
A,Annual,NR,Number,T,Total,Y30-34,From 30 to 34 years,SK,Slovakia,2018,2018,426491.0
A,Annual,NR,Number,T,Total,Y30-34,From 30 to 34 years,SK,Slovakia,2019,2019,420036.0
A,Annual,NR,Number,T,Total,Y30-34,From 30 to 34 years,SK,Slovakia,2020,2020,411370.0
A,Annual,NR,Number,T,Total,Y30-34,From 30 to 34 years,SK,Slovakia,2021,2021,403000.0
A,Annual,NR,Number,T,Total,Y30-34,From 30 to 34 years,SK,Slovakia,2022,2022,394503.0
A,Annual,NR,Number,T,Total,Y30-34,From 30 to 34 years,SK,Slovakia,2023,2023,386022.0
A,Annual,NR,Number,T,Total,Y30-34,From 30 to 34 years,FI,Finland,2010,2010,337970.0
A,Annual,NR,Number,T,Total,Y30-34,From 30 to 34 years,FI,Finland,2011,2011,339277.0
A,Annual,NR,Number,T,Total,Y30-34,From 30 to 34 years,FI,Finland,2012,2012,340247.0
A,Annual,NR,Number,T,Total,Y30-34,From 30 to 34 years,FI,Finland,2013,2013,344759.0
A,Annual,NR,Number,T,Total,Y30-34,From 30 to 34 years,FI,Finland,2014,2014,350780.0
A,Annual,NR,Number,T,Total,Y30-34,From 30 to 34 years,FI,Finland,2015,2015,355387.0
A,Annual,NR,Number,T,Total,Y30-34,From 30 to 34 years,FI,Finland,2016,2016,356932.0
A,Annual,NR,Number,T,Total,Y30-34,From 30 to 34 years,FI,Finland,2017,2017,356563.0
A,Annual,NR,Number,T,Total,Y30-34,From 30 to 34 years,FI,Finland,2018,2018,352269.0
A,Annual,NR,Number,T,Total,Y30-34,From 30 to 34 years,FI,Finland,2019,2019,350396.0
A,Annual,NR,Number,T,Total,Y30-34,From 30 to 34 years,FI,Finland,2020,2020,350768.0
A,Annual,NR,Number,T,Total,Y30-34,From 30 to 34 years,FI,Finland,2021,2021,355067.0
A,Annual,NR,Number,T,Total,Y30-34,From 30 to 34 years,FI,Finland,2022,2022,361543.0
A,Annual,NR,Number,T,Total,Y30-34,From 30 to 34 years,FI,Finland,2023,2023,372101.0
A,Annual,NR,Number,T,Total,Y30-34,From 30 to 34 years,SE,Sweden,2010,2010,580069.0
A,Annual,NR,Number,T,Total,Y30-34,From 30 to 34 years,SE,Sweden,2011,2011,581869.0
A,Annual,NR,Number,T,Total,Y30-34,From 30 to 34 years,SE,Sweden,2012,2012,585111.0
A,Annual,NR,Number,T,Total,Y30-34,From 30 to 34 years,SE,Sweden,2013,2013,591487.0
A,Annual,NR,Number,T,Total,Y30-34,From 30 to 34 years,SE,Sweden,2014,2014,599989.0
A,Annual,NR,Number,T,Total,Y30-34,From 30 to 34 years,SE,Sweden,2015,2015,609378.0
A,Annual,NR,Number,T,Total,Y30-34,From 30 to 34 years,SE,Sweden,2016,2016,619071.0
A,Annual,NR,Number,T,Total,Y30-34,From 30 to 34 years,SE,Sweden,2017,2017,641176.0
A,Annual,NR,Number,T,Total,Y30-34,From 30 to 34 years,SE,Sweden,2018,2018,662493.0
A,Annual,NR,Number,T,Total,Y30-34,From 30 to 34 years,SE,Sweden,2019,2019,690141.0
A,Annual,NR,Number,T,Total,Y30-34,From 30 to 34 years,SE,Sweden,2020,2020,715891.0
A,Annual,NR,Number,T,Total,Y30-34,From 30 to 34 years,SE,Sweden,2021,2021,739949.0
A,Annual,NR,Number,T,Total,Y30-34,From 30 to 34 years,SE,Sweden,2022,2022,761808.0
A,Annual,NR,Number,T,Total,Y30-34,From 30 to 34 years,SE,Sweden,2023,2023,780805.0
A,Annual,NR,Number,T,Total,Y35-39,From 35 to 39 years,BE,Belgium,2010,2010,747726.0
A,Annual,NR,Number,T,Total,Y35-39,From 35 to 39 years,BE,Belgium,2011,2011,741202.0
A,Annual,NR,Number,T,Total,Y35-39,From 35 to 39 years,BE,Belgium,2012,2012,729589.0
A,Annual,NR,Number,T,Total,Y35-39,From 35 to 39 years,BE,Belgium,2013,2013,723159.0
A,Annual,NR,Number,T,Total,Y35-39,From 35 to 39 years,BE,Belgium,2014,2014,721704.0
A,Annual,NR,Number,T,Total,Y35-39,From 35 to 39 years,BE,Belgium,2015,2015,727252.0
A,Annual,NR,Number,T,Total,Y35-39,From 35 to 39 years,BE,Belgium,2016,2016,740377.0
A,Annual,NR,Number,T,Total,Y35-39,From 35 to 39 years,BE,Belgium,2017,2017,746788.0
A,Annual,NR,Number,T,Total,Y35-39,From 35 to 39 years,BE,Belgium,2018,2018,751232.0
A,Annual,NR,Number,T,Total,Y35-39,From 35 to 39 years,BE,Belgium,2019,2019,751784.0
A,Annual,NR,Number,T,Total,Y35-39,From 35 to 39 years,BE,Belgium,2020,2020,751879.0
A,Annual,NR,Number,T,Total,Y35-39,From 35 to 39 years,BE,Belgium,2021,2021,747556.0
A,Annual,NR,Number,T,Total,Y35-39,From 35 to 39 years,BE,Belgium,2022,2022,748342.0
A,Annual,NR,Number,T,Total,Y35-39,From 35 to 39 years,BE,Belgium,2023,2023,758411.0
A,Annual,NR,Number,T,Total,Y35-39,From 35 to 39 years,BG,Bulgaria,2010,2010,541949.0
A,Annual,NR,Number,T,Total,Y35-39,From 35 to 39 years,BG,Bulgaria,2011,2011,544714.0
A,Annual,NR,Number,T,Total,Y35-39,From 35 to 39 years,BG,Bulgaria,2012,2012,550714.0
A,Annual,NR,Number,T,Total,Y35-39,From 35 to 39 years,BG,Bulgaria,2013,2013,538338.0
A,Annual,NR,Number,T,Total,Y35-39,From 35 to 39 years,BG,Bulgaria,2014,2014,534707.0
A,Annual,NR,Number,T,Total,Y35-39,From 35 to 39 years,BG,Bulgaria,2015,2015,518121.0
A,Annual,NR,Number,T,Total,Y35-39,From 35 to 39 years,BG,Bulgaria,2016,2016,504262.0
A,Annual,NR,Number,T,Total,Y35-39,From 35 to 39 years,BG,Bulgaria,2017,2017,486741.0
A,Annual,NR,Number,T,Total,Y35-39,From 35 to 39 years,BG,Bulgaria,2018,2018,469258.0
A,Annual,NR,Number,T,Total,Y35-39,From 35 to 39 years,BG,Bulgaria,2019,2019,454006.0
A,Annual,NR,Number,T,Total,Y35-39,From 35 to 39 years,BG,Bulgaria,2020,2020,442048.0
A,Annual,NR,Number,T,Total,Y35-39,From 35 to 39 years,BG,Bulgaria,2021,2021,434928.0
A,Annual,NR,Number,T,Total,Y35-39,From 35 to 39 years,BG,Bulgaria,2022,2022,431933.0
A,Annual,NR,Number,T,Total,Y35-39,From 35 to 39 years,BG,Bulgaria,2023,2023,429760.0
A,Annual,NR,Number,T,Total,Y35-39,From 35 to 39 years,CZ,Czechia,2010,2010,842813.0
A,Annual,NR,Number,T,Total,Y35-39,From 35 to 39 years,CZ,Czechia,2011,2011,884494.0
A,Annual,NR,Number,T,Total,Y35-39,From 35 to 39 years,CZ,Czechia,2012,2012,918039.0
A,Annual,NR,Number,T,Total,Y35-39,From 35 to 39 years,CZ,Czechia,2013,2013,936824.0
A,Annual,NR,Number,T,Total,Y35-39,From 35 to 39 years,CZ,Czechia,2014,2014,934397.0
A,Annual,NR,Number,T,Total,Y35-39,From 35 to 39 years,CZ,Czechia,2015,2015,917230.0
A,Annual,NR,Number,T,Total,Y35-39,From 35 to 39 years,CZ,Czechia,2016,2016,885086.0
A,Annual,NR,Number,T,Total,Y35-39,From 35 to 39 years,CZ,Czechia,2017,2017,848689.0
A,Annual,NR,Number,T,Total,Y35-39,From 35 to 39 years,CZ,Czechia,2018,2018,817364.0
A,Annual,NR,Number,T,Total,Y35-39,From 35 to 39 years,CZ,Czechia,2019,2019,786975.0
A,Annual,NR,Number,T,Total,Y35-39,From 35 to 39 years,CZ,Czechia,2020,2020,762998.0
A,Annual,NR,Number,T,Total,Y35-39,From 35 to 39 years,CZ,Czechia,2021,2021,716494.0
A,Annual,NR,Number,T,Total,Y35-39,From 35 to 39 years,CZ,Czechia,2022,2022,714000.0
A,Annual,NR,Number,T,Total,Y35-39,From 35 to 39 years,CZ,Czechia,2023,2023,739429.0
A,Annual,NR,Number,T,Total,Y35-39,From 35 to 39 years,DK,Denmark,2010,2010,387393.0
A,Annual,NR,Number,T,Total,Y35-39,From 35 to 39 years,DK,Denmark,2011,2011,389788.0
A,Annual,NR,Number,T,Total,Y35-39,From 35 to 39 years,DK,Denmark,2012,2012,382415.0
A,Annual,NR,Number,T,Total,Y35-39,From 35 to 39 years,DK,Denmark,2013,2013,371971.0
A,Annual,NR,Number,T,Total,Y35-39,From 35 to 39 years,DK,Denmark,2014,2014,365935.0
A,Annual,NR,Number,T,Total,Y35-39,From 35 to 39 years,DK,Denmark,2015,2015,358865.0
A,Annual,NR,Number,T,Total,Y35-39,From 35 to 39 years,DK,Denmark,2016,2016,350425.0
A,Annual,NR,Number,T,Total,Y35-39,From 35 to 39 years,DK,Denmark,2017,2017,343423.0
A,Annual,NR,Number,T,Total,Y35-39,From 35 to 39 years,DK,Denmark,2018,2018,339008.0
A,Annual,NR,Number,T,Total,Y35-39,From 35 to 39 years,DK,Denmark,2019,2019,332887.0
A,Annual,NR,Number,T,Total,Y35-39,From 35 to 39 years,DK,Denmark,2020,2020,328462.0
A,Annual,NR,Number,T,Total,Y35-39,From 35 to 39 years,DK,Denmark,2021,2021,328212.0
A,Annual,NR,Number,T,Total,Y35-39,From 35 to 39 years,DK,Denmark,2022,2022,334816.0
A,Annual,NR,Number,T,Total,Y35-39,From 35 to 39 years,DK,Denmark,2023,2023,345726.0
A,Annual,NR,Number,T,Total,Y35-39,From 35 to 39 years,DE,Germany,2010,2010,5244072.0
A,Annual,NR,Number,T,Total,Y35-39,From 35 to 39 years,DE,Germany,2011,2011,4818704.0
A,Annual,NR,Number,T,Total,Y35-39,From 35 to 39 years,DE,Germany,2012,2012,4649446.0
A,Annual,NR,Number,T,Total,Y35-39,From 35 to 39 years,DE,Germany,2013,2013,4612016.0
A,Annual,NR,Number,T,Total,Y35-39,From 35 to 39 years,DE,Germany,2014,2014,4669105.0
A,Annual,NR,Number,T,Total,Y35-39,From 35 to 39 years,DE,Germany,2015,2015,4758616.0
A,Annual,NR,Number,T,Total,Y35-39,From 35 to 39 years,DE,Germany,2016,2016,4951744.0
A,Annual,NR,Number,T,Total,Y35-39,From 35 to 39 years,DE,Germany,2017,2017,5058038.0
A,Annual,NR,Number,T,Total,Y35-39,From 35 to 39 years,DE,Germany,2018,2018,5163210.0
A,Annual,NR,Number,T,Total,Y35-39,From 35 to 39 years,DE,Germany,2019,2019,5237416.0
A,Annual,NR,Number,T,Total,Y35-39,From 35 to 39 years,DE,Germany,2020,2020,5289210.0
A,Annual,NR,Number,T,Total,Y35-39,From 35 to 39 years,DE,Germany,2021,2021,5290876.0
A,Annual,NR,Number,T,Total,Y35-39,From 35 to 39 years,DE,Germany,2022,2022,5335194.0
A,Annual,NR,Number,T,Total,Y35-39,From 35 to 39 years,DE,Germany,2023,2023,5458911.0
A,Annual,NR,Number,T,Total,Y35-39,From 35 to 39 years,EE,Estonia,2010,2010,94040.0
A,Annual,NR,Number,T,Total,Y35-39,From 35 to 39 years,EE,Estonia,2011,2011,93040.0
A,Annual,NR,Number,T,Total,Y35-39,From 35 to 39 years,EE,Estonia,2012,2012,91838.0
A,Annual,NR,Number,T,Total,Y35-39,From 35 to 39 years,EE,Estonia,2013,2013,90945.0
A,Annual,NR,Number,T,Total,Y35-39,From 35 to 39 years,EE,Estonia,2014,2014,90268.0
A,Annual,NR,Number,T,Total,Y35-39,From 35 to 39 years,EE,Estonia,2015,2015,89906.0
A,Annual,NR,Number,T,Total,Y35-39,From 35 to 39 years,EE,Estonia,2016,2016,89936.0
A,Annual,NR,Number,T,Total,Y35-39,From 35 to 39 years,EE,Estonia,2017,2017,90052.0
A,Annual,NR,Number,T,Total,Y35-39,From 35 to 39 years,EE,Estonia,2018,2018,90787.0
A,Annual,NR,Number,T,Total,Y35-39,From 35 to 39 years,EE,Estonia,2019,2019,92945.0
A,Annual,NR,Number,T,Total,Y35-39,From 35 to 39 years,EE,Estonia,2020,2020,95087.0
A,Annual,NR,Number,T,Total,Y35-39,From 35 to 39 years,EE,Estonia,2021,2021,96802.0
A,Annual,NR,Number,T,Total,Y35-39,From 35 to 39 years,EE,Estonia,2022,2022,98782.0
A,Annual,NR,Number,T,Total,Y35-39,From 35 to 39 years,EE,Estonia,2023,2023,105172.0
A,Annual,NR,Number,T,Total,Y35-39,From 35 to 39 years,IE,Ireland,2010,2010,357595.0
A,Annual,NR,Number,T,Total,Y35-39,From 35 to 39 years,IE,Ireland,2011,2011,360873.0
A,Annual,NR,Number,T,Total,Y35-39,From 35 to 39 years,IE,Ireland,2012,2012,364651.0
A,Annual,NR,Number,T,Total,Y35-39,From 35 to 39 years,IE,Ireland,2013,2013,366363.0
A,Annual,NR,Number,T,Total,Y35-39,From 35 to 39 years,IE,Ireland,2014,2014,370541.0
A,Annual,NR,Number,T,Total,Y35-39,From 35 to 39 years,IE,Ireland,2015,2015,377485.0
A,Annual,NR,Number,T,Total,Y35-39,From 35 to 39 years,IE,Ireland,2016,2016,386021.0
A,Annual,NR,Number,T,Total,Y35-39,From 35 to 39 years,IE,Ireland,2017,2017,394414.0
A,Annual,NR,Number,T,Total,Y35-39,From 35 to 39 years,IE,Ireland,2018,2018,397968.0
A,Annual,NR,Number,T,Total,Y35-39,From 35 to 39 years,IE,Ireland,2019,2019,400014.0
A,Annual,NR,Number,T,Total,Y35-39,From 35 to 39 years,IE,Ireland,2020,2020,391495.0
A,Annual,NR,Number,T,Total,Y35-39,From 35 to 39 years,IE,Ireland,2021,2021,385102.0
A,Annual,NR,Number,T,Total,Y35-39,From 35 to 39 years,IE,Ireland,2022,2022,384473.0
A,Annual,NR,Number,T,Total,Y35-39,From 35 to 39 years,IE,Ireland,2023,2023,385962.0
A,Annual,NR,Number,T,Total,Y35-39,From 35 to 39 years,EL,Greece,2010,2010,848304.0
A,Annual,NR,Number,T,Total,Y35-39,From 35 to 39 years,EL,Greece,2012,2012,838592.0
A,Annual,NR,Number,T,Total,Y35-39,From 35 to 39 years,EL,Greece,2013,2013,829428.0
A,Annual,NR,Number,T,Total,Y35-39,From 35 to 39 years,EL,Greece,2014,2014,824223.0
A,Annual,NR,Number,T,Total,Y35-39,From 35 to 39 years,EL,Greece,2015,2015,817533.0
A,Annual,NR,Number,T,Total,Y35-39,From 35 to 39 years,EL,Greece,2016,2016,811205.0
A,Annual,NR,Number,T,Total,Y35-39,From 35 to 39 years,EL,Greece,2017,2017,800143.0
A,Annual,NR,Number,T,Total,Y35-39,From 35 to 39 years,EL,Greece,2018,2018,788073.0
A,Annual,NR,Number,T,Total,Y35-39,From 35 to 39 years,EL,Greece,2019,2019,770366.0
A,Annual,NR,Number,T,Total,Y35-39,From 35 to 39 years,EL,Greece,2020,2020,745274.0
A,Annual,NR,Number,T,Total,Y35-39,From 35 to 39 years,EL,Greece,2021,2021,712510.0
A,Annual,NR,Number,T,Total,Y35-39,From 35 to 39 years,EL,Greece,2022,2022,680191.0
A,Annual,NR,Number,T,Total,Y35-39,From 35 to 39 years,EL,Greece,2023,2023,646517.0
A,Annual,NR,Number,T,Total,Y35-39,From 35 to 39 years,ES,Spain,2010,2010,3998273.0
A,Annual,NR,Number,T,Total,Y35-39,From 35 to 39 years,ES,Spain,2011,2011,4049367.0
A,Annual,NR,Number,T,Total,Y35-39,From 35 to 39 years,ES,Spain,2012,2012,4091220.0
A,Annual,NR,Number,T,Total,Y35-39,From 35 to 39 years,ES,Spain,2013,2013,4078710.0
A,Annual,NR,Number,T,Total,Y35-39,From 35 to 39 years,ES,Spain,2014,2014,4037967.0
A,Annual,NR,Number,T,Total,Y35-39,From 35 to 39 years,ES,Spain,2015,2015,3958989.0
A,Annual,NR,Number,T,Total,Y35-39,From 35 to 39 years,ES,Spain,2016,2016,3864749.0
A,Annual,NR,Number,T,Total,Y35-39,From 35 to 39 years,ES,Spain,2017,2017,3739779.0
A,Annual,NR,Number,T,Total,Y35-39,From 35 to 39 years,ES,Spain,2018,2018,3609658.0
A,Annual,NR,Number,T,Total,Y35-39,From 35 to 39 years,ES,Spain,2019,2019,3476449.0
A,Annual,NR,Number,T,Total,Y35-39,From 35 to 39 years,ES,Spain,2020,2020,3372562.0
A,Annual,NR,Number,T,Total,Y35-39,From 35 to 39 years,ES,Spain,2021,2021,3249877.0
A,Annual,NR,Number,T,Total,Y35-39,From 35 to 39 years,ES,Spain,2022,2022,3128161.0
A,Annual,NR,Number,T,Total,Y35-39,From 35 to 39 years,ES,Spain,2023,2023,3085598.0
A,Annual,NR,Number,T,Total,Y35-39,From 35 to 39 years,FR,France,2010,2010,4512159.0
A,Annual,NR,Number,T,Total,Y35-39,From 35 to 39 years,FR,France,2011,2011,4418575.0
A,Annual,NR,Number,T,Total,Y35-39,From 35 to 39 years,FR,France,2012,2012,4285424.0
A,Annual,NR,Number,T,Total,Y35-39,From 35 to 39 years,FR,France,2013,2013,4169742.0
A,Annual,NR,Number,T,Total,Y35-39,From 35 to 39 years,FR,France,2014,2014,4087317.0
A,Annual,NR,Number,T,Total,Y35-39,From 35 to 39 years,FR,France,2015,2015,4053739.0
A,Annual,NR,Number,T,Total,Y35-39,From 35 to 39 years,FR,France,2016,2016,4110698.0
A,Annual,NR,Number,T,Total,Y35-39,From 35 to 39 years,FR,France,2017,2017,4184460.0
A,Annual,NR,Number,T,Total,Y35-39,From 35 to 39 years,FR,France,2018,2018,4239440.0
A,Annual,NR,Number,T,Total,Y35-39,From 35 to 39 years,FR,France,2019,2019,4250067.0
A,Annual,NR,Number,T,Total,Y35-39,From 35 to 39 years,FR,France,2020,2020,4251356.0
A,Annual,NR,Number,T,Total,Y35-39,From 35 to 39 years,FR,France,2021,2021,4235320.0
A,Annual,NR,Number,T,Total,Y35-39,From 35 to 39 years,FR,France,2022,2022,4248626.0
A,Annual,NR,Number,T,Total,Y35-39,From 35 to 39 years,FR,France,2023,2023,4242623.0
A,Annual,NR,Number,T,Total,Y35-39,From 35 to 39 years,HR,Croatia,2010,2010,281791.0
A,Annual,NR,Number,T,Total,Y35-39,From 35 to 39 years,HR,Croatia,2011,2011,284184.0
A,Annual,NR,Number,T,Total,Y35-39,From 35 to 39 years,HR,Croatia,2012,2012,284560.0
A,Annual,NR,Number,T,Total,Y35-39,From 35 to 39 years,HR,Croatia,2013,2013,284466.0
A,Annual,NR,Number,T,Total,Y35-39,From 35 to 39 years,HR,Croatia,2014,2014,284344.0
A,Annual,NR,Number,T,Total,Y35-39,From 35 to 39 years,HR,Croatia,2015,2015,284691.0
A,Annual,NR,Number,T,Total,Y35-39,From 35 to 39 years,HR,Croatia,2016,2016,283814.0
A,Annual,NR,Number,T,Total,Y35-39,From 35 to 39 years,HR,Croatia,2017,2017,280393.0
A,Annual,NR,Number,T,Total,Y35-39,From 35 to 39 years,HR,Croatia,2018,2018,274634.0
A,Annual,NR,Number,T,Total,Y35-39,From 35 to 39 years,HR,Croatia,2019,2019,269900.0
A,Annual,NR,Number,T,Total,Y35-39,From 35 to 39 years,HR,Croatia,2020,2020,265865.0
A,Annual,NR,Number,T,Total,Y35-39,From 35 to 39 years,HR,Croatia,2021,2021,259664.0
A,Annual,NR,Number,T,Total,Y35-39,From 35 to 39 years,HR,Croatia,2022,2022,254062.0
A,Annual,NR,Number,T,Total,Y35-39,From 35 to 39 years,HR,Croatia,2023,2023,250617.0
A,Annual,NR,Number,T,Total,Y35-39,From 35 to 39 years,IT,Italy,2010,2010,4718939.0
A,Annual,NR,Number,T,Total,Y35-39,From 35 to 39 years,IT,Italy,2011,2011,4689885.0
A,Annual,NR,Number,T,Total,Y35-39,From 35 to 39 years,IT,Italy,2012,2012,4601481.0
A,Annual,NR,Number,T,Total,Y35-39,From 35 to 39 years,IT,Italy,2013,2013,4499274.0
A,Annual,NR,Number,T,Total,Y35-39,From 35 to 39 years,IT,Italy,2014,2014,4374615.0
A,Annual,NR,Number,T,Total,Y35-39,From 35 to 39 years,IT,Italy,2015,2015,4189436.0
A,Annual,NR,Number,T,Total,Y35-39,From 35 to 39 years,IT,Italy,2016,2016,4019133.0
A,Annual,NR,Number,T,Total,Y35-39,From 35 to 39 years,IT,Italy,2017,2017,3872779.0
A,Annual,NR,Number,T,Total,Y35-39,From 35 to 39 years,IT,Italy,2018,2018,3758255.0
A,Annual,NR,Number,T,Total,Y35-39,From 35 to 39 years,IT,Italy,2019,2019,3654733.0
A,Annual,NR,Number,T,Total,Y35-39,From 35 to 39 years,IT,Italy,2020,2020,3572191.0
A,Annual,NR,Number,T,Total,Y35-39,From 35 to 39 years,IT,Italy,2021,2021,3483252.0
A,Annual,NR,Number,T,Total,Y35-39,From 35 to 39 years,IT,Italy,2022,2022,3412872.0
A,Annual,NR,Number,T,Total,Y35-39,From 35 to 39 years,IT,Italy,2023,2023,3366663.0
A,Annual,NR,Number,T,Total,Y35-39,From 35 to 39 years,CY,Cyprus,2010,2010,58444.0
A,Annual,NR,Number,T,Total,Y35-39,From 35 to 39 years,CY,Cyprus,2011,2011,59464.0
A,Annual,NR,Number,T,Total,Y35-39,From 35 to 39 years,CY,Cyprus,2012,2012,62236.0
A,Annual,NR,Number,T,Total,Y35-39,From 35 to 39 years,CY,Cyprus,2013,2013,61187.0
A,Annual,NR,Number,T,Total,Y35-39,From 35 to 39 years,CY,Cyprus,2014,2014,60838.0
A,Annual,NR,Number,T,Total,Y35-39,From 35 to 39 years,CY,Cyprus,2015,2015,61837.0
A,Annual,NR,Number,T,Total,Y35-39,From 35 to 39 years,CY,Cyprus,2016,2016,64837.0
A,Annual,NR,Number,T,Total,Y35-39,From 35 to 39 years,CY,Cyprus,2017,2017,66656.0
A,Annual,NR,Number,T,Total,Y35-39,From 35 to 39 years,CY,Cyprus,2018,2018,68975.0
A,Annual,NR,Number,T,Total,Y35-39,From 35 to 39 years,CY,Cyprus,2019,2019,71537.0
A,Annual,NR,Number,T,Total,Y35-39,From 35 to 39 years,CY,Cyprus,2020,2020,73344.0
A,Annual,NR,Number,T,Total,Y35-39,From 35 to 39 years,CY,Cyprus,2021,2021,75012.0
A,Annual,NR,Number,T,Total,Y35-39,From 35 to 39 years,CY,Cyprus,2022,2022,76824.0
A,Annual,NR,Number,T,Total,Y35-39,From 35 to 39 years,CY,Cyprus,2023,2023,79312.0
A,Annual,NR,Number,T,Total,Y35-39,From 35 to 39 years,LV,Latvia,2010,2010,147049.0
A,Annual,NR,Number,T,Total,Y35-39,From 35 to 39 years,LV,Latvia,2011,2011,142973.0
A,Annual,NR,Number,T,Total,Y35-39,From 35 to 39 years,LV,Latvia,2012,2012,138898.0
A,Annual,NR,Number,T,Total,Y35-39,From 35 to 39 years,LV,Latvia,2013,2013,135424.0
A,Annual,NR,Number,T,Total,Y35-39,From 35 to 39 years,LV,Latvia,2014,2014,132003.0
A,Annual,NR,Number,T,Total,Y35-39,From 35 to 39 years,LV,Latvia,2015,2015,129127.0
A,Annual,NR,Number,T,Total,Y35-39,From 35 to 39 years,LV,Latvia,2016,2016,126836.0
A,Annual,NR,Number,T,Total,Y35-39,From 35 to 39 years,LV,Latvia,2017,2017,125024.0
A,Annual,NR,Number,T,Total,Y35-39,From 35 to 39 years,LV,Latvia,2018,2018,125015.0
A,Annual,NR,Number,T,Total,Y35-39,From 35 to 39 years,LV,Latvia,2019,2019,127927.0
A,Annual,NR,Number,T,Total,Y35-39,From 35 to 39 years,LV,Latvia,2020,2020,130379.0
A,Annual,NR,Number,T,Total,Y35-39,From 35 to 39 years,LV,Latvia,2021,2021,132376.0
A,Annual,NR,Number,T,Total,Y35-39,From 35 to 39 years,LV,Latvia,2022,2022,135403.0
A,Annual,NR,Number,T,Total,Y35-39,From 35 to 39 years,LV,Latvia,2023,2023,145487.0
A,Annual,NR,Number,T,Total,Y35-39,From 35 to 39 years,LT,Lithuania,2010,2010,218173.0
A,Annual,NR,Number,T,Total,Y35-39,From 35 to 39 years,LT,Lithuania,2011,2011,205579.0
A,Annual,NR,Number,T,Total,Y35-39,From 35 to 39 years,LT,Lithuania,2012,2012,196091.0
A,Annual,NR,Number,T,Total,Y35-39,From 35 to 39 years,LT,Lithuania,2013,2013,190417.0
A,Annual,NR,Number,T,Total,Y35-39,From 35 to 39 years,LT,Lithuania,2014,2014,186807.0
A,Annual,NR,Number,T,Total,Y35-39,From 35 to 39 years,LT,Lithuania,2015,2015,183883.0
A,Annual,NR,Number,T,Total,Y35-39,From 35 to 39 years,LT,Lithuania,2016,2016,180483.0
A,Annual,NR,Number,T,Total,Y35-39,From 35 to 39 years,LT,Lithuania,2017,2017,177302.0
A,Annual,NR,Number,T,Total,Y35-39,From 35 to 39 years,LT,Lithuania,2018,2018,175222.0
A,Annual,NR,Number,T,Total,Y35-39,From 35 to 39 years,LT,Lithuania,2019,2019,178070.0
A,Annual,NR,Number,T,Total,Y35-39,From 35 to 39 years,LT,Lithuania,2020,2020,182764.0
A,Annual,NR,Number,T,Total,Y35-39,From 35 to 39 years,LT,Lithuania,2021,2021,187440.0
A,Annual,NR,Number,T,Total,Y35-39,From 35 to 39 years,LT,Lithuania,2022,2022,194849.0
A,Annual,NR,Number,T,Total,Y35-39,From 35 to 39 years,LT,Lithuania,2023,2023,210151.0
A,Annual,NR,Number,T,Total,Y35-39,From 35 to 39 years,LU,Luxembourg,2010,2010,39482.0
A,Annual,NR,Number,T,Total,Y35-39,From 35 to 39 years,LU,Luxembourg,2011,2011,39791.0
A,Annual,NR,Number,T,Total,Y35-39,From 35 to 39 years,LU,Luxembourg,2012,2012,39897.0
A,Annual,NR,Number,T,Total,Y35-39,From 35 to 39 years,LU,Luxembourg,2013,2013,40744.0
A,Annual,NR,Number,T,Total,Y35-39,From 35 to 39 years,LU,Luxembourg,2014,2014,41945.0
A,Annual,NR,Number,T,Total,Y35-39,From 35 to 39 years,LU,Luxembourg,2015,2015,43293.0
A,Annual,NR,Number,T,Total,Y35-39,From 35 to 39 years,LU,Luxembourg,2016,2016,44572.0
A,Annual,NR,Number,T,Total,Y35-39,From 35 to 39 years,LU,Luxembourg,2017,2017,46106.0
A,Annual,NR,Number,T,Total,Y35-39,From 35 to 39 years,LU,Luxembourg,2018,2018,47119.0
A,Annual,NR,Number,T,Total,Y35-39,From 35 to 39 years,LU,Luxembourg,2019,2019,48111.0
A,Annual,NR,Number,T,Total,Y35-39,From 35 to 39 years,LU,Luxembourg,2020,2020,49151.0
A,Annual,NR,Number,T,Total,Y35-39,From 35 to 39 years,LU,Luxembourg,2021,2021,49385.0
A,Annual,NR,Number,T,Total,Y35-39,From 35 to 39 years,LU,Luxembourg,2022,2022,50413.0
A,Annual,NR,Number,T,Total,Y35-39,From 35 to 39 years,LU,Luxembourg,2023,2023,51850.0
A,Annual,NR,Number,T,Total,Y35-39,From 35 to 39 years,HU,Hungary,2010,2010,753409.0
A,Annual,NR,Number,T,Total,Y35-39,From 35 to 39 years,HU,Hungary,2011,2011,789082.0
A,Annual,NR,Number,T,Total,Y35-39,From 35 to 39 years,HU,Hungary,2012,2012,822767.0
A,Annual,NR,Number,T,Total,Y35-39,From 35 to 39 years,HU,Hungary,2013,2013,846042.0
A,Annual,NR,Number,T,Total,Y35-39,From 35 to 39 years,HU,Hungary,2014,2014,857552.0
A,Annual,NR,Number,T,Total,Y35-39,From 35 to 39 years,HU,Hungary,2015,2015,835484.0
A,Annual,NR,Number,T,Total,Y35-39,From 35 to 39 years,HU,Hungary,2016,2016,795573.0
A,Annual,NR,Number,T,Total,Y35-39,From 35 to 39 years,HU,Hungary,2017,2017,755395.0
A,Annual,NR,Number,T,Total,Y35-39,From 35 to 39 years,HU,Hungary,2018,2018,716660.0
A,Annual,NR,Number,T,Total,Y35-39,From 35 to 39 years,HU,Hungary,2019,2019,681472.0
A,Annual,NR,Number,T,Total,Y35-39,From 35 to 39 years,HU,Hungary,2020,2020,651513.0
A,Annual,NR,Number,T,Total,Y35-39,From 35 to 39 years,HU,Hungary,2021,2021,632866.0
A,Annual,NR,Number,T,Total,Y35-39,From 35 to 39 years,HU,Hungary,2022,2022,621461.0
A,Annual,NR,Number,T,Total,Y35-39,From 35 to 39 years,HU,Hungary,2023,2023,619773.0
A,Annual,NR,Number,T,Total,Y35-39,From 35 to 39 years,MT,Malta,2010,2010,27235.0
A,Annual,NR,Number,T,Total,Y35-39,From 35 to 39 years,MT,Malta,2011,2011,27967.0
A,Annual,NR,Number,T,Total,Y35-39,From 35 to 39 years,MT,Malta,2012,2012,28736.0
A,Annual,NR,Number,T,Total,Y35-39,From 35 to 39 years,MT,Malta,2013,2013,29590.0
A,Annual,NR,Number,T,Total,Y35-39,From 35 to 39 years,MT,Malta,2014,2014,30735.0
A,Annual,NR,Number,T,Total,Y35-39,From 35 to 39 years,MT,Malta,2015,2015,32265.0
A,Annual,NR,Number,T,Total,Y35-39,From 35 to 39 years,MT,Malta,2016,2016,33583.0
A,Annual,NR,Number,T,Total,Y35-39,From 35 to 39 years,MT,Malta,2017,2017,34596.0
A,Annual,NR,Number,T,Total,Y35-39,From 35 to 39 years,MT,Malta,2018,2018,37103.0
A,Annual,NR,Number,T,Total,Y35-39,From 35 to 39 years,MT,Malta,2019,2019,39828.0
A,Annual,NR,Number,T,Total,Y35-39,From 35 to 39 years,MT,Malta,2020,2020,43196.0
A,Annual,NR,Number,T,Total,Y35-39,From 35 to 39 years,MT,Malta,2021,2021,44005.0
A,Annual,NR,Number,T,Total,Y35-39,From 35 to 39 years,MT,Malta,2022,2022,45014.0
A,Annual,NR,Number,T,Total,Y35-39,From 35 to 39 years,MT,Malta,2023,2023,48002.0
A,Annual,NR,Number,T,Total,Y35-39,From 35 to 39 years,NL,Netherlands,2010,2010,1180949.0
A,Annual,NR,Number,T,Total,Y35-39,From 35 to 39 years,NL,Netherlands,2011,2011,1121568.0
A,Annual,NR,Number,T,Total,Y35-39,From 35 to 39 years,NL,Netherlands,2012,2012,1071786.0
A,Annual,NR,Number,T,Total,Y35-39,From 35 to 39 years,NL,Netherlands,2013,2013,1030812.0
A,Annual,NR,Number,T,Total,Y35-39,From 35 to 39 years,NL,Netherlands,2014,2014,1011688.0
A,Annual,NR,Number,T,Total,Y35-39,From 35 to 39 years,NL,Netherlands,2015,2015,1002000.0
A,Annual,NR,Number,T,Total,Y35-39,From 35 to 39 years,NL,Netherlands,2016,2016,1009413.0
A,Annual,NR,Number,T,Total,Y35-39,From 35 to 39 years,NL,Netherlands,2017,2017,1018187.0
A,Annual,NR,Number,T,Total,Y35-39,From 35 to 39 years,NL,Netherlands,2018,2018,1025356.0
A,Annual,NR,Number,T,Total,Y35-39,From 35 to 39 years,NL,Netherlands,2019,2019,1031293.0
A,Annual,NR,Number,T,Total,Y35-39,From 35 to 39 years,NL,Netherlands,2020,2020,1045828.0
A,Annual,NR,Number,T,Total,Y35-39,From 35 to 39 years,NL,Netherlands,2021,2021,1054086.0
A,Annual,NR,Number,T,Total,Y35-39,From 35 to 39 years,NL,Netherlands,2022,2022,1071971.0
A,Annual,NR,Number,T,Total,Y35-39,From 35 to 39 years,NL,Netherlands,2023,2023,1107389.0
A,Annual,NR,Number,T,Total,Y35-39,From 35 to 39 years,AT,Austria,2010,2010,599525.0
A,Annual,NR,Number,T,Total,Y35-39,From 35 to 39 years,AT,Austria,2011,2011,580724.0
A,Annual,NR,Number,T,Total,Y35-39,From 35 to 39 years,AT,Austria,2012,2012,562653.0
A,Annual,NR,Number,T,Total,Y35-39,From 35 to 39 years,AT,Austria,2013,2013,549234.0
A,Annual,NR,Number,T,Total,Y35-39,From 35 to 39 years,AT,Austria,2014,2014,544970.0
A,Annual,NR,Number,T,Total,Y35-39,From 35 to 39 years,AT,Austria,2015,2015,545581.0
A,Annual,NR,Number,T,Total,Y35-39,From 35 to 39 years,AT,Austria,2016,2016,556815.0
A,Annual,NR,Number,T,Total,Y35-39,From 35 to 39 years,AT,Austria,2017,2017,572365.0
A,Annual,NR,Number,T,Total,Y35-39,From 35 to 39 years,AT,Austria,2018,2018,588265.0
A,Annual,NR,Number,T,Total,Y35-39,From 35 to 39 years,AT,Austria,2019,2019,599958.0
A,Annual,NR,Number,T,Total,Y35-39,From 35 to 39 years,AT,Austria,2020,2020,610304.0
A,Annual,NR,Number,T,Total,Y35-39,From 35 to 39 years,AT,Austria,2021,2021,613986.0
A,Annual,NR,Number,T,Total,Y35-39,From 35 to 39 years,AT,Austria,2022,2022,615005.0
A,Annual,NR,Number,T,Total,Y35-39,From 35 to 39 years,AT,Austria,2023,2023,623286.0
A,Annual,NR,Number,T,Total,Y35-39,From 35 to 39 years,PL,Poland,2010,2010,2621216.0
A,Annual,NR,Number,T,Total,Y35-39,From 35 to 39 years,PL,Poland,2011,2011,2712128.0
A,Annual,NR,Number,T,Total,Y35-39,From 35 to 39 years,PL,Poland,2012,2012,2807549.0
A,Annual,NR,Number,T,Total,Y35-39,From 35 to 39 years,PL,Poland,2013,2013,2879824.0
A,Annual,NR,Number,T,Total,Y35-39,From 35 to 39 years,PL,Poland,2014,2014,2934460.0
A,Annual,NR,Number,T,Total,Y35-39,From 35 to 39 years,PL,Poland,2015,2015,2985913.0
A,Annual,NR,Number,T,Total,Y35-39,From 35 to 39 years,PL,Poland,2016,2016,3019957.0
A,Annual,NR,Number,T,Total,Y35-39,From 35 to 39 years,PL,Poland,2017,2017,3026097.0
A,Annual,NR,Number,T,Total,Y35-39,From 35 to 39 years,PL,Poland,2018,2018,3061457.0
A,Annual,NR,Number,T,Total,Y35-39,From 35 to 39 years,PL,Poland,2019,2019,3117151.0
A,Annual,NR,Number,T,Total,Y35-39,From 35 to 39 years,PL,Poland,2020,2020,3139152.0
A,Annual,NR,Number,T,Total,Y35-39,From 35 to 39 years,PL,Poland,2021,2021,3050700.0
A,Annual,NR,Number,T,Total,Y35-39,From 35 to 39 years,PL,Poland,2022,2022,3021935.0
A,Annual,NR,Number,T,Total,Y35-39,From 35 to 39 years,PL,Poland,2023,2023,2945612.0
A,Annual,NR,Number,T,Total,Y35-39,From 35 to 39 years,PT,Portugal,2010,2010,813892.0
A,Annual,NR,Number,T,Total,Y35-39,From 35 to 39 years,PT,Portugal,2011,2011,827511.0
A,Annual,NR,Number,T,Total,Y35-39,From 35 to 39 years,PT,Portugal,2012,2012,829990.0
A,Annual,NR,Number,T,Total,Y35-39,From 35 to 39 years,PT,Portugal,2013,2013,825954.0
A,Annual,NR,Number,T,Total,Y35-39,From 35 to 39 years,PT,Portugal,2014,2014,809698.0
A,Annual,NR,Number,T,Total,Y35-39,From 35 to 39 years,PT,Portugal,2015,2015,785116.0
A,Annual,NR,Number,T,Total,Y35-39,From 35 to 39 years,PT,Portugal,2016,2016,760185.0
A,Annual,NR,Number,T,Total,Y35-39,From 35 to 39 years,PT,Portugal,2017,2017,729937.0
A,Annual,NR,Number,T,Total,Y35-39,From 35 to 39 years,PT,Portugal,2018,2018,703974.0
A,Annual,NR,Number,T,Total,Y35-39,From 35 to 39 years,PT,Portugal,2019,2019,685449.0
A,Annual,NR,Number,T,Total,Y35-39,From 35 to 39 years,PT,Portugal,2020,2020,673005.0
A,Annual,NR,Number,T,Total,Y35-39,From 35 to 39 years,PT,Portugal,2021,2021,651589.0
A,Annual,NR,Number,T,Total,Y35-39,From 35 to 39 years,PT,Portugal,2022,2022,634615.0
A,Annual,NR,Number,T,Total,Y35-39,From 35 to 39 years,PT,Portugal,2023,2023,625604.0
A,Annual,NR,Number,T,Total,Y35-39,From 35 to 39 years,RO,Romania,2010,2010,1543260.0
A,Annual,NR,Number,T,Total,Y35-39,From 35 to 39 years,RO,Romania,2011,2011,1540629.0
A,Annual,NR,Number,T,Total,Y35-39,From 35 to 39 years,RO,Romania,2012,2012,1541507.0
A,Annual,NR,Number,T,Total,Y35-39,From 35 to 39 years,RO,Romania,2013,2013,1565441.0
A,Annual,NR,Number,T,Total,Y35-39,From 35 to 39 years,RO,Romania,2014,2014,1587866.0
A,Annual,NR,Number,T,Total,Y35-39,From 35 to 39 years,RO,Romania,2015,2015,1562558.0
A,Annual,NR,Number,T,Total,Y35-39,From 35 to 39 years,RO,Romania,2016,2016,1539027.0
A,Annual,NR,Number,T,Total,Y35-39,From 35 to 39 years,RO,Romania,2017,2017,1499578.0
A,Annual,NR,Number,T,Total,Y35-39,From 35 to 39 years,RO,Romania,2018,2018,1440379.0
A,Annual,NR,Number,T,Total,Y35-39,From 35 to 39 years,RO,Romania,2019,2019,1363973.0
A,Annual,NR,Number,T,Total,Y35-39,From 35 to 39 years,RO,Romania,2020,2020,1323981.0
A,Annual,NR,Number,T,Total,Y35-39,From 35 to 39 years,RO,Romania,2021,2021,1291720.0
A,Annual,NR,Number,T,Total,Y35-39,From 35 to 39 years,RO,Romania,2022,2022,1243632.0
A,Annual,NR,Number,T,Total,Y35-39,From 35 to 39 years,RO,Romania,2023,2023,1277575.0
A,Annual,NR,Number,T,Total,Y35-39,From 35 to 39 years,SI,Slovenia,2010,2010,148639.0
A,Annual,NR,Number,T,Total,Y35-39,From 35 to 39 years,SI,Slovenia,2011,2011,150888.0
A,Annual,NR,Number,T,Total,Y35-39,From 35 to 39 years,SI,Slovenia,2012,2012,153244.0
A,Annual,NR,Number,T,Total,Y35-39,From 35 to 39 years,SI,Slovenia,2013,2013,154196.0
A,Annual,NR,Number,T,Total,Y35-39,From 35 to 39 years,SI,Slovenia,2014,2014,155472.0
A,Annual,NR,Number,T,Total,Y35-39,From 35 to 39 years,SI,Slovenia,2015,2015,156973.0
A,Annual,NR,Number,T,Total,Y35-39,From 35 to 39 years,SI,Slovenia,2016,2016,157505.0
A,Annual,NR,Number,T,Total,Y35-39,From 35 to 39 years,SI,Slovenia,2017,2017,156809.0
A,Annual,NR,Number,T,Total,Y35-39,From 35 to 39 years,SI,Slovenia,2018,2018,155455.0
A,Annual,NR,Number,T,Total,Y35-39,From 35 to 39 years,SI,Slovenia,2019,2019,154185.0
A,Annual,NR,Number,T,Total,Y35-39,From 35 to 39 years,SI,Slovenia,2020,2020,152537.0
A,Annual,NR,Number,T,Total,Y35-39,From 35 to 39 years,SI,Slovenia,2021,2021,150074.0
A,Annual,NR,Number,T,Total,Y35-39,From 35 to 39 years,SI,Slovenia,2022,2022,145861.0
A,Annual,NR,Number,T,Total,Y35-39,From 35 to 39 years,SI,Slovenia,2023,2023,144655.0
A,Annual,NR,Number,T,Total,Y35-39,From 35 to 39 years,SK,Slovakia,2010,2010,405970.0
A,Annual,NR,Number,T,Total,Y35-39,From 35 to 39 years,SK,Slovakia,2011,2011,421850.0
A,Annual,NR,Number,T,Total,Y35-39,From 35 to 39 years,SK,Slovakia,2012,2012,438120.0
A,Annual,NR,Number,T,Total,Y35-39,From 35 to 39 years,SK,Slovakia,2013,2013,450101.0
A,Annual,NR,Number,T,Total,Y35-39,From 35 to 39 years,SK,Slovakia,2014,2014,456604.0
A,Annual,NR,Number,T,Total,Y35-39,From 35 to 39 years,SK,Slovakia,2015,2015,459315.0
A,Annual,NR,Number,T,Total,Y35-39,From 35 to 39 years,SK,Slovakia,2016,2016,457773.0
A,Annual,NR,Number,T,Total,Y35-39,From 35 to 39 years,SK,Slovakia,2017,2017,453287.0
A,Annual,NR,Number,T,Total,Y35-39,From 35 to 39 years,SK,Slovakia,2018,2018,448320.0
A,Annual,NR,Number,T,Total,Y35-39,From 35 to 39 years,SK,Slovakia,2019,2019,442733.0
A,Annual,NR,Number,T,Total,Y35-39,From 35 to 39 years,SK,Slovakia,2020,2020,436101.0
A,Annual,NR,Number,T,Total,Y35-39,From 35 to 39 years,SK,Slovakia,2021,2021,433922.0
A,Annual,NR,Number,T,Total,Y35-39,From 35 to 39 years,SK,Slovakia,2022,2022,428085.0
A,Annual,NR,Number,T,Total,Y35-39,From 35 to 39 years,SK,Slovakia,2023,2023,421697.0
A,Annual,NR,Number,T,Total,Y35-39,From 35 to 39 years,FI,Finland,2010,2010,310768.0
A,Annual,NR,Number,T,Total,Y35-39,From 35 to 39 years,FI,Finland,2011,2011,313917.0
A,Annual,NR,Number,T,Total,Y35-39,From 35 to 39 years,FI,Finland,2012,2012,320917.0
A,Annual,NR,Number,T,Total,Y35-39,From 35 to 39 years,FI,Finland,2013,2013,329842.0
A,Annual,NR,Number,T,Total,Y35-39,From 35 to 39 years,FI,Finland,2014,2014,340126.0
A,Annual,NR,Number,T,Total,Y35-39,From 35 to 39 years,FI,Finland,2015,2015,344429.0
A,Annual,NR,Number,T,Total,Y35-39,From 35 to 39 years,FI,Finland,2016,2016,345816.0
A,Annual,NR,Number,T,Total,Y35-39,From 35 to 39 years,FI,Finland,2017,2017,346604.0
A,Annual,NR,Number,T,Total,Y35-39,From 35 to 39 years,FI,Finland,2018,2018,350498.0
A,Annual,NR,Number,T,Total,Y35-39,From 35 to 39 years,FI,Finland,2019,2019,355751.0
A,Annual,NR,Number,T,Total,Y35-39,From 35 to 39 years,FI,Finland,2020,2020,360782.0
A,Annual,NR,Number,T,Total,Y35-39,From 35 to 39 years,FI,Finland,2021,2021,363694.0
A,Annual,NR,Number,T,Total,Y35-39,From 35 to 39 years,FI,Finland,2022,2022,364634.0
A,Annual,NR,Number,T,Total,Y35-39,From 35 to 39 years,FI,Finland,2023,2023,363619.0
A,Annual,NR,Number,T,Total,Y35-39,From 35 to 39 years,SE,Sweden,2010,2010,634498.0
A,Annual,NR,Number,T,Total,Y35-39,From 35 to 39 years,SE,Sweden,2011,2011,633882.0
A,Annual,NR,Number,T,Total,Y35-39,From 35 to 39 years,SE,Sweden,2012,2012,625948.0
A,Annual,NR,Number,T,Total,Y35-39,From 35 to 39 years,SE,Sweden,2013,2013,616777.0
A,Annual,NR,Number,T,Total,Y35-39,From 35 to 39 years,SE,Sweden,2014,2014,608912.0
A,Annual,NR,Number,T,Total,Y35-39,From 35 to 39 years,SE,Sweden,2015,2015,604368.0
A,Annual,NR,Number,T,Total,Y35-39,From 35 to 39 years,SE,Sweden,2016,2016,608570.0
A,Annual,NR,Number,T,Total,Y35-39,From 35 to 39 years,SE,Sweden,2017,2017,617317.0
A,Annual,NR,Number,T,Total,Y35-39,From 35 to 39 years,SE,Sweden,2018,2018,628193.0
A,Annual,NR,Number,T,Total,Y35-39,From 35 to 39 years,SE,Sweden,2019,2019,640119.0
A,Annual,NR,Number,T,Total,Y35-39,From 35 to 39 years,SE,Sweden,2020,2020,650598.0
A,Annual,NR,Number,T,Total,Y35-39,From 35 to 39 years,SE,Sweden,2021,2021,658730.0
A,Annual,NR,Number,T,Total,Y35-39,From 35 to 39 years,SE,Sweden,2022,2022,675978.0
A,Annual,NR,Number,T,Total,Y35-39,From 35 to 39 years,SE,Sweden,2023,2023,694511.0
A,Annual,NR,Number,T,Total,Y40-44,From 40 to 44 years,BE,Belgium,2010,2010,789754.0
A,Annual,NR,Number,T,Total,Y40-44,From 40 to 44 years,BE,Belgium,2011,2011,789891.0
A,Annual,NR,Number,T,Total,Y40-44,From 40 to 44 years,BE,Belgium,2012,2012,786663.0
A,Annual,NR,Number,T,Total,Y40-44,From 40 to 44 years,BE,Belgium,2013,2013,783980.0
A,Annual,NR,Number,T,Total,Y40-44,From 40 to 44 years,BE,Belgium,2014,2014,775999.0
A,Annual,NR,Number,T,Total,Y40-44,From 40 to 44 years,BE,Belgium,2015,2015,765155.0
A,Annual,NR,Number,T,Total,Y40-44,From 40 to 44 years,BE,Belgium,2016,2016,750305.0
A,Annual,NR,Number,T,Total,Y40-44,From 40 to 44 years,BE,Belgium,2017,2017,737199.0
A,Annual,NR,Number,T,Total,Y40-44,From 40 to 44 years,BE,Belgium,2018,2018,730309.0
A,Annual,NR,Number,T,Total,Y40-44,From 40 to 44 years,BE,Belgium,2019,2019,731374.0
A,Annual,NR,Number,T,Total,Y40-44,From 40 to 44 years,BE,Belgium,2020,2020,738624.0
A,Annual,NR,Number,T,Total,Y40-44,From 40 to 44 years,BE,Belgium,2021,2021,751615.0
A,Annual,NR,Number,T,Total,Y40-44,From 40 to 44 years,BE,Belgium,2022,2022,760809.0
A,Annual,NR,Number,T,Total,Y40-44,From 40 to 44 years,BE,Belgium,2023,2023,772228.0
A,Annual,NR,Number,T,Total,Y40-44,From 40 to 44 years,BG,Bulgaria,2010,2010,502843.0
A,Annual,NR,Number,T,Total,Y40-44,From 40 to 44 years,BG,Bulgaria,2011,2011,512947.0
A,Annual,NR,Number,T,Total,Y40-44,From 40 to 44 years,BG,Bulgaria,2012,2012,522726.0
A,Annual,NR,Number,T,Total,Y40-44,From 40 to 44 years,BG,Bulgaria,2013,2013,508741.0
A,Annual,NR,Number,T,Total,Y40-44,From 40 to 44 years,BG,Bulgaria,2014,2014,509740.0
A,Annual,NR,Number,T,Total,Y40-44,From 40 to 44 years,BG,Bulgaria,2015,2015,509502.0
A,Annual,NR,Number,T,Total,Y40-44,From 40 to 44 years,BG,Bulgaria,2016,2016,510030.0
A,Annual,NR,Number,T,Total,Y40-44,From 40 to 44 years,BG,Bulgaria,2017,2017,512514.0
A,Annual,NR,Number,T,Total,Y40-44,From 40 to 44 years,BG,Bulgaria,2018,2018,516477.0
A,Annual,NR,Number,T,Total,Y40-44,From 40 to 44 years,BG,Bulgaria,2019,2019,512759.0
A,Annual,NR,Number,T,Total,Y40-44,From 40 to 44 years,BG,Bulgaria,2020,2020,496336.0
A,Annual,NR,Number,T,Total,Y40-44,From 40 to 44 years,BG,Bulgaria,2021,2021,487740.0
A,Annual,NR,Number,T,Total,Y40-44,From 40 to 44 years,BG,Bulgaria,2022,2022,470768.0
A,Annual,NR,Number,T,Total,Y40-44,From 40 to 44 years,BG,Bulgaria,2023,2023,458811.0
A,Annual,NR,Number,T,Total,Y40-44,From 40 to 44 years,CZ,Czechia,2010,2010,698911.0
A,Annual,NR,Number,T,Total,Y40-44,From 40 to 44 years,CZ,Czechia,2011,2011,702724.0
A,Annual,NR,Number,T,Total,Y40-44,From 40 to 44 years,CZ,Czechia,2012,2012,718925.0
A,Annual,NR,Number,T,Total,Y40-44,From 40 to 44 years,CZ,Czechia,2013,2013,745793.0
A,Annual,NR,Number,T,Total,Y40-44,From 40 to 44 years,CZ,Czechia,2014,2014,788383.0
A,Annual,NR,Number,T,Total,Y40-44,From 40 to 44 years,CZ,Czechia,2015,2015,838729.0
A,Annual,NR,Number,T,Total,Y40-44,From 40 to 44 years,CZ,Czechia,2016,2016,880941.0
A,Annual,NR,Number,T,Total,Y40-44,From 40 to 44 years,CZ,Czechia,2017,2017,914338.0
A,Annual,NR,Number,T,Total,Y40-44,From 40 to 44 years,CZ,Czechia,2018,2018,934896.0
A,Annual,NR,Number,T,Total,Y40-44,From 40 to 44 years,CZ,Czechia,2019,2019,937403.0
A,Annual,NR,Number,T,Total,Y40-44,From 40 to 44 years,CZ,Czechia,2020,2020,923446.0
A,Annual,NR,Number,T,Total,Y40-44,From 40 to 44 years,CZ,Czechia,2021,2021,865474.0
A,Annual,NR,Number,T,Total,Y40-44,From 40 to 44 years,CZ,Czechia,2022,2022,830481.0
A,Annual,NR,Number,T,Total,Y40-44,From 40 to 44 years,CZ,Czechia,2023,2023,824553.0
A,Annual,NR,Number,T,Total,Y40-44,From 40 to 44 years,DK,Denmark,2010,2010,414573.0
A,Annual,NR,Number,T,Total,Y40-44,From 40 to 44 years,DK,Denmark,2011,2011,403306.0
A,Annual,NR,Number,T,Total,Y40-44,From 40 to 44 years,DK,Denmark,2012,2012,392184.0
A,Annual,NR,Number,T,Total,Y40-44,From 40 to 44 years,DK,Denmark,2013,2013,388543.0
A,Annual,NR,Number,T,Total,Y40-44,From 40 to 44 years,DK,Denmark,2014,2014,387330.0
A,Annual,NR,Number,T,Total,Y40-44,From 40 to 44 years,DK,Denmark,2015,2015,389604.0
A,Annual,NR,Number,T,Total,Y40-44,From 40 to 44 years,DK,Denmark,2016,2016,393520.0
A,Annual,NR,Number,T,Total,Y40-44,From 40 to 44 years,DK,Denmark,2017,2017,387871.0
A,Annual,NR,Number,T,Total,Y40-44,From 40 to 44 years,DK,Denmark,2018,2018,378255.0
A,Annual,NR,Number,T,Total,Y40-44,From 40 to 44 years,DK,Denmark,2019,2019,372565.0
A,Annual,NR,Number,T,Total,Y40-44,From 40 to 44 years,DK,Denmark,2020,2020,364159.0
A,Annual,NR,Number,T,Total,Y40-44,From 40 to 44 years,DK,Denmark,2021,2021,353820.0
A,Annual,NR,Number,T,Total,Y40-44,From 40 to 44 years,DK,Denmark,2022,2022,346545.0
A,Annual,NR,Number,T,Total,Y40-44,From 40 to 44 years,DK,Denmark,2023,2023,345513.0
A,Annual,NR,Number,T,Total,Y40-44,From 40 to 44 years,DE,Germany,2010,2010,6864580.0
A,Annual,NR,Number,T,Total,Y40-44,From 40 to 44 years,DE,Germany,2011,2011,6432651.0
A,Annual,NR,Number,T,Total,Y40-44,From 40 to 44 years,DE,Germany,2012,2012,6166630.0
A,Annual,NR,Number,T,Total,Y40-44,From 40 to 44 years,DE,Germany,2013,2013,5844523.0
A,Annual,NR,Number,T,Total,Y40-44,From 40 to 44 years,DE,Germany,2014,2014,5483899.0
A,Annual,NR,Number,T,Total,Y40-44,From 40 to 44 years,DE,Germany,2015,2015,5184279.0
A,Annual,NR,Number,T,Total,Y40-44,From 40 to 44 years,DE,Germany,2016,2016,4990088.0
A,Annual,NR,Number,T,Total,Y40-44,From 40 to 44 years,DE,Germany,2017,2017,4821986.0
A,Annual,NR,Number,T,Total,Y40-44,From 40 to 44 years,DE,Germany,2018,2018,4788357.0
A,Annual,NR,Number,T,Total,Y40-44,From 40 to 44 years,DE,Germany,2019,2019,4841738.0
A,Annual,NR,Number,T,Total,Y40-44,From 40 to 44 years,DE,Germany,2020,2020,4909026.0
A,Annual,NR,Number,T,Total,Y40-44,From 40 to 44 years,DE,Germany,2021,2021,5034888.0
A,Annual,NR,Number,T,Total,Y40-44,From 40 to 44 years,DE,Germany,2022,2022,5132299.0
A,Annual,NR,Number,T,Total,Y40-44,From 40 to 44 years,DE,Germany,2023,2023,5284200.0
A,Annual,NR,Number,T,Total,Y40-44,From 40 to 44 years,EE,Estonia,2010,2010,87360.0
A,Annual,NR,Number,T,Total,Y40-44,From 40 to 44 years,EE,Estonia,2011,2011,88530.0
A,Annual,NR,Number,T,Total,Y40-44,From 40 to 44 years,EE,Estonia,2012,2012,90223.0
A,Annual,NR,Number,T,Total,Y40-44,From 40 to 44 years,EE,Estonia,2013,2013,91676.0
A,Annual,NR,Number,T,Total,Y40-44,From 40 to 44 years,EE,Estonia,2014,2014,91851.0
A,Annual,NR,Number,T,Total,Y40-44,From 40 to 44 years,EE,Estonia,2015,2015,91668.0
A,Annual,NR,Number,T,Total,Y40-44,From 40 to 44 years,EE,Estonia,2016,2016,91062.0
A,Annual,NR,Number,T,Total,Y40-44,From 40 to 44 years,EE,Estonia,2017,2017,90416.0
A,Annual,NR,Number,T,Total,Y40-44,From 40 to 44 years,EE,Estonia,2018,2018,90476.0
A,Annual,NR,Number,T,Total,Y40-44,From 40 to 44 years,EE,Estonia,2019,2019,90701.0
A,Annual,NR,Number,T,Total,Y40-44,From 40 to 44 years,EE,Estonia,2020,2020,91061.0
A,Annual,NR,Number,T,Total,Y40-44,From 40 to 44 years,EE,Estonia,2021,2021,91472.0
A,Annual,NR,Number,T,Total,Y40-44,From 40 to 44 years,EE,Estonia,2022,2022,92290.0
A,Annual,NR,Number,T,Total,Y40-44,From 40 to 44 years,EE,Estonia,2023,2023,95725.0
A,Annual,NR,Number,T,Total,Y40-44,From 40 to 44 years,IE,Ireland,2010,2010,319721.0
A,Annual,NR,Number,T,Total,Y40-44,From 40 to 44 years,IE,Ireland,2011,2011,326899.0
A,Annual,NR,Number,T,Total,Y40-44,From 40 to 44 years,IE,Ireland,2012,2012,333240.0
A,Annual,NR,Number,T,Total,Y40-44,From 40 to 44 years,IE,Ireland,2013,2013,339629.0
A,Annual,NR,Number,T,Total,Y40-44,From 40 to 44 years,IE,Ireland,2014,2014,345449.0
A,Annual,NR,Number,T,Total,Y40-44,From 40 to 44 years,IE,Ireland,2015,2015,351901.0
A,Annual,NR,Number,T,Total,Y40-44,From 40 to 44 years,IE,Ireland,2016,2016,355742.0
A,Annual,NR,Number,T,Total,Y40-44,From 40 to 44 years,IE,Ireland,2017,2017,362812.0
A,Annual,NR,Number,T,Total,Y40-44,From 40 to 44 years,IE,Ireland,2018,2018,368140.0
A,Annual,NR,Number,T,Total,Y40-44,From 40 to 44 years,IE,Ireland,2019,2019,378851.0
A,Annual,NR,Number,T,Total,Y40-44,From 40 to 44 years,IE,Ireland,2020,2020,388881.0
A,Annual,NR,Number,T,Total,Y40-44,From 40 to 44 years,IE,Ireland,2021,2021,401423.0
A,Annual,NR,Number,T,Total,Y40-44,From 40 to 44 years,IE,Ireland,2022,2022,411364.0
A,Annual,NR,Number,T,Total,Y40-44,From 40 to 44 years,IE,Ireland,2023,2023,425708.0
A,Annual,NR,Number,T,Total,Y40-44,From 40 to 44 years,EL,Greece,2010,2010,844986.0
A,Annual,NR,Number,T,Total,Y40-44,From 40 to 44 years,EL,Greece,2012,2012,856857.0
A,Annual,NR,Number,T,Total,Y40-44,From 40 to 44 years,EL,Greece,2013,2013,843154.0
A,Annual,NR,Number,T,Total,Y40-44,From 40 to 44 years,EL,Greece,2014,2014,827479.0
A,Annual,NR,Number,T,Total,Y40-44,From 40 to 44 years,EL,Greece,2015,2015,819865.0
A,Annual,NR,Number,T,Total,Y40-44,From 40 to 44 years,EL,Greece,2016,2016,813295.0
A,Annual,NR,Number,T,Total,Y40-44,From 40 to 44 years,EL,Greece,2017,2017,812586.0
A,Annual,NR,Number,T,Total,Y40-44,From 40 to 44 years,EL,Greece,2018,2018,810234.0
A,Annual,NR,Number,T,Total,Y40-44,From 40 to 44 years,EL,Greece,2019,2019,809954.0
A,Annual,NR,Number,T,Total,Y40-44,From 40 to 44 years,EL,Greece,2020,2020,806882.0
A,Annual,NR,Number,T,Total,Y40-44,From 40 to 44 years,EL,Greece,2021,2021,803477.0
A,Annual,NR,Number,T,Total,Y40-44,From 40 to 44 years,EL,Greece,2022,2022,792248.0
A,Annual,NR,Number,T,Total,Y40-44,From 40 to 44 years,EL,Greece,2023,2023,780893.0
A,Annual,NR,Number,T,Total,Y40-44,From 40 to 44 years,ES,Spain,2010,2010,3771058.0
A,Annual,NR,Number,T,Total,Y40-44,From 40 to 44 years,ES,Spain,2011,2011,3808223.0
A,Annual,NR,Number,T,Total,Y40-44,From 40 to 44 years,ES,Spain,2012,2012,3846088.0
A,Annual,NR,Number,T,Total,Y40-44,From 40 to 44 years,ES,Spain,2013,2013,3854011.0
A,Annual,NR,Number,T,Total,Y40-44,From 40 to 44 years,ES,Spain,2014,2014,3859317.0
A,Annual,NR,Number,T,Total,Y40-44,From 40 to 44 years,ES,Spain,2015,2015,3891906.0
A,Annual,NR,Number,T,Total,Y40-44,From 40 to 44 years,ES,Spain,2016,2016,3929955.0
A,Annual,NR,Number,T,Total,Y40-44,From 40 to 44 years,ES,Spain,2017,2017,3970271.0
A,Annual,NR,Number,T,Total,Y40-44,From 40 to 44 years,ES,Spain,2018,2018,3988249.0
A,Annual,NR,Number,T,Total,Y40-44,From 40 to 44 years,ES,Spain,2019,2019,4006919.0
A,Annual,NR,Number,T,Total,Y40-44,From 40 to 44 years,ES,Spain,2020,2020,3984935.0
A,Annual,NR,Number,T,Total,Y40-44,From 40 to 44 years,ES,Spain,2021,2021,3925856.0
A,Annual,NR,Number,T,Total,Y40-44,From 40 to 44 years,ES,Spain,2022,2022,3815001.0
A,Annual,NR,Number,T,Total,Y40-44,From 40 to 44 years,ES,Spain,2023,2023,3739321.0
A,Annual,NR,Number,T,Total,Y40-44,From 40 to 44 years,FR,France,2010,2010,4508910.0
A,Annual,NR,Number,T,Total,Y40-44,From 40 to 44 years,FR,France,2011,2011,4502576.0
A,Annual,NR,Number,T,Total,Y40-44,From 40 to 44 years,FR,France,2012,2012,4519227.0
A,Annual,NR,Number,T,Total,Y40-44,From 40 to 44 years,FR,France,2013,2013,4566996.0
A,Annual,NR,Number,T,Total,Y40-44,From 40 to 44 years,FR,France,2014,2014,4596139.0
A,Annual,NR,Number,T,Total,Y40-44,From 40 to 44 years,FR,France,2015,2015,4558124.0
A,Annual,NR,Number,T,Total,Y40-44,From 40 to 44 years,FR,France,2016,2016,4458725.0
A,Annual,NR,Number,T,Total,Y40-44,From 40 to 44 years,FR,France,2017,2017,4326446.0
A,Annual,NR,Number,T,Total,Y40-44,From 40 to 44 years,FR,France,2018,2018,4214110.0
A,Annual,NR,Number,T,Total,Y40-44,From 40 to 44 years,FR,France,2019,2019,4126048.0
A,Annual,NR,Number,T,Total,Y40-44,From 40 to 44 years,FR,France,2020,2020,4096004.0
A,Annual,NR,Number,T,Total,Y40-44,From 40 to 44 years,FR,France,2021,2021,4172167.0
A,Annual,NR,Number,T,Total,Y40-44,From 40 to 44 years,FR,France,2022,2022,4277620.0
A,Annual,NR,Number,T,Total,Y40-44,From 40 to 44 years,FR,France,2023,2023,4338634.0
A,Annual,NR,Number,T,Total,Y40-44,From 40 to 44 years,HR,Croatia,2010,2010,298791.0
A,Annual,NR,Number,T,Total,Y40-44,From 40 to 44 years,HR,Croatia,2011,2011,289064.0
A,Annual,NR,Number,T,Total,Y40-44,From 40 to 44 years,HR,Croatia,2012,2012,282890.0
A,Annual,NR,Number,T,Total,Y40-44,From 40 to 44 years,HR,Croatia,2013,2013,278587.0
A,Annual,NR,Number,T,Total,Y40-44,From 40 to 44 years,HR,Croatia,2014,2014,275916.0
A,Annual,NR,Number,T,Total,Y40-44,From 40 to 44 years,HR,Croatia,2015,2015,273746.0
A,Annual,NR,Number,T,Total,Y40-44,From 40 to 44 years,HR,Croatia,2016,2016,273366.0
A,Annual,NR,Number,T,Total,Y40-44,From 40 to 44 years,HR,Croatia,2017,2017,270918.0
A,Annual,NR,Number,T,Total,Y40-44,From 40 to 44 years,HR,Croatia,2018,2018,267712.0
A,Annual,NR,Number,T,Total,Y40-44,From 40 to 44 years,HR,Croatia,2019,2019,266677.0
A,Annual,NR,Number,T,Total,Y40-44,From 40 to 44 years,HR,Croatia,2020,2020,267549.0
A,Annual,NR,Number,T,Total,Y40-44,From 40 to 44 years,HR,Croatia,2021,2021,267766.0
A,Annual,NR,Number,T,Total,Y40-44,From 40 to 44 years,HR,Croatia,2022,2022,267208.0
A,Annual,NR,Number,T,Total,Y40-44,From 40 to 44 years,HR,Croatia,2023,2023,267803.0
A,Annual,NR,Number,T,Total,Y40-44,From 40 to 44 years,IT,Italy,2010,2010,4891294.0
A,Annual,NR,Number,T,Total,Y40-44,From 40 to 44 years,IT,Italy,2011,2011,4870390.0
A,Annual,NR,Number,T,Total,Y40-44,From 40 to 44 years,IT,Italy,2012,2012,4846233.0
A,Annual,NR,Number,T,Total,Y40-44,From 40 to 44 years,IT,Italy,2013,2013,4833220.0
A,Annual,NR,Number,T,Total,Y40-44,From 40 to 44 years,IT,Italy,2014,2014,4809514.0
A,Annual,NR,Number,T,Total,Y40-44,From 40 to 44 years,IT,Italy,2015,2015,4773914.0
A,Annual,NR,Number,T,Total,Y40-44,From 40 to 44 years,IT,Italy,2016,2016,4725830.0
A,Annual,NR,Number,T,Total,Y40-44,From 40 to 44 years,IT,Italy,2017,2017,4628648.0
A,Annual,NR,Number,T,Total,Y40-44,From 40 to 44 years,IT,Italy,2018,2018,4504958.0
A,Annual,NR,Number,T,Total,Y40-44,From 40 to 44 years,IT,Italy,2019,2019,4372031.0
A,Annual,NR,Number,T,Total,Y40-44,From 40 to 44 years,IT,Italy,2020,2020,4187464.0
A,Annual,NR,Number,T,Total,Y40-44,From 40 to 44 years,IT,Italy,2021,2021,4008570.0
A,Annual,NR,Number,T,Total,Y40-44,From 40 to 44 years,IT,Italy,2022,2022,3868084.0
A,Annual,NR,Number,T,Total,Y40-44,From 40 to 44 years,IT,Italy,2023,2023,3773564.0
A,Annual,NR,Number,T,Total,Y40-44,From 40 to 44 years,CY,Cyprus,2010,2010,55455.0
A,Annual,NR,Number,T,Total,Y40-44,From 40 to 44 years,CY,Cyprus,2011,2011,56227.0
A,Annual,NR,Number,T,Total,Y40-44,From 40 to 44 years,CY,Cyprus,2012,2012,58096.0
A,Annual,NR,Number,T,Total,Y40-44,From 40 to 44 years,CY,Cyprus,2013,2013,58469.0
A,Annual,NR,Number,T,Total,Y40-44,From 40 to 44 years,CY,Cyprus,2014,2014,58135.0
A,Annual,NR,Number,T,Total,Y40-44,From 40 to 44 years,CY,Cyprus,2015,2015,58111.0
A,Annual,NR,Number,T,Total,Y40-44,From 40 to 44 years,CY,Cyprus,2016,2016,57857.0
A,Annual,NR,Number,T,Total,Y40-44,From 40 to 44 years,CY,Cyprus,2017,2017,58993.0
A,Annual,NR,Number,T,Total,Y40-44,From 40 to 44 years,CY,Cyprus,2018,2018,59658.0
A,Annual,NR,Number,T,Total,Y40-44,From 40 to 44 years,CY,Cyprus,2019,2019,61318.0
A,Annual,NR,Number,T,Total,Y40-44,From 40 to 44 years,CY,Cyprus,2020,2020,63576.0
A,Annual,NR,Number,T,Total,Y40-44,From 40 to 44 years,CY,Cyprus,2021,2021,67161.0
A,Annual,NR,Number,T,Total,Y40-44,From 40 to 44 years,CY,Cyprus,2022,2022,70746.0
A,Annual,NR,Number,T,Total,Y40-44,From 40 to 44 years,CY,Cyprus,2023,2023,74174.0
A,Annual,NR,Number,T,Total,Y40-44,From 40 to 44 years,LV,Latvia,2010,2010,142529.0
A,Annual,NR,Number,T,Total,Y40-44,From 40 to 44 years,LV,Latvia,2011,2011,141122.0
A,Annual,NR,Number,T,Total,Y40-44,From 40 to 44 years,LV,Latvia,2012,2012,140669.0
A,Annual,NR,Number,T,Total,Y40-44,From 40 to 44 years,LV,Latvia,2013,2013,140190.0
A,Annual,NR,Number,T,Total,Y40-44,From 40 to 44 years,LV,Latvia,2014,2014,138512.0
A,Annual,NR,Number,T,Total,Y40-44,From 40 to 44 years,LV,Latvia,2015,2015,137503.0
A,Annual,NR,Number,T,Total,Y40-44,From 40 to 44 years,LV,Latvia,2016,2016,135589.0
A,Annual,NR,Number,T,Total,Y40-44,From 40 to 44 years,LV,Latvia,2017,2017,132105.0
A,Annual,NR,Number,T,Total,Y40-44,From 40 to 44 years,LV,Latvia,2018,2018,128938.0
A,Annual,NR,Number,T,Total,Y40-44,From 40 to 44 years,LV,Latvia,2019,2019,126352.0
A,Annual,NR,Number,T,Total,Y40-44,From 40 to 44 years,LV,Latvia,2020,2020,124087.0
A,Annual,NR,Number,T,Total,Y40-44,From 40 to 44 years,LV,Latvia,2021,2021,122421.0
A,Annual,NR,Number,T,Total,Y40-44,From 40 to 44 years,LV,Latvia,2022,2022,121963.0
A,Annual,NR,Number,T,Total,Y40-44,From 40 to 44 years,LV,Latvia,2023,2023,127740.0
A,Annual,NR,Number,T,Total,Y40-44,From 40 to 44 years,LT,Lithuania,2010,2010,225053.0
A,Annual,NR,Number,T,Total,Y40-44,From 40 to 44 years,LT,Lithuania,2011,2011,218947.0
A,Annual,NR,Number,T,Total,Y40-44,From 40 to 44 years,LT,Lithuania,2012,2012,215841.0
A,Annual,NR,Number,T,Total,Y40-44,From 40 to 44 years,LT,Lithuania,2013,2013,213366.0
A,Annual,NR,Number,T,Total,Y40-44,From 40 to 44 years,LT,Lithuania,2014,2014,208727.0
A,Annual,NR,Number,T,Total,Y40-44,From 40 to 44 years,LT,Lithuania,2015,2015,204345.0
A,Annual,NR,Number,T,Total,Y40-44,From 40 to 44 years,LT,Lithuania,2016,2016,198172.0
A,Annual,NR,Number,T,Total,Y40-44,From 40 to 44 years,LT,Lithuania,2017,2017,191060.0
A,Annual,NR,Number,T,Total,Y40-44,From 40 to 44 years,LT,Lithuania,2018,2018,185548.0
A,Annual,NR,Number,T,Total,Y40-44,From 40 to 44 years,LT,Lithuania,2019,2019,183114.0
A,Annual,NR,Number,T,Total,Y40-44,From 40 to 44 years,LT,Lithuania,2020,2020,182105.0
A,Annual,NR,Number,T,Total,Y40-44,From 40 to 44 years,LT,Lithuania,2021,2021,180504.0
A,Annual,NR,Number,T,Total,Y40-44,From 40 to 44 years,LT,Lithuania,2022,2022,179955.0
A,Annual,NR,Number,T,Total,Y40-44,From 40 to 44 years,LT,Lithuania,2023,2023,186533.0
A,Annual,NR,Number,T,Total,Y40-44,From 40 to 44 years,LU,Luxembourg,2010,2010,42241.0
A,Annual,NR,Number,T,Total,Y40-44,From 40 to 44 years,LU,Luxembourg,2011,2011,42619.0
A,Annual,NR,Number,T,Total,Y40-44,From 40 to 44 years,LU,Luxembourg,2012,2012,43190.0
A,Annual,NR,Number,T,Total,Y40-44,From 40 to 44 years,LU,Luxembourg,2013,2013,43317.0
A,Annual,NR,Number,T,Total,Y40-44,From 40 to 44 years,LU,Luxembourg,2014,2014,43324.0
A,Annual,NR,Number,T,Total,Y40-44,From 40 to 44 years,LU,Luxembourg,2015,2015,43403.0
A,Annual,NR,Number,T,Total,Y40-44,From 40 to 44 years,LU,Luxembourg,2016,2016,43956.0
A,Annual,NR,Number,T,Total,Y40-44,From 40 to 44 years,LU,Luxembourg,2017,2017,44376.0
A,Annual,NR,Number,T,Total,Y40-44,From 40 to 44 years,LU,Luxembourg,2018,2018,45255.0
A,Annual,NR,Number,T,Total,Y40-44,From 40 to 44 years,LU,Luxembourg,2019,2019,46177.0
A,Annual,NR,Number,T,Total,Y40-44,From 40 to 44 years,LU,Luxembourg,2020,2020,47058.0
A,Annual,NR,Number,T,Total,Y40-44,From 40 to 44 years,LU,Luxembourg,2021,2021,48190.0
A,Annual,NR,Number,T,Total,Y40-44,From 40 to 44 years,LU,Luxembourg,2022,2022,49083.0
A,Annual,NR,Number,T,Total,Y40-44,From 40 to 44 years,LU,Luxembourg,2023,2023,50419.0
A,Annual,NR,Number,T,Total,Y40-44,From 40 to 44 years,HU,Hungary,2010,2010,675078.0
A,Annual,NR,Number,T,Total,Y40-44,From 40 to 44 years,HU,Hungary,2011,2011,697787.0
A,Annual,NR,Number,T,Total,Y40-44,From 40 to 44 years,HU,Hungary,2012,2012,717470.0
A,Annual,NR,Number,T,Total,Y40-44,From 40 to 44 years,HU,Hungary,2013,2013,723272.0
A,Annual,NR,Number,T,Total,Y40-44,From 40 to 44 years,HU,Hungary,2014,2014,724102.0
A,Annual,NR,Number,T,Total,Y40-44,From 40 to 44 years,HU,Hungary,2015,2015,752848.0
A,Annual,NR,Number,T,Total,Y40-44,From 40 to 44 years,HU,Hungary,2016,2016,790715.0
A,Annual,NR,Number,T,Total,Y40-44,From 40 to 44 years,HU,Hungary,2017,2017,820428.0
A,Annual,NR,Number,T,Total,Y40-44,From 40 to 44 years,HU,Hungary,2018,2018,843206.0
A,Annual,NR,Number,T,Total,Y40-44,From 40 to 44 years,HU,Hungary,2019,2019,857908.0
A,Annual,NR,Number,T,Total,Y40-44,From 40 to 44 years,HU,Hungary,2020,2020,839267.0
A,Annual,NR,Number,T,Total,Y40-44,From 40 to 44 years,HU,Hungary,2021,2021,800233.0
A,Annual,NR,Number,T,Total,Y40-44,From 40 to 44 years,HU,Hungary,2022,2022,762606.0
A,Annual,NR,Number,T,Total,Y40-44,From 40 to 44 years,HU,Hungary,2023,2023,720906.0
A,Annual,NR,Number,T,Total,Y40-44,From 40 to 44 years,MT,Malta,2010,2010,24891.0
A,Annual,NR,Number,T,Total,Y40-44,From 40 to 44 years,MT,Malta,2011,2011,24843.0
A,Annual,NR,Number,T,Total,Y40-44,From 40 to 44 years,MT,Malta,2012,2012,25337.0
A,Annual,NR,Number,T,Total,Y40-44,From 40 to 44 years,MT,Malta,2013,2013,25837.0
A,Annual,NR,Number,T,Total,Y40-44,From 40 to 44 years,MT,Malta,2014,2014,26651.0
A,Annual,NR,Number,T,Total,Y40-44,From 40 to 44 years,MT,Malta,2015,2015,28362.0
A,Annual,NR,Number,T,Total,Y40-44,From 40 to 44 years,MT,Malta,2016,2016,30144.0
A,Annual,NR,Number,T,Total,Y40-44,From 40 to 44 years,MT,Malta,2017,2017,31669.0
A,Annual,NR,Number,T,Total,Y40-44,From 40 to 44 years,MT,Malta,2018,2018,33799.0
A,Annual,NR,Number,T,Total,Y40-44,From 40 to 44 years,MT,Malta,2019,2019,36106.0
A,Annual,NR,Number,T,Total,Y40-44,From 40 to 44 years,MT,Malta,2020,2020,38868.0
A,Annual,NR,Number,T,Total,Y40-44,From 40 to 44 years,MT,Malta,2021,2021,39723.0
A,Annual,NR,Number,T,Total,Y40-44,From 40 to 44 years,MT,Malta,2022,2022,40440.0
A,Annual,NR,Number,T,Total,Y40-44,From 40 to 44 years,MT,Malta,2023,2023,43183.0
A,Annual,NR,Number,T,Total,Y40-44,From 40 to 44 years,NL,Netherlands,2010,2010,1296780.0
A,Annual,NR,Number,T,Total,Y40-44,From 40 to 44 years,NL,Netherlands,2011,2011,1295925.0
A,Annual,NR,Number,T,Total,Y40-44,From 40 to 44 years,NL,Netherlands,2012,2012,1288553.0
A,Annual,NR,Number,T,Total,Y40-44,From 40 to 44 years,NL,Netherlands,2013,2013,1270190.0
A,Annual,NR,Number,T,Total,Y40-44,From 40 to 44 years,NL,Netherlands,2014,2014,1232315.0
A,Annual,NR,Number,T,Total,Y40-44,From 40 to 44 years,NL,Netherlands,2015,2015,1176864.0
A,Annual,NR,Number,T,Total,Y40-44,From 40 to 44 years,NL,Netherlands,2016,2016,1119982.0
A,Annual,NR,Number,T,Total,Y40-44,From 40 to 44 years,NL,Netherlands,2017,2017,1073880.0
A,Annual,NR,Number,T,Total,Y40-44,From 40 to 44 years,NL,Netherlands,2018,2018,1038312.0
A,Annual,NR,Number,T,Total,Y40-44,From 40 to 44 years,NL,Netherlands,2019,2019,1025388.0
A,Annual,NR,Number,T,Total,Y40-44,From 40 to 44 years,NL,Netherlands,2020,2020,1022008.0
A,Annual,NR,Number,T,Total,Y40-44,From 40 to 44 years,NL,Netherlands,2021,2021,1033488.0
A,Annual,NR,Number,T,Total,Y40-44,From 40 to 44 years,NL,Netherlands,2022,2022,1044047.0
A,Annual,NR,Number,T,Total,Y40-44,From 40 to 44 years,NL,Netherlands,2023,2023,1062885.0
A,Annual,NR,Number,T,Total,Y40-44,From 40 to 44 years,AT,Austria,2010,2010,703584.0
A,Annual,NR,Number,T,Total,Y40-44,From 40 to 44 years,AT,Austria,2011,2011,688686.0
A,Annual,NR,Number,T,Total,Y40-44,From 40 to 44 years,AT,Austria,2012,2012,672785.0
A,Annual,NR,Number,T,Total,Y40-44,From 40 to 44 years,AT,Austria,2013,2013,653499.0
A,Annual,NR,Number,T,Total,Y40-44,From 40 to 44 years,AT,Austria,2014,2014,629373.0
A,Annual,NR,Number,T,Total,Y40-44,From 40 to 44 years,AT,Austria,2015,2015,610222.0
A,Annual,NR,Number,T,Total,Y40-44,From 40 to 44 years,AT,Austria,2016,2016,598003.0
A,Annual,NR,Number,T,Total,Y40-44,From 40 to 44 years,AT,Austria,2017,2017,582792.0
A,Annual,NR,Number,T,Total,Y40-44,From 40 to 44 years,AT,Austria,2018,2018,571243.0
A,Annual,NR,Number,T,Total,Y40-44,From 40 to 44 years,AT,Austria,2019,2019,566656.0
A,Annual,NR,Number,T,Total,Y40-44,From 40 to 44 years,AT,Austria,2020,2020,564441.0
A,Annual,NR,Number,T,Total,Y40-44,From 40 to 44 years,AT,Austria,2021,2021,571135.0
A,Annual,NR,Number,T,Total,Y40-44,From 40 to 44 years,AT,Austria,2022,2022,585126.0
A,Annual,NR,Number,T,Total,Y40-44,From 40 to 44 years,AT,Austria,2023,2023,607639.0
A,Annual,NR,Number,T,Total,Y40-44,From 40 to 44 years,PL,Poland,2010,2010,2325435.0
A,Annual,NR,Number,T,Total,Y40-44,From 40 to 44 years,PL,Poland,2011,2011,2338299.0
A,Annual,NR,Number,T,Total,Y40-44,From 40 to 44 years,PL,Poland,2012,2012,2372621.0
A,Annual,NR,Number,T,Total,Y40-44,From 40 to 44 years,PL,Poland,2013,2013,2430841.0
A,Annual,NR,Number,T,Total,Y40-44,From 40 to 44 years,PL,Poland,2014,2014,2502674.0
A,Annual,NR,Number,T,Total,Y40-44,From 40 to 44 years,PL,Poland,2015,2015,2589437.0
A,Annual,NR,Number,T,Total,Y40-44,From 40 to 44 years,PL,Poland,2016,2016,2679347.0
A,Annual,NR,Number,T,Total,Y40-44,From 40 to 44 years,PL,Poland,2017,2017,2776151.0
A,Annual,NR,Number,T,Total,Y40-44,From 40 to 44 years,PL,Poland,2018,2018,2849028.0
A,Annual,NR,Number,T,Total,Y40-44,From 40 to 44 years,PL,Poland,2019,2019,2908354.0
A,Annual,NR,Number,T,Total,Y40-44,From 40 to 44 years,PL,Poland,2020,2020,2962472.0
A,Annual,NR,Number,T,Total,Y40-44,From 40 to 44 years,PL,Poland,2021,2021,2940005.0
A,Annual,NR,Number,T,Total,Y40-44,From 40 to 44 years,PL,Poland,2022,2022,2938330.0
A,Annual,NR,Number,T,Total,Y40-44,From 40 to 44 years,PL,Poland,2023,2023,2967375.0
A,Annual,NR,Number,T,Total,Y40-44,From 40 to 44 years,PT,Portugal,2010,2010,775647.0
A,Annual,NR,Number,T,Total,Y40-44,From 40 to 44 years,PT,Portugal,2011,2011,776647.0
A,Annual,NR,Number,T,Total,Y40-44,From 40 to 44 years,PT,Portugal,2012,2012,779270.0
A,Annual,NR,Number,T,Total,Y40-44,From 40 to 44 years,PT,Portugal,2013,2013,784602.0
A,Annual,NR,Number,T,Total,Y40-44,From 40 to 44 years,PT,Portugal,2014,2014,789321.0
A,Annual,NR,Number,T,Total,Y40-44,From 40 to 44 years,PT,Portugal,2015,2015,797884.0
A,Annual,NR,Number,T,Total,Y40-44,From 40 to 44 years,PT,Portugal,2016,2016,806604.0
A,Annual,NR,Number,T,Total,Y40-44,From 40 to 44 years,PT,Portugal,2017,2017,810450.0
A,Annual,NR,Number,T,Total,Y40-44,From 40 to 44 years,PT,Portugal,2018,2018,810179.0
A,Annual,NR,Number,T,Total,Y40-44,From 40 to 44 years,PT,Portugal,2019,2019,799141.0
A,Annual,NR,Number,T,Total,Y40-44,From 40 to 44 years,PT,Portugal,2020,2020,783098.0
A,Annual,NR,Number,T,Total,Y40-44,From 40 to 44 years,PT,Portugal,2021,2021,766131.0
A,Annual,NR,Number,T,Total,Y40-44,From 40 to 44 years,PT,Portugal,2022,2022,743569.0
A,Annual,NR,Number,T,Total,Y40-44,From 40 to 44 years,PT,Portugal,2023,2023,729857.0
A,Annual,NR,Number,T,Total,Y40-44,From 40 to 44 years,RO,Romania,2010,2010,1741291.0
A,Annual,NR,Number,T,Total,Y40-44,From 40 to 44 years,RO,Romania,2011,2011,1745996.0
A,Annual,NR,Number,T,Total,Y40-44,From 40 to 44 years,RO,Romania,2012,2012,1759282.0
A,Annual,NR,Number,T,Total,Y40-44,From 40 to 44 years,RO,Romania,2013,2013,1656488.0
A,Annual,NR,Number,T,Total,Y40-44,From 40 to 44 years,RO,Romania,2014,2014,1553760.0
A,Annual,NR,Number,T,Total,Y40-44,From 40 to 44 years,RO,Romania,2015,2015,1524850.0
A,Annual,NR,Number,T,Total,Y40-44,From 40 to 44 years,RO,Romania,2016,2016,1515264.0
A,Annual,NR,Number,T,Total,Y40-44,From 40 to 44 years,RO,Romania,2017,2017,1517819.0
A,Annual,NR,Number,T,Total,Y40-44,From 40 to 44 years,RO,Romania,2018,2018,1538409.0
A,Annual,NR,Number,T,Total,Y40-44,From 40 to 44 years,RO,Romania,2019,2019,1555321.0
A,Annual,NR,Number,T,Total,Y40-44,From 40 to 44 years,RO,Romania,2020,2020,1536588.0
A,Annual,NR,Number,T,Total,Y40-44,From 40 to 44 years,RO,Romania,2021,2021,1513575.0
A,Annual,NR,Number,T,Total,Y40-44,From 40 to 44 years,RO,Romania,2022,2022,1450944.0
A,Annual,NR,Number,T,Total,Y40-44,From 40 to 44 years,RO,Romania,2023,2023,1398135.0
A,Annual,NR,Number,T,Total,Y40-44,From 40 to 44 years,SI,Slovenia,2010,2010,154887.0
A,Annual,NR,Number,T,Total,Y40-44,From 40 to 44 years,SI,Slovenia,2011,2011,150670.0
A,Annual,NR,Number,T,Total,Y40-44,From 40 to 44 years,SI,Slovenia,2012,2012,147774.0
A,Annual,NR,Number,T,Total,Y40-44,From 40 to 44 years,SI,Slovenia,2013,2013,146720.0
A,Annual,NR,Number,T,Total,Y40-44,From 40 to 44 years,SI,Slovenia,2014,2014,146842.0
A,Annual,NR,Number,T,Total,Y40-44,From 40 to 44 years,SI,Slovenia,2015,2015,147666.0
A,Annual,NR,Number,T,Total,Y40-44,From 40 to 44 years,SI,Slovenia,2016,2016,150102.0
A,Annual,NR,Number,T,Total,Y40-44,From 40 to 44 years,SI,Slovenia,2017,2017,152605.0
A,Annual,NR,Number,T,Total,Y40-44,From 40 to 44 years,SI,Slovenia,2018,2018,153903.0
A,Annual,NR,Number,T,Total,Y40-44,From 40 to 44 years,SI,Slovenia,2019,2019,156582.0
A,Annual,NR,Number,T,Total,Y40-44,From 40 to 44 years,SI,Slovenia,2020,2020,159721.0
A,Annual,NR,Number,T,Total,Y40-44,From 40 to 44 years,SI,Slovenia,2021,2021,161814.0
A,Annual,NR,Number,T,Total,Y40-44,From 40 to 44 years,SI,Slovenia,2022,2022,160824.0
A,Annual,NR,Number,T,Total,Y40-44,From 40 to 44 years,SI,Slovenia,2023,2023,160535.0
A,Annual,NR,Number,T,Total,Y40-44,From 40 to 44 years,SK,Slovakia,2010,2010,358432.0
A,Annual,NR,Number,T,Total,Y40-44,From 40 to 44 years,SK,Slovakia,2011,2011,356527.0
A,Annual,NR,Number,T,Total,Y40-44,From 40 to 44 years,SK,Slovakia,2012,2012,359722.0
A,Annual,NR,Number,T,Total,Y40-44,From 40 to 44 years,SK,Slovakia,2013,2013,370230.0
A,Annual,NR,Number,T,Total,Y40-44,From 40 to 44 years,SK,Slovakia,2014,2014,386194.0
A,Annual,NR,Number,T,Total,Y40-44,From 40 to 44 years,SK,Slovakia,2015,2015,403126.0
A,Annual,NR,Number,T,Total,Y40-44,From 40 to 44 years,SK,Slovakia,2016,2016,418903.0
A,Annual,NR,Number,T,Total,Y40-44,From 40 to 44 years,SK,Slovakia,2017,2017,434461.0
A,Annual,NR,Number,T,Total,Y40-44,From 40 to 44 years,SK,Slovakia,2018,2018,445774.0
A,Annual,NR,Number,T,Total,Y40-44,From 40 to 44 years,SK,Slovakia,2019,2019,452499.0
A,Annual,NR,Number,T,Total,Y40-44,From 40 to 44 years,SK,Slovakia,2020,2020,455315.0
A,Annual,NR,Number,T,Total,Y40-44,From 40 to 44 years,SK,Slovakia,2021,2021,453932.0
A,Annual,NR,Number,T,Total,Y40-44,From 40 to 44 years,SK,Slovakia,2022,2022,447841.0
A,Annual,NR,Number,T,Total,Y40-44,From 40 to 44 years,SK,Slovakia,2023,2023,442108.0
A,Annual,NR,Number,T,Total,Y40-44,From 40 to 44 years,FI,Finland,2010,2010,358754.0
A,Annual,NR,Number,T,Total,Y40-44,From 40 to 44 years,FI,Finland,2011,2011,349683.0
A,Annual,NR,Number,T,Total,Y40-44,From 40 to 44 years,FI,Finland,2012,2012,339160.0
A,Annual,NR,Number,T,Total,Y40-44,From 40 to 44 years,FI,Finland,2013,2013,327470.0
A,Annual,NR,Number,T,Total,Y40-44,From 40 to 44 years,FI,Finland,2014,2014,315840.0
A,Annual,NR,Number,T,Total,Y40-44,From 40 to 44 years,FI,Finland,2015,2015,314679.0
A,Annual,NR,Number,T,Total,Y40-44,From 40 to 44 years,FI,Finland,2016,2016,317879.0
A,Annual,NR,Number,T,Total,Y40-44,From 40 to 44 years,FI,Finland,2017,2017,324746.0
A,Annual,NR,Number,T,Total,Y40-44,From 40 to 44 years,FI,Finland,2018,2018,332814.0
A,Annual,NR,Number,T,Total,Y40-44,From 40 to 44 years,FI,Finland,2019,2019,342365.0
A,Annual,NR,Number,T,Total,Y40-44,From 40 to 44 years,FI,Finland,2020,2020,346475.0
A,Annual,NR,Number,T,Total,Y40-44,From 40 to 44 years,FI,Finland,2021,2021,348531.0
A,Annual,NR,Number,T,Total,Y40-44,From 40 to 44 years,FI,Finland,2022,2022,350308.0
A,Annual,NR,Number,T,Total,Y40-44,From 40 to 44 years,FI,Finland,2023,2023,356657.0
A,Annual,NR,Number,T,Total,Y40-44,From 40 to 44 years,SE,Sweden,2010,2010,663060.0
A,Annual,NR,Number,T,Total,Y40-44,From 40 to 44 years,SE,Sweden,2011,2011,652226.0
A,Annual,NR,Number,T,Total,Y40-44,From 40 to 44 years,SE,Sweden,2012,2012,645713.0
A,Annual,NR,Number,T,Total,Y40-44,From 40 to 44 years,SE,Sweden,2013,2013,640696.0
A,Annual,NR,Number,T,Total,Y40-44,From 40 to 44 years,SE,Sweden,2014,2014,641199.0
A,Annual,NR,Number,T,Total,Y40-44,From 40 to 44 years,SE,Sweden,2015,2015,650114.0
A,Annual,NR,Number,T,Total,Y40-44,From 40 to 44 years,SE,Sweden,2016,2016,651944.0
A,Annual,NR,Number,T,Total,Y40-44,From 40 to 44 years,SE,Sweden,2017,2017,647816.0
A,Annual,NR,Number,T,Total,Y40-44,From 40 to 44 years,SE,Sweden,2018,2018,641675.0
A,Annual,NR,Number,T,Total,Y40-44,From 40 to 44 years,SE,Sweden,2019,2019,635836.0
A,Annual,NR,Number,T,Total,Y40-44,From 40 to 44 years,SE,Sweden,2020,2020,631263.0
A,Annual,NR,Number,T,Total,Y40-44,From 40 to 44 years,SE,Sweden,2021,2021,634235.0
A,Annual,NR,Number,T,Total,Y40-44,From 40 to 44 years,SE,Sweden,2022,2022,638884.0
A,Annual,NR,Number,T,Total,Y40-44,From 40 to 44 years,SE,Sweden,2023,2023,647850.0
A,Annual,NR,Number,T,Total,Y45-49,From 45 to 49 years,BE,Belgium,2010,2010,820067.0
A,Annual,NR,Number,T,Total,Y45-49,From 45 to 49 years,BE,Belgium,2011,2011,828165.0
A,Annual,NR,Number,T,Total,Y45-49,From 45 to 49 years,BE,Belgium,2012,2012,826596.0
A,Annual,NR,Number,T,Total,Y45-49,From 45 to 49 years,BE,Belgium,2013,2013,820548.0
A,Annual,NR,Number,T,Total,Y45-49,From 45 to 49 years,BE,Belgium,2014,2014,809626.0
A,Annual,NR,Number,T,Total,Y45-49,From 45 to 49 years,BE,Belgium,2015,2015,796802.0
A,Annual,NR,Number,T,Total,Y45-49,From 45 to 49 years,BE,Belgium,2016,2016,791274.0
A,Annual,NR,Number,T,Total,Y45-49,From 45 to 49 years,BE,Belgium,2017,2017,786509.0
A,Annual,NR,Number,T,Total,Y45-49,From 45 to 49 years,BE,Belgium,2018,2018,783682.0
A,Annual,NR,Number,T,Total,Y45-49,From 45 to 49 years,BE,Belgium,2019,2019,777528.0
A,Annual,NR,Number,T,Total,Y45-49,From 45 to 49 years,BE,Belgium,2020,2020,768805.0
A,Annual,NR,Number,T,Total,Y45-49,From 45 to 49 years,BE,Belgium,2021,2021,754300.0
A,Annual,NR,Number,T,Total,Y45-49,From 45 to 49 years,BE,Belgium,2022,2022,743639.0
A,Annual,NR,Number,T,Total,Y45-49,From 45 to 49 years,BE,Belgium,2023,2023,742477.0
A,Annual,NR,Number,T,Total,Y45-49,From 45 to 49 years,BG,Bulgaria,2010,2010,508236.0
A,Annual,NR,Number,T,Total,Y45-49,From 45 to 49 years,BG,Bulgaria,2011,2011,496499.0
A,Annual,NR,Number,T,Total,Y45-49,From 45 to 49 years,BG,Bulgaria,2012,2012,483885.0
A,Annual,NR,Number,T,Total,Y45-49,From 45 to 49 years,BG,Bulgaria,2013,2013,461958.0
A,Annual,NR,Number,T,Total,Y45-49,From 45 to 49 years,BG,Bulgaria,2014,2014,459765.0
A,Annual,NR,Number,T,Total,Y45-49,From 45 to 49 years,BG,Bulgaria,2015,2015,471524.0
A,Annual,NR,Number,T,Total,Y45-49,From 45 to 49 years,BG,Bulgaria,2016,2016,479978.0
A,Annual,NR,Number,T,Total,Y45-49,From 45 to 49 years,BG,Bulgaria,2017,2017,489082.0
A,Annual,NR,Number,T,Total,Y45-49,From 45 to 49 years,BG,Bulgaria,2018,2018,493041.0
A,Annual,NR,Number,T,Total,Y45-49,From 45 to 49 years,BG,Bulgaria,2019,2019,494227.0
A,Annual,NR,Number,T,Total,Y45-49,From 45 to 49 years,BG,Bulgaria,2020,2020,494099.0
A,Annual,NR,Number,T,Total,Y45-49,From 45 to 49 years,BG,Bulgaria,2021,2021,496839.0
A,Annual,NR,Number,T,Total,Y45-49,From 45 to 49 years,BG,Bulgaria,2022,2022,502951.0
A,Annual,NR,Number,T,Total,Y45-49,From 45 to 49 years,BG,Bulgaria,2023,2023,508887.0
A,Annual,NR,Number,T,Total,Y45-49,From 45 to 49 years,CZ,Czechia,2010,2010,679669.0
A,Annual,NR,Number,T,Total,Y45-49,From 45 to 49 years,CZ,Czechia,2011,2011,696050.0
A,Annual,NR,Number,T,Total,Y45-49,From 45 to 49 years,CZ,Czechia,2012,2012,705709.0
A,Annual,NR,Number,T,Total,Y45-49,From 45 to 49 years,CZ,Czechia,2013,2013,710290.0
A,Annual,NR,Number,T,Total,Y45-49,From 45 to 49 years,CZ,Czechia,2014,2014,699388.0
A,Annual,NR,Number,T,Total,Y45-49,From 45 to 49 years,CZ,Czechia,2015,2015,692290.0
A,Annual,NR,Number,T,Total,Y45-49,From 45 to 49 years,CZ,Czechia,2016,2016,696832.0
A,Annual,NR,Number,T,Total,Y45-49,From 45 to 49 years,CZ,Czechia,2017,2017,713002.0
A,Annual,NR,Number,T,Total,Y45-49,From 45 to 49 years,CZ,Czechia,2018,2018,741070.0
A,Annual,NR,Number,T,Total,Y45-49,From 45 to 49 years,CZ,Czechia,2019,2019,787035.0
A,Annual,NR,Number,T,Total,Y45-49,From 45 to 49 years,CZ,Czechia,2020,2020,839278.0
A,Annual,NR,Number,T,Total,Y45-49,From 45 to 49 years,CZ,Czechia,2021,2021,865593.0
A,Annual,NR,Number,T,Total,Y45-49,From 45 to 49 years,CZ,Czechia,2022,2022,899597.0
A,Annual,NR,Number,T,Total,Y45-49,From 45 to 49 years,CZ,Czechia,2023,2023,939749.0
A,Annual,NR,Number,T,Total,Y45-49,From 45 to 49 years,DK,Denmark,2010,2010,399835.0
A,Annual,NR,Number,T,Total,Y45-49,From 45 to 49 years,DK,Denmark,2011,2011,409904.0
A,Annual,NR,Number,T,Total,Y45-49,From 45 to 49 years,DK,Denmark,2012,2012,422591.0
A,Annual,NR,Number,T,Total,Y45-49,From 45 to 49 years,DK,Denmark,2013,2013,427351.0
A,Annual,NR,Number,T,Total,Y45-49,From 45 to 49 years,DK,Denmark,2014,2014,422425.0
A,Annual,NR,Number,T,Total,Y45-49,From 45 to 49 years,DK,Denmark,2015,2015,413604.0
A,Annual,NR,Number,T,Total,Y45-49,From 45 to 49 years,DK,Denmark,2016,2016,403639.0
A,Annual,NR,Number,T,Total,Y45-49,From 45 to 49 years,DK,Denmark,2017,2017,393841.0
A,Annual,NR,Number,T,Total,Y45-49,From 45 to 49 years,DK,Denmark,2018,2018,391089.0
A,Annual,NR,Number,T,Total,Y45-49,From 45 to 49 years,DK,Denmark,2019,2019,390083.0
A,Annual,NR,Number,T,Total,Y45-49,From 45 to 49 years,DK,Denmark,2020,2020,391889.0
A,Annual,NR,Number,T,Total,Y45-49,From 45 to 49 years,DK,Denmark,2021,2021,395004.0
A,Annual,NR,Number,T,Total,Y45-49,From 45 to 49 years,DK,Denmark,2022,2022,389706.0
A,Annual,NR,Number,T,Total,Y45-49,From 45 to 49 years,DK,Denmark,2023,2023,382173.0
A,Annual,NR,Number,T,Total,Y45-49,From 45 to 49 years,DE,Germany,2010,2010,7023310.0
A,Annual,NR,Number,T,Total,Y45-49,From 45 to 49 years,DE,Germany,2011,2011,6966174.0
A,Annual,NR,Number,T,Total,Y45-49,From 45 to 49 years,DE,Germany,2012,2012,6998760.0
A,Annual,NR,Number,T,Total,Y45-49,From 45 to 49 years,DE,Germany,2013,2013,6978201.0
A,Annual,NR,Number,T,Total,Y45-49,From 45 to 49 years,DE,Germany,2014,2014,6881594.0
A,Annual,NR,Number,T,Total,Y45-49,From 45 to 49 years,DE,Germany,2015,2015,6722424.0
A,Annual,NR,Number,T,Total,Y45-49,From 45 to 49 years,DE,Germany,2016,2016,6523704.0
A,Annual,NR,Number,T,Total,Y45-49,From 45 to 49 years,DE,Germany,2017,2017,6259912.0
A,Annual,NR,Number,T,Total,Y45-49,From 45 to 49 years,DE,Germany,2018,2018,5943287.0
A,Annual,NR,Number,T,Total,Y45-49,From 45 to 49 years,DE,Germany,2019,2019,5584519.0
A,Annual,NR,Number,T,Total,Y45-49,From 45 to 49 years,DE,Germany,2020,2020,5273358.0
A,Annual,NR,Number,T,Total,Y45-49,From 45 to 49 years,DE,Germany,2021,2021,5035860.0
A,Annual,NR,Number,T,Total,Y45-49,From 45 to 49 years,DE,Germany,2022,2022,4864404.0
A,Annual,NR,Number,T,Total,Y45-49,From 45 to 49 years,DE,Germany,2023,2023,4832604.0
A,Annual,NR,Number,T,Total,Y45-49,From 45 to 49 years,EE,Estonia,2010,2010,93670.0
A,Annual,NR,Number,T,Total,Y45-49,From 45 to 49 years,EE,Estonia,2011,2011,90780.0
A,Annual,NR,Number,T,Total,Y45-49,From 45 to 49 years,EE,Estonia,2012,2012,87785.0
A,Annual,NR,Number,T,Total,Y45-49,From 45 to 49 years,EE,Estonia,2013,2013,85332.0
A,Annual,NR,Number,T,Total,Y45-49,From 45 to 49 years,EE,Estonia,2014,2014,84690.0
A,Annual,NR,Number,T,Total,Y45-49,From 45 to 49 years,EE,Estonia,2015,2015,84792.0
A,Annual,NR,Number,T,Total,Y45-49,From 45 to 49 years,EE,Estonia,2016,2016,85854.0
A,Annual,NR,Number,T,Total,Y45-49,From 45 to 49 years,EE,Estonia,2017,2017,87871.0
A,Annual,NR,Number,T,Total,Y45-49,From 45 to 49 years,EE,Estonia,2018,2018,90222.0
A,Annual,NR,Number,T,Total,Y45-49,From 45 to 49 years,EE,Estonia,2019,2019,91347.0
A,Annual,NR,Number,T,Total,Y45-49,From 45 to 49 years,EE,Estonia,2020,2020,91734.0
A,Annual,NR,Number,T,Total,Y45-49,From 45 to 49 years,EE,Estonia,2021,2021,91538.0
A,Annual,NR,Number,T,Total,Y45-49,From 45 to 49 years,EE,Estonia,2022,2022,91346.0
A,Annual,NR,Number,T,Total,Y45-49,From 45 to 49 years,EE,Estonia,2023,2023,93384.0
A,Annual,NR,Number,T,Total,Y45-49,From 45 to 49 years,IE,Ireland,2010,2010,299509.0
A,Annual,NR,Number,T,Total,Y45-49,From 45 to 49 years,IE,Ireland,2011,2011,303340.0
A,Annual,NR,Number,T,Total,Y45-49,From 45 to 49 years,IE,Ireland,2012,2012,306971.0
A,Annual,NR,Number,T,Total,Y45-49,From 45 to 49 years,IE,Ireland,2013,2013,309419.0
A,Annual,NR,Number,T,Total,Y45-49,From 45 to 49 years,IE,Ireland,2014,2014,311925.0
A,Annual,NR,Number,T,Total,Y45-49,From 45 to 49 years,IE,Ireland,2015,2015,316059.0
A,Annual,NR,Number,T,Total,Y45-49,From 45 to 49 years,IE,Ireland,2016,2016,323074.0
A,Annual,NR,Number,T,Total,Y45-49,From 45 to 49 years,IE,Ireland,2017,2017,331769.0
A,Annual,NR,Number,T,Total,Y45-49,From 45 to 49 years,IE,Ireland,2018,2018,340702.0
A,Annual,NR,Number,T,Total,Y45-49,From 45 to 49 years,IE,Ireland,2019,2019,351103.0
A,Annual,NR,Number,T,Total,Y45-49,From 45 to 49 years,IE,Ireland,2020,2020,360950.0
A,Annual,NR,Number,T,Total,Y45-49,From 45 to 49 years,IE,Ireland,2021,2021,366729.0
A,Annual,NR,Number,T,Total,Y45-49,From 45 to 49 years,IE,Ireland,2022,2022,373804.0
A,Annual,NR,Number,T,Total,Y45-49,From 45 to 49 years,IE,Ireland,2023,2023,383883.0
A,Annual,NR,Number,T,Total,Y45-49,From 45 to 49 years,EL,Greece,2010,2010,766777.0
A,Annual,NR,Number,T,Total,Y45-49,From 45 to 49 years,EL,Greece,2012,2012,779304.0
A,Annual,NR,Number,T,Total,Y45-49,From 45 to 49 years,EL,Greece,2013,2013,792647.0
A,Annual,NR,Number,T,Total,Y45-49,From 45 to 49 years,EL,Greece,2014,2014,808057.0
A,Annual,NR,Number,T,Total,Y45-49,From 45 to 49 years,EL,Greece,2015,2015,820154.0
A,Annual,NR,Number,T,Total,Y45-49,From 45 to 49 years,EL,Greece,2016,2016,825414.0
A,Annual,NR,Number,T,Total,Y45-49,From 45 to 49 years,EL,Greece,2017,2017,823661.0
A,Annual,NR,Number,T,Total,Y45-49,From 45 to 49 years,EL,Greece,2018,2018,813749.0
A,Annual,NR,Number,T,Total,Y45-49,From 45 to 49 years,EL,Greece,2019,2019,802209.0
A,Annual,NR,Number,T,Total,Y45-49,From 45 to 49 years,EL,Greece,2020,2020,799985.0
A,Annual,NR,Number,T,Total,Y45-49,From 45 to 49 years,EL,Greece,2021,2021,799481.0
A,Annual,NR,Number,T,Total,Y45-49,From 45 to 49 years,EL,Greece,2022,2022,801543.0
A,Annual,NR,Number,T,Total,Y45-49,From 45 to 49 years,EL,Greece,2023,2023,801496.0
A,Annual,NR,Number,T,Total,Y45-49,From 45 to 49 years,ES,Spain,2010,2010,3480003.0
A,Annual,NR,Number,T,Total,Y45-49,From 45 to 49 years,ES,Spain,2011,2011,3541523.0
A,Annual,NR,Number,T,Total,Y45-49,From 45 to 49 years,ES,Spain,2012,2012,3610981.0
A,Annual,NR,Number,T,Total,Y45-49,From 45 to 49 years,ES,Spain,2013,2013,3666891.0
A,Annual,NR,Number,T,Total,Y45-49,From 45 to 49 years,ES,Spain,2014,2014,3688374.0
A,Annual,NR,Number,T,Total,Y45-49,From 45 to 49 years,ES,Spain,2015,2015,3688811.0
A,Annual,NR,Number,T,Total,Y45-49,From 45 to 49 years,ES,Spain,2016,2016,3711600.0
A,Annual,NR,Number,T,Total,Y45-49,From 45 to 49 years,ES,Spain,2017,2017,3742332.0
A,Annual,NR,Number,T,Total,Y45-49,From 45 to 49 years,ES,Spain,2018,2018,3770217.0
A,Annual,NR,Number,T,Total,Y45-49,From 45 to 49 years,ES,Spain,2019,2019,3817465.0
A,Annual,NR,Number,T,Total,Y45-49,From 45 to 49 years,ES,Spain,2020,2020,3889302.0
A,Annual,NR,Number,T,Total,Y45-49,From 45 to 49 years,ES,Spain,2021,2021,3948606.0
A,Annual,NR,Number,T,Total,Y45-49,From 45 to 49 years,ES,Spain,2022,2022,3998277.0
A,Annual,NR,Number,T,Total,Y45-49,From 45 to 49 years,ES,Spain,2023,2023,4055364.0
A,Annual,NR,Number,T,Total,Y45-49,From 45 to 49 years,FR,France,2010,2010,4507489.0
A,Annual,NR,Number,T,Total,Y45-49,From 45 to 49 years,FR,France,2011,2011,4530811.0
A,Annual,NR,Number,T,Total,Y45-49,From 45 to 49 years,FR,France,2012,2012,4551636.0
A,Annual,NR,Number,T,Total,Y45-49,From 45 to 49 years,FR,France,2013,2013,4548225.0
A,Annual,NR,Number,T,Total,Y45-49,From 45 to 49 years,FR,France,2014,2014,4535795.0
A,Annual,NR,Number,T,Total,Y45-49,From 45 to 49 years,FR,France,2015,2015,4508550.0
A,Annual,NR,Number,T,Total,Y45-49,From 45 to 49 years,FR,France,2016,2016,4496777.0
A,Annual,NR,Number,T,Total,Y45-49,From 45 to 49 years,FR,France,2017,2017,4505491.0
A,Annual,NR,Number,T,Total,Y45-49,From 45 to 49 years,FR,France,2018,2018,4546390.0
A,Annual,NR,Number,T,Total,Y45-49,From 45 to 49 years,FR,France,2019,2019,4574371.0
A,Annual,NR,Number,T,Total,Y45-49,From 45 to 49 years,FR,France,2020,2020,4535920.0
A,Annual,NR,Number,T,Total,Y45-49,From 45 to 49 years,FR,France,2021,2021,4459449.0
A,Annual,NR,Number,T,Total,Y45-49,From 45 to 49 years,FR,France,2022,2022,4347593.0
A,Annual,NR,Number,T,Total,Y45-49,From 45 to 49 years,FR,France,2023,2023,4241845.0
A,Annual,NR,Number,T,Total,Y45-49,From 45 to 49 years,HR,Croatia,2010,2010,311897.0
A,Annual,NR,Number,T,Total,Y45-49,From 45 to 49 years,HR,Croatia,2011,2011,309028.0
A,Annual,NR,Number,T,Total,Y45-49,From 45 to 49 years,HR,Croatia,2012,2012,306045.0
A,Annual,NR,Number,T,Total,Y45-49,From 45 to 49 years,HR,Croatia,2013,2013,301293.0
A,Annual,NR,Number,T,Total,Y45-49,From 45 to 49 years,HR,Croatia,2014,2014,296358.0
A,Annual,NR,Number,T,Total,Y45-49,From 45 to 49 years,HR,Croatia,2015,2015,290393.0
A,Annual,NR,Number,T,Total,Y45-49,From 45 to 49 years,HR,Croatia,2016,2016,278814.0
A,Annual,NR,Number,T,Total,Y45-49,From 45 to 49 years,HR,Croatia,2017,2017,270362.0
A,Annual,NR,Number,T,Total,Y45-49,From 45 to 49 years,HR,Croatia,2018,2018,263750.0
A,Annual,NR,Number,T,Total,Y45-49,From 45 to 49 years,HR,Croatia,2019,2019,260479.0
A,Annual,NR,Number,T,Total,Y45-49,From 45 to 49 years,HR,Croatia,2020,2020,258997.0
A,Annual,NR,Number,T,Total,Y45-49,From 45 to 49 years,HR,Croatia,2021,2021,259872.0
A,Annual,NR,Number,T,Total,Y45-49,From 45 to 49 years,HR,Croatia,2022,2022,259426.0
A,Annual,NR,Number,T,Total,Y45-49,From 45 to 49 years,HR,Croatia,2023,2023,260154.0
A,Annual,NR,Number,T,Total,Y45-49,From 45 to 49 years,IT,Italy,2010,2010,4606933.0
A,Annual,NR,Number,T,Total,Y45-49,From 45 to 49 years,IT,Italy,2011,2011,4738991.0
A,Annual,NR,Number,T,Total,Y45-49,From 45 to 49 years,IT,Italy,2012,2012,4838039.0
A,Annual,NR,Number,T,Total,Y45-49,From 45 to 49 years,IT,Italy,2013,2013,4912951.0
A,Annual,NR,Number,T,Total,Y45-49,From 45 to 49 years,IT,Italy,2014,2014,4949356.0
A,Annual,NR,Number,T,Total,Y45-49,From 45 to 49 years,IT,Italy,2015,2015,4922880.0
A,Annual,NR,Number,T,Total,Y45-49,From 45 to 49 years,IT,Italy,2016,2016,4883298.0
A,Annual,NR,Number,T,Total,Y45-49,From 45 to 49 years,IT,Italy,2017,2017,4850613.0
A,Annual,NR,Number,T,Total,Y45-49,From 45 to 49 years,IT,Italy,2018,2018,4818286.0
A,Annual,NR,Number,T,Total,Y45-49,From 45 to 49 years,IT,Italy,2019,2019,4785280.0
A,Annual,NR,Number,T,Total,Y45-49,From 45 to 49 years,IT,Italy,2020,2020,4749765.0
A,Annual,NR,Number,T,Total,Y45-49,From 45 to 49 years,IT,Italy,2021,2021,4692501.0
A,Annual,NR,Number,T,Total,Y45-49,From 45 to 49 years,IT,Italy,2022,2022,4609870.0
A,Annual,NR,Number,T,Total,Y45-49,From 45 to 49 years,IT,Italy,2023,2023,4503977.0
A,Annual,NR,Number,T,Total,Y45-49,From 45 to 49 years,CY,Cyprus,2010,2010,57128.0
A,Annual,NR,Number,T,Total,Y45-49,From 45 to 49 years,CY,Cyprus,2011,2011,57355.0
A,Annual,NR,Number,T,Total,Y45-49,From 45 to 49 years,CY,Cyprus,2012,2012,57888.0
A,Annual,NR,Number,T,Total,Y45-49,From 45 to 49 years,CY,Cyprus,2013,2013,57154.0
A,Annual,NR,Number,T,Total,Y45-49,From 45 to 49 years,CY,Cyprus,2014,2014,56129.0
A,Annual,NR,Number,T,Total,Y45-49,From 45 to 49 years,CY,Cyprus,2015,2015,55454.0
A,Annual,NR,Number,T,Total,Y45-49,From 45 to 49 years,CY,Cyprus,2016,2016,55057.0
A,Annual,NR,Number,T,Total,Y45-49,From 45 to 49 years,CY,Cyprus,2017,2017,55690.0
A,Annual,NR,Number,T,Total,Y45-49,From 45 to 49 years,CY,Cyprus,2018,2018,57344.0
A,Annual,NR,Number,T,Total,Y45-49,From 45 to 49 years,CY,Cyprus,2019,2019,58958.0
A,Annual,NR,Number,T,Total,Y45-49,From 45 to 49 years,CY,Cyprus,2020,2020,60367.0
A,Annual,NR,Number,T,Total,Y45-49,From 45 to 49 years,CY,Cyprus,2021,2021,60711.0
A,Annual,NR,Number,T,Total,Y45-49,From 45 to 49 years,CY,Cyprus,2022,2022,62110.0
A,Annual,NR,Number,T,Total,Y45-49,From 45 to 49 years,CY,Cyprus,2023,2023,63198.0
A,Annual,NR,Number,T,Total,Y45-49,From 45 to 49 years,LV,Latvia,2010,2010,156058.0
A,Annual,NR,Number,T,Total,Y45-49,From 45 to 49 years,LV,Latvia,2011,2011,149021.0
A,Annual,NR,Number,T,Total,Y45-49,From 45 to 49 years,LV,Latvia,2012,2012,143424.0
A,Annual,NR,Number,T,Total,Y45-49,From 45 to 49 years,LV,Latvia,2013,2013,139231.0
A,Annual,NR,Number,T,Total,Y45-49,From 45 to 49 years,LV,Latvia,2014,2014,136112.0
A,Annual,NR,Number,T,Total,Y45-49,From 45 to 49 years,LV,Latvia,2015,2015,134134.0
A,Annual,NR,Number,T,Total,Y45-49,From 45 to 49 years,LV,Latvia,2016,2016,133922.0
A,Annual,NR,Number,T,Total,Y45-49,From 45 to 49 years,LV,Latvia,2017,2017,133550.0
A,Annual,NR,Number,T,Total,Y45-49,From 45 to 49 years,LV,Latvia,2018,2018,133208.0
A,Annual,NR,Number,T,Total,Y45-49,From 45 to 49 years,LV,Latvia,2019,2019,132411.0
A,Annual,NR,Number,T,Total,Y45-49,From 45 to 49 years,LV,Latvia,2020,2020,131906.0
A,Annual,NR,Number,T,Total,Y45-49,From 45 to 49 years,LV,Latvia,2021,2021,130447.0
A,Annual,NR,Number,T,Total,Y45-49,From 45 to 49 years,LV,Latvia,2022,2022,128147.0
A,Annual,NR,Number,T,Total,Y45-49,From 45 to 49 years,LV,Latvia,2023,2023,125592.0
A,Annual,NR,Number,T,Total,Y45-49,From 45 to 49 years,LT,Lithuania,2010,2010,245340.0
A,Annual,NR,Number,T,Total,Y45-49,From 45 to 49 years,LT,Lithuania,2011,2011,233341.0
A,Annual,NR,Number,T,Total,Y45-49,From 45 to 49 years,LT,Lithuania,2012,2012,223700.0
A,Annual,NR,Number,T,Total,Y45-49,From 45 to 49 years,LT,Lithuania,2013,2013,217511.0
A,Annual,NR,Number,T,Total,Y45-49,From 45 to 49 years,LT,Lithuania,2014,2014,213788.0
A,Annual,NR,Number,T,Total,Y45-49,From 45 to 49 years,LT,Lithuania,2015,2015,211119.0
A,Annual,NR,Number,T,Total,Y45-49,From 45 to 49 years,LT,Lithuania,2016,2016,209968.0
A,Annual,NR,Number,T,Total,Y45-49,From 45 to 49 years,LT,Lithuania,2017,2017,208826.0
A,Annual,NR,Number,T,Total,Y45-49,From 45 to 49 years,LT,Lithuania,2018,2018,206409.0
A,Annual,NR,Number,T,Total,Y45-49,From 45 to 49 years,LT,Lithuania,2019,2019,202789.0
A,Annual,NR,Number,T,Total,Y45-49,From 45 to 49 years,LT,Lithuania,2020,2020,199952.0
A,Annual,NR,Number,T,Total,Y45-49,From 45 to 49 years,LT,Lithuania,2021,2021,194062.0
A,Annual,NR,Number,T,Total,Y45-49,From 45 to 49 years,LT,Lithuania,2022,2022,189494.0
A,Annual,NR,Number,T,Total,Y45-49,From 45 to 49 years,LT,Lithuania,2023,2023,190023.0
A,Annual,NR,Number,T,Total,Y45-49,From 45 to 49 years,LU,Luxembourg,2010,2010,40271.0
A,Annual,NR,Number,T,Total,Y45-49,From 45 to 49 years,LU,Luxembourg,2011,2011,41345.0
A,Annual,NR,Number,T,Total,Y45-49,From 45 to 49 years,LU,Luxembourg,2012,2012,42825.0
A,Annual,NR,Number,T,Total,Y45-49,From 45 to 49 years,LU,Luxembourg,2013,2013,43909.0
A,Annual,NR,Number,T,Total,Y45-49,From 45 to 49 years,LU,Luxembourg,2014,2014,44711.0
A,Annual,NR,Number,T,Total,Y45-49,From 45 to 49 years,LU,Luxembourg,2015,2015,45361.0
A,Annual,NR,Number,T,Total,Y45-49,From 45 to 49 years,LU,Luxembourg,2016,2016,45604.0
A,Annual,NR,Number,T,Total,Y45-49,From 45 to 49 years,LU,Luxembourg,2017,2017,46294.0
A,Annual,NR,Number,T,Total,Y45-49,From 45 to 49 years,LU,Luxembourg,2018,2018,46202.0
A,Annual,NR,Number,T,Total,Y45-49,From 45 to 49 years,LU,Luxembourg,2019,2019,46183.0
A,Annual,NR,Number,T,Total,Y45-49,From 45 to 49 years,LU,Luxembourg,2020,2020,46134.0
A,Annual,NR,Number,T,Total,Y45-49,From 45 to 49 years,LU,Luxembourg,2021,2021,46261.0
A,Annual,NR,Number,T,Total,Y45-49,From 45 to 49 years,LU,Luxembourg,2022,2022,46349.0
A,Annual,NR,Number,T,Total,Y45-49,From 45 to 49 years,LU,Luxembourg,2023,2023,47181.0
A,Annual,NR,Number,T,Total,Y45-49,From 45 to 49 years,HU,Hungary,2010,2010,602997.0
A,Annual,NR,Number,T,Total,Y45-49,From 45 to 49 years,HU,Hungary,2011,2011,593811.0
A,Annual,NR,Number,T,Total,Y45-49,From 45 to 49 years,HU,Hungary,2012,2012,603388.0
A,Annual,NR,Number,T,Total,Y45-49,From 45 to 49 years,HU,Hungary,2013,2013,626083.0
A,Annual,NR,Number,T,Total,Y45-49,From 45 to 49 years,HU,Hungary,2014,2014,651011.0
A,Annual,NR,Number,T,Total,Y45-49,From 45 to 49 years,HU,Hungary,2015,2015,675294.0
A,Annual,NR,Number,T,Total,Y45-49,From 45 to 49 years,HU,Hungary,2016,2016,697476.0
A,Annual,NR,Number,T,Total,Y45-49,From 45 to 49 years,HU,Hungary,2017,2017,711739.0
A,Annual,NR,Number,T,Total,Y45-49,From 45 to 49 years,HU,Hungary,2018,2018,717333.0
A,Annual,NR,Number,T,Total,Y45-49,From 45 to 49 years,HU,Hungary,2019,2019,720708.0
A,Annual,NR,Number,T,Total,Y45-49,From 45 to 49 years,HU,Hungary,2020,2020,750989.0
A,Annual,NR,Number,T,Total,Y45-49,From 45 to 49 years,HU,Hungary,2021,2021,787485.0
A,Annual,NR,Number,T,Total,Y45-49,From 45 to 49 years,HU,Hungary,2022,2022,818894.0
A,Annual,NR,Number,T,Total,Y45-49,From 45 to 49 years,HU,Hungary,2023,2023,843953.0
A,Annual,NR,Number,T,Total,Y45-49,From 45 to 49 years,MT,Malta,2010,2010,28853.0
A,Annual,NR,Number,T,Total,Y45-49,From 45 to 49 years,MT,Malta,2011,2011,27861.0
A,Annual,NR,Number,T,Total,Y45-49,From 45 to 49 years,MT,Malta,2012,2012,26852.0
A,Annual,NR,Number,T,Total,Y45-49,From 45 to 49 years,MT,Malta,2013,2013,25879.0
A,Annual,NR,Number,T,Total,Y45-49,From 45 to 49 years,MT,Malta,2014,2014,25645.0
A,Annual,NR,Number,T,Total,Y45-49,From 45 to 49 years,MT,Malta,2015,2015,25701.0
A,Annual,NR,Number,T,Total,Y45-49,From 45 to 49 years,MT,Malta,2016,2016,26345.0
A,Annual,NR,Number,T,Total,Y45-49,From 45 to 49 years,MT,Malta,2017,2017,27400.0
A,Annual,NR,Number,T,Total,Y45-49,From 45 to 49 years,MT,Malta,2018,2018,28995.0
A,Annual,NR,Number,T,Total,Y45-49,From 45 to 49 years,MT,Malta,2019,2019,30513.0
A,Annual,NR,Number,T,Total,Y45-49,From 45 to 49 years,MT,Malta,2020,2020,33019.0
A,Annual,NR,Number,T,Total,Y45-49,From 45 to 49 years,MT,Malta,2021,2021,34342.0
A,Annual,NR,Number,T,Total,Y45-49,From 45 to 49 years,MT,Malta,2022,2022,35531.0
A,Annual,NR,Number,T,Total,Y45-49,From 45 to 49 years,MT,Malta,2023,2023,37457.0
A,Annual,NR,Number,T,Total,Y45-49,From 45 to 49 years,NL,Netherlands,2010,2010,1288557.0
A,Annual,NR,Number,T,Total,Y45-49,From 45 to 49 years,NL,Netherlands,2011,2011,1298292.0
A,Annual,NR,Number,T,Total,Y45-49,From 45 to 49 years,NL,Netherlands,2012,2012,1297305.0
A,Annual,NR,Number,T,Total,Y45-49,From 45 to 49 years,NL,Netherlands,2013,2013,1292024.0
A,Annual,NR,Number,T,Total,Y45-49,From 45 to 49 years,NL,Netherlands,2014,2014,1285478.0
A,Annual,NR,Number,T,Total,Y45-49,From 45 to 49 years,NL,Netherlands,2015,2015,1285917.0
A,Annual,NR,Number,T,Total,Y45-49,From 45 to 49 years,NL,Netherlands,2016,2016,1286744.0
A,Annual,NR,Number,T,Total,Y45-49,From 45 to 49 years,NL,Netherlands,2017,2017,1282591.0
A,Annual,NR,Number,T,Total,Y45-49,From 45 to 49 years,NL,Netherlands,2018,2018,1268823.0
A,Annual,NR,Number,T,Total,Y45-49,From 45 to 49 years,NL,Netherlands,2019,2019,1235719.0
A,Annual,NR,Number,T,Total,Y45-49,From 45 to 49 years,NL,Netherlands,2020,2020,1186068.0
A,Annual,NR,Number,T,Total,Y45-49,From 45 to 49 years,NL,Netherlands,2021,2021,1132574.0
A,Annual,NR,Number,T,Total,Y45-49,From 45 to 49 years,NL,Netherlands,2022,2022,1088454.0
A,Annual,NR,Number,T,Total,Y45-49,From 45 to 49 years,NL,Netherlands,2023,2023,1061657.0
A,Annual,NR,Number,T,Total,Y45-49,From 45 to 49 years,AT,Austria,2010,2010,695026.0
A,Annual,NR,Number,T,Total,Y45-49,From 45 to 49 years,AT,Austria,2011,2011,705726.0
A,Annual,NR,Number,T,Total,Y45-49,From 45 to 49 years,AT,Austria,2012,2012,710513.0
A,Annual,NR,Number,T,Total,Y45-49,From 45 to 49 years,AT,Austria,2013,2013,711980.0
A,Annual,NR,Number,T,Total,Y45-49,From 45 to 49 years,AT,Austria,2014,2014,711505.0
A,Annual,NR,Number,T,Total,Y45-49,From 45 to 49 years,AT,Austria,2015,2015,707317.0
A,Annual,NR,Number,T,Total,Y45-49,From 45 to 49 years,AT,Austria,2016,2016,697343.0
A,Annual,NR,Number,T,Total,Y45-49,From 45 to 49 years,AT,Austria,2017,2017,684053.0
A,Annual,NR,Number,T,Total,Y45-49,From 45 to 49 years,AT,Austria,2018,2018,666736.0
A,Annual,NR,Number,T,Total,Y45-49,From 45 to 49 years,AT,Austria,2019,2019,642560.0
A,Annual,NR,Number,T,Total,Y45-49,From 45 to 49 years,AT,Austria,2020,2020,622453.0
A,Annual,NR,Number,T,Total,Y45-49,From 45 to 49 years,AT,Austria,2021,2021,608247.0
A,Annual,NR,Number,T,Total,Y45-49,From 45 to 49 years,AT,Austria,2022,2022,592377.0
A,Annual,NR,Number,T,Total,Y45-49,From 45 to 49 years,AT,Austria,2023,2023,585445.0
A,Annual,NR,Number,T,Total,Y45-49,From 45 to 49 years,PL,Poland,2010,2010,2528382.0
A,Annual,NR,Number,T,Total,Y45-49,From 45 to 49 years,PL,Poland,2011,2011,2441030.0
A,Annual,NR,Number,T,Total,Y45-49,From 45 to 49 years,PL,Poland,2012,2012,2379062.0
A,Annual,NR,Number,T,Total,Y45-49,From 45 to 49 years,PL,Poland,2013,2013,2334350.0
A,Annual,NR,Number,T,Total,Y45-49,From 45 to 49 years,PL,Poland,2014,2014,2299127.0
A,Annual,NR,Number,T,Total,Y45-49,From 45 to 49 years,PL,Poland,2015,2015,2284280.0
A,Annual,NR,Number,T,Total,Y45-49,From 45 to 49 years,PL,Poland,2016,2016,2297498.0
A,Annual,NR,Number,T,Total,Y45-49,From 45 to 49 years,PL,Poland,2017,2017,2333383.0
A,Annual,NR,Number,T,Total,Y45-49,From 45 to 49 years,PL,Poland,2018,2018,2392061.0
A,Annual,NR,Number,T,Total,Y45-49,From 45 to 49 years,PL,Poland,2019,2019,2467264.0
A,Annual,NR,Number,T,Total,Y45-49,From 45 to 49 years,PL,Poland,2020,2020,2555771.0
A,Annual,NR,Number,T,Total,Y45-49,From 45 to 49 years,PL,Poland,2021,2021,2602743.0
A,Annual,NR,Number,T,Total,Y45-49,From 45 to 49 years,PL,Poland,2022,2022,2693747.0
A,Annual,NR,Number,T,Total,Y45-49,From 45 to 49 years,PL,Poland,2023,2023,2763666.0
A,Annual,NR,Number,T,Total,Y45-49,From 45 to 49 years,PT,Portugal,2010,2010,774901.0
A,Annual,NR,Number,T,Total,Y45-49,From 45 to 49 years,PT,Portugal,2011,2011,780201.0
A,Annual,NR,Number,T,Total,Y45-49,From 45 to 49 years,PT,Portugal,2012,2012,778047.0
A,Annual,NR,Number,T,Total,Y45-49,From 45 to 49 years,PT,Portugal,2013,2013,773120.0
A,Annual,NR,Number,T,Total,Y45-49,From 45 to 49 years,PT,Portugal,2014,2014,767351.0
A,Annual,NR,Number,T,Total,Y45-49,From 45 to 49 years,PT,Portugal,2015,2015,758958.0
A,Annual,NR,Number,T,Total,Y45-49,From 45 to 49 years,PT,Portugal,2016,2016,756632.0
A,Annual,NR,Number,T,Total,Y45-49,From 45 to 49 years,PT,Portugal,2017,2017,760556.0
A,Annual,NR,Number,T,Total,Y45-49,From 45 to 49 years,PT,Portugal,2018,2018,767809.0
A,Annual,NR,Number,T,Total,Y45-49,From 45 to 49 years,PT,Portugal,2019,2019,774371.0
A,Annual,NR,Number,T,Total,Y45-49,From 45 to 49 years,PT,Portugal,2020,2020,786195.0
A,Annual,NR,Number,T,Total,Y45-49,From 45 to 49 years,PT,Portugal,2021,2021,797726.0
A,Annual,NR,Number,T,Total,Y45-49,From 45 to 49 years,PT,Portugal,2022,2022,807123.0
A,Annual,NR,Number,T,Total,Y45-49,From 45 to 49 years,PT,Portugal,2023,2023,818452.0
A,Annual,NR,Number,T,Total,Y45-49,From 45 to 49 years,RO,Romania,2010,2010,1101602.0
A,Annual,NR,Number,T,Total,Y45-49,From 45 to 49 years,RO,Romania,2011,2011,1088750.0
A,Annual,NR,Number,T,Total,Y45-49,From 45 to 49 years,RO,Romania,2012,2012,1070174.0
A,Annual,NR,Number,T,Total,Y45-49,From 45 to 49 years,RO,Romania,2013,2013,1239491.0
A,Annual,NR,Number,T,Total,Y45-49,From 45 to 49 years,RO,Romania,2014,2014,1406324.0
A,Annual,NR,Number,T,Total,Y45-49,From 45 to 49 years,RO,Romania,2015,2015,1530155.0
A,Annual,NR,Number,T,Total,Y45-49,From 45 to 49 years,RO,Romania,2016,2016,1635051.0
A,Annual,NR,Number,T,Total,Y45-49,From 45 to 49 years,RO,Romania,2017,2017,1718873.0
A,Annual,NR,Number,T,Total,Y45-49,From 45 to 49 years,RO,Romania,2018,2018,1611056.0
A,Annual,NR,Number,T,Total,Y45-49,From 45 to 49 years,RO,Romania,2019,2019,1506342.0
A,Annual,NR,Number,T,Total,Y45-49,From 45 to 49 years,RO,Romania,2020,2020,1483204.0
A,Annual,NR,Number,T,Total,Y45-49,From 45 to 49 years,RO,Romania,2021,2021,1474185.0
A,Annual,NR,Number,T,Total,Y45-49,From 45 to 49 years,RO,Romania,2022,2022,1466077.0
A,Annual,NR,Number,T,Total,Y45-49,From 45 to 49 years,RO,Romania,2023,2023,1486693.0
A,Annual,NR,Number,T,Total,Y45-49,From 45 to 49 years,SI,Slovenia,2010,2010,156062.0
A,Annual,NR,Number,T,Total,Y45-49,From 45 to 49 years,SI,Slovenia,2011,2011,157049.0
A,Annual,NR,Number,T,Total,Y45-49,From 45 to 49 years,SI,Slovenia,2012,2012,157536.0
A,Annual,NR,Number,T,Total,Y45-49,From 45 to 49 years,SI,Slovenia,2013,2013,156806.0
A,Annual,NR,Number,T,Total,Y45-49,From 45 to 49 years,SI,Slovenia,2014,2014,155486.0
A,Annual,NR,Number,T,Total,Y45-49,From 45 to 49 years,SI,Slovenia,2015,2015,153313.0
A,Annual,NR,Number,T,Total,Y45-49,From 45 to 49 years,SI,Slovenia,2016,2016,149386.0
A,Annual,NR,Number,T,Total,Y45-49,From 45 to 49 years,SI,Slovenia,2017,2017,146679.0
A,Annual,NR,Number,T,Total,Y45-49,From 45 to 49 years,SI,Slovenia,2018,2018,145715.0
A,Annual,NR,Number,T,Total,Y45-49,From 45 to 49 years,SI,Slovenia,2019,2019,147104.0
A,Annual,NR,Number,T,Total,Y45-49,From 45 to 49 years,SI,Slovenia,2020,2020,148966.0
A,Annual,NR,Number,T,Total,Y45-49,From 45 to 49 years,SI,Slovenia,2021,2021,152766.0
A,Annual,NR,Number,T,Total,Y45-49,From 45 to 49 years,SI,Slovenia,2022,2022,155370.0
A,Annual,NR,Number,T,Total,Y45-49,From 45 to 49 years,SI,Slovenia,2023,2023,157566.0
A,Annual,NR,Number,T,Total,Y45-49,From 45 to 49 years,SK,Slovakia,2010,2010,378410.0
A,Annual,NR,Number,T,Total,Y45-49,From 45 to 49 years,SK,Slovakia,2011,2011,375871.0
A,Annual,NR,Number,T,Total,Y45-49,From 45 to 49 years,SK,Slovakia,2012,2012,371575.0
A,Annual,NR,Number,T,Total,Y45-49,From 45 to 49 years,SK,Slovakia,2013,2013,367115.0
A,Annual,NR,Number,T,Total,Y45-49,From 45 to 49 years,SK,Slovakia,2014,2014,359356.0
A,Annual,NR,Number,T,Total,Y45-49,From 45 to 49 years,SK,Slovakia,2015,2015,354039.0
A,Annual,NR,Number,T,Total,Y45-49,From 45 to 49 years,SK,Slovakia,2016,2016,352660.0
A,Annual,NR,Number,T,Total,Y45-49,From 45 to 49 years,SK,Slovakia,2017,2017,355840.0
A,Annual,NR,Number,T,Total,Y45-49,From 45 to 49 years,SK,Slovakia,2018,2018,365979.0
A,Annual,NR,Number,T,Total,Y45-49,From 45 to 49 years,SK,Slovakia,2019,2019,381710.0
A,Annual,NR,Number,T,Total,Y45-49,From 45 to 49 years,SK,Slovakia,2020,2020,398549.0
A,Annual,NR,Number,T,Total,Y45-49,From 45 to 49 years,SK,Slovakia,2021,2021,414217.0
A,Annual,NR,Number,T,Total,Y45-49,From 45 to 49 years,SK,Slovakia,2022,2022,429645.0
A,Annual,NR,Number,T,Total,Y45-49,From 45 to 49 years,SK,Slovakia,2023,2023,440401.0
A,Annual,NR,Number,T,Total,Y45-49,From 45 to 49 years,FI,Finland,2010,2010,378341.0
A,Annual,NR,Number,T,Total,Y45-49,From 45 to 49 years,FI,Finland,2011,2011,377077.0
A,Annual,NR,Number,T,Total,Y45-49,From 45 to 49 years,FI,Finland,2012,2012,375591.0
A,Annual,NR,Number,T,Total,Y45-49,From 45 to 49 years,FI,Finland,2013,2013,373298.0
A,Annual,NR,Number,T,Total,Y45-49,From 45 to 49 years,FI,Finland,2014,2014,368266.0
A,Annual,NR,Number,T,Total,Y45-49,From 45 to 49 years,FI,Finland,2015,2015,359317.0
A,Annual,NR,Number,T,Total,Y45-49,From 45 to 49 years,FI,Finland,2016,2016,350369.0
A,Annual,NR,Number,T,Total,Y45-49,From 45 to 49 years,FI,Finland,2017,2017,339818.0
A,Annual,NR,Number,T,Total,Y45-49,From 45 to 49 years,FI,Finland,2018,2018,327889.0
A,Annual,NR,Number,T,Total,Y45-49,From 45 to 49 years,FI,Finland,2019,2019,315578.0
A,Annual,NR,Number,T,Total,Y45-49,From 45 to 49 years,FI,Finland,2020,2020,314373.0
A,Annual,NR,Number,T,Total,Y45-49,From 45 to 49 years,FI,Finland,2021,2021,317890.0
A,Annual,NR,Number,T,Total,Y45-49,From 45 to 49 years,FI,Finland,2022,2022,325423.0
A,Annual,NR,Number,T,Total,Y45-49,From 45 to 49 years,FI,Finland,2023,2023,334702.0
A,Annual,NR,Number,T,Total,Y45-49,From 45 to 49 years,SE,Sweden,2010,2010,621146.0
A,Annual,NR,Number,T,Total,Y45-49,From 45 to 49 years,SE,Sweden,2011,2011,642527.0
A,Annual,NR,Number,T,Total,Y45-49,From 45 to 49 years,SE,Sweden,2012,2012,662411.0
A,Annual,NR,Number,T,Total,Y45-49,From 45 to 49 years,SE,Sweden,2013,2013,677490.0
A,Annual,NR,Number,T,Total,Y45-49,From 45 to 49 years,SE,Sweden,2014,2014,681129.0
A,Annual,NR,Number,T,Total,Y45-49,From 45 to 49 years,SE,Sweden,2015,2015,670744.0
A,Annual,NR,Number,T,Total,Y45-49,From 45 to 49 years,SE,Sweden,2016,2016,662423.0
A,Annual,NR,Number,T,Total,Y45-49,From 45 to 49 years,SE,Sweden,2017,2017,658991.0
A,Annual,NR,Number,T,Total,Y45-49,From 45 to 49 years,SE,Sweden,2018,2018,656677.0
A,Annual,NR,Number,T,Total,Y45-49,From 45 to 49 years,SE,Sweden,2019,2019,658339.0
A,Annual,NR,Number,T,Total,Y45-49,From 45 to 49 years,SE,Sweden,2020,2020,667092.0
A,Annual,NR,Number,T,Total,Y45-49,From 45 to 49 years,SE,Sweden,2021,2021,667227.0
A,Annual,NR,Number,T,Total,Y45-49,From 45 to 49 years,SE,Sweden,2022,2022,660343.0
A,Annual,NR,Number,T,Total,Y45-49,From 45 to 49 years,SE,Sweden,2023,2023,652876.0
A,Annual,NR,Number,T,Total,Y50-54,From 50 to 54 years,BE,Belgium,2010,2010,767527.0
A,Annual,NR,Number,T,Total,Y50-54,From 50 to 54 years,BE,Belgium,2011,2011,781240.0
A,Annual,NR,Number,T,Total,Y50-54,From 50 to 54 years,BE,Belgium,2012,2012,792169.0
A,Annual,NR,Number,T,Total,Y50-54,From 50 to 54 years,BE,Belgium,2013,2013,800063.0
A,Annual,NR,Number,T,Total,Y50-54,From 50 to 54 years,BE,Belgium,2014,2014,808195.0
A,Annual,NR,Number,T,Total,Y50-54,From 50 to 54 years,BE,Belgium,2015,2015,816282.0
A,Annual,NR,Number,T,Total,Y50-54,From 50 to 54 years,BE,Belgium,2016,2016,819885.0
A,Annual,NR,Number,T,Total,Y50-54,From 50 to 54 years,BE,Belgium,2017,2017,817724.0
A,Annual,NR,Number,T,Total,Y50-54,From 50 to 54 years,BE,Belgium,2018,2018,811908.0
A,Annual,NR,Number,T,Total,Y50-54,From 50 to 54 years,BE,Belgium,2019,2019,802929.0
A,Annual,NR,Number,T,Total,Y50-54,From 50 to 54 years,BE,Belgium,2020,2020,791520.0
A,Annual,NR,Number,T,Total,Y50-54,From 50 to 54 years,BE,Belgium,2021,2021,786620.0
A,Annual,NR,Number,T,Total,Y50-54,From 50 to 54 years,BE,Belgium,2022,2022,783787.0
A,Annual,NR,Number,T,Total,Y50-54,From 50 to 54 years,BE,Belgium,2023,2023,784693.0
A,Annual,NR,Number,T,Total,Y50-54,From 50 to 54 years,BG,Bulgaria,2010,2010,526619.0
A,Annual,NR,Number,T,Total,Y50-54,From 50 to 54 years,BG,Bulgaria,2011,2011,517600.0
A,Annual,NR,Number,T,Total,Y50-54,From 50 to 54 years,BG,Bulgaria,2012,2012,509722.0
A,Annual,NR,Number,T,Total,Y50-54,From 50 to 54 years,BG,Bulgaria,2013,2013,498998.0
A,Annual,NR,Number,T,Total,Y50-54,From 50 to 54 years,BG,Bulgaria,2014,2014,493905.0
A,Annual,NR,Number,T,Total,Y50-54,From 50 to 54 years,BG,Bulgaria,2015,2015,484660.0
A,Annual,NR,Number,T,Total,Y50-54,From 50 to 54 years,BG,Bulgaria,2016,2016,475625.0
A,Annual,NR,Number,T,Total,Y50-54,From 50 to 54 years,BG,Bulgaria,2017,2017,462840.0
A,Annual,NR,Number,T,Total,Y50-54,From 50 to 54 years,BG,Bulgaria,2018,2018,452570.0
A,Annual,NR,Number,T,Total,Y50-54,From 50 to 54 years,BG,Bulgaria,2019,2019,450375.0
A,Annual,NR,Number,T,Total,Y50-54,From 50 to 54 years,BG,Bulgaria,2020,2020,462127.0
A,Annual,NR,Number,T,Total,Y50-54,From 50 to 54 years,BG,Bulgaria,2021,2021,470892.0
A,Annual,NR,Number,T,Total,Y50-54,From 50 to 54 years,BG,Bulgaria,2022,2022,481977.0
A,Annual,NR,Number,T,Total,Y50-54,From 50 to 54 years,BG,Bulgaria,2023,2023,486516.0
A,Annual,NR,Number,T,Total,Y50-54,From 50 to 54 years,CZ,Czechia,2010,2010,701445.0
A,Annual,NR,Number,T,Total,Y50-54,From 50 to 54 years,CZ,Czechia,2011,2011,672826.0
A,Annual,NR,Number,T,Total,Y50-54,From 50 to 54 years,CZ,Czechia,2012,2012,649679.0
A,Annual,NR,Number,T,Total,Y50-54,From 50 to 54 years,CZ,Czechia,2013,2013,634324.0
A,Annual,NR,Number,T,Total,Y50-54,From 50 to 54 years,CZ,Czechia,2014,2014,642764.0
A,Annual,NR,Number,T,Total,Y50-54,From 50 to 54 years,CZ,Czechia,2015,2015,668093.0
A,Annual,NR,Number,T,Total,Y50-54,From 50 to 54 years,CZ,Czechia,2016,2016,685062.0
A,Annual,NR,Number,T,Total,Y50-54,From 50 to 54 years,CZ,Czechia,2017,2017,694843.0
A,Annual,NR,Number,T,Total,Y50-54,From 50 to 54 years,CZ,Czechia,2018,2018,700067.0
A,Annual,NR,Number,T,Total,Y50-54,From 50 to 54 years,CZ,Czechia,2019,2019,691967.0
A,Annual,NR,Number,T,Total,Y50-54,From 50 to 54 years,CZ,Czechia,2020,2020,686236.0
A,Annual,NR,Number,T,Total,Y50-54,From 50 to 54 years,CZ,Czechia,2021,2021,682026.0
A,Annual,NR,Number,T,Total,Y50-54,From 50 to 54 years,CZ,Czechia,2022,2022,698686.0
A,Annual,NR,Number,T,Total,Y50-54,From 50 to 54 years,CZ,Czechia,2023,2023,740327.0
A,Annual,NR,Number,T,Total,Y50-54,From 50 to 54 years,DK,Denmark,2010,2010,364297.0
A,Annual,NR,Number,T,Total,Y50-54,From 50 to 54 years,DK,Denmark,2011,2011,367225.0
A,Annual,NR,Number,T,Total,Y50-54,From 50 to 54 years,DK,Denmark,2012,2012,369277.0
A,Annual,NR,Number,T,Total,Y50-54,From 50 to 54 years,DK,Denmark,2013,2013,374370.0
A,Annual,NR,Number,T,Total,Y50-54,From 50 to 54 years,DK,Denmark,2014,2014,383496.0
A,Annual,NR,Number,T,Total,Y50-54,From 50 to 54 years,DK,Denmark,2015,2015,395097.0
A,Annual,NR,Number,T,Total,Y50-54,From 50 to 54 years,DK,Denmark,2016,2016,405774.0
A,Annual,NR,Number,T,Total,Y50-54,From 50 to 54 years,DK,Denmark,2017,2017,419493.0
A,Annual,NR,Number,T,Total,Y50-54,From 50 to 54 years,DK,Denmark,2018,2018,425011.0
A,Annual,NR,Number,T,Total,Y50-54,From 50 to 54 years,DK,Denmark,2019,2019,420781.0
A,Annual,NR,Number,T,Total,Y50-54,From 50 to 54 years,DK,Denmark,2020,2020,411906.0
A,Annual,NR,Number,T,Total,Y50-54,From 50 to 54 years,DK,Denmark,2021,2021,401646.0
A,Annual,NR,Number,T,Total,Y50-54,From 50 to 54 years,DK,Denmark,2022,2022,392510.0
A,Annual,NR,Number,T,Total,Y50-54,From 50 to 54 years,DK,Denmark,2023,2023,391370.0
A,Annual,NR,Number,T,Total,Y50-54,From 50 to 54 years,DE,Germany,2010,2010,6053207.0
A,Annual,NR,Number,T,Total,Y50-54,From 50 to 54 years,DE,Germany,2011,2011,6132158.0
A,Annual,NR,Number,T,Total,Y50-54,From 50 to 54 years,DE,Germany,2012,2012,6324080.0
A,Annual,NR,Number,T,Total,Y50-54,From 50 to 54 years,DE,Germany,2013,2013,6505934.0
A,Annual,NR,Number,T,Total,Y50-54,From 50 to 54 years,DE,Germany,2014,2014,6708858.0
A,Annual,NR,Number,T,Total,Y50-54,From 50 to 54 years,DE,Germany,2015,2015,6856652.0
A,Annual,NR,Number,T,Total,Y50-54,From 50 to 54 years,DE,Germany,2016,2016,6954765.0
A,Annual,NR,Number,T,Total,Y50-54,From 50 to 54 years,DE,Germany,2017,2017,6984307.0
A,Annual,NR,Number,T,Total,Y50-54,From 50 to 54 years,DE,Germany,2018,2018,6968045.0
A,Annual,NR,Number,T,Total,Y50-54,From 50 to 54 years,DE,Germany,2019,2019,6875948.0
A,Annual,NR,Number,T,Total,Y50-54,From 50 to 54 years,DE,Germany,2020,2020,6710235.0
A,Annual,NR,Number,T,Total,Y50-54,From 50 to 54 years,DE,Germany,2021,2021,6487224.0
A,Annual,NR,Number,T,Total,Y50-54,From 50 to 54 years,DE,Germany,2022,2022,6225112.0
A,Annual,NR,Number,T,Total,Y50-54,From 50 to 54 years,DE,Germany,2023,2023,5932063.0
A,Annual,NR,Number,T,Total,Y50-54,From 50 to 54 years,EE,Estonia,2010,2010,93300.0
A,Annual,NR,Number,T,Total,Y50-54,From 50 to 54 years,EE,Estonia,2011,2011,93190.0
A,Annual,NR,Number,T,Total,Y50-54,From 50 to 54 years,EE,Estonia,2012,2012,93560.0
A,Annual,NR,Number,T,Total,Y50-54,From 50 to 54 years,EE,Estonia,2013,2013,93140.0
A,Annual,NR,Number,T,Total,Y50-54,From 50 to 54 years,EE,Estonia,2014,2014,91948.0
A,Annual,NR,Number,T,Total,Y50-54,From 50 to 54 years,EE,Estonia,2015,2015,90413.0
A,Annual,NR,Number,T,Total,Y50-54,From 50 to 54 years,EE,Estonia,2016,2016,87234.0
A,Annual,NR,Number,T,Total,Y50-54,From 50 to 54 years,EE,Estonia,2017,2017,84678.0
A,Annual,NR,Number,T,Total,Y50-54,From 50 to 54 years,EE,Estonia,2018,2018,82941.0
A,Annual,NR,Number,T,Total,Y50-54,From 50 to 54 years,EE,Estonia,2019,2019,83105.0
A,Annual,NR,Number,T,Total,Y50-54,From 50 to 54 years,EE,Estonia,2020,2020,83813.0
A,Annual,NR,Number,T,Total,Y50-54,From 50 to 54 years,EE,Estonia,2021,2021,85537.0
A,Annual,NR,Number,T,Total,Y50-54,From 50 to 54 years,EE,Estonia,2022,2022,87998.0
A,Annual,NR,Number,T,Total,Y50-54,From 50 to 54 years,EE,Estonia,2023,2023,91768.0
A,Annual,NR,Number,T,Total,Y50-54,From 50 to 54 years,IE,Ireland,2010,2010,265827.0
A,Annual,NR,Number,T,Total,Y50-54,From 50 to 54 years,IE,Ireland,2011,2011,271625.0
A,Annual,NR,Number,T,Total,Y50-54,From 50 to 54 years,IE,Ireland,2012,2012,276790.0
A,Annual,NR,Number,T,Total,Y50-54,From 50 to 54 years,IE,Ireland,2013,2013,281808.0
A,Annual,NR,Number,T,Total,Y50-54,From 50 to 54 years,IE,Ireland,2014,2014,287617.0
A,Annual,NR,Number,T,Total,Y50-54,From 50 to 54 years,IE,Ireland,2015,2015,293486.0
A,Annual,NR,Number,T,Total,Y50-54,From 50 to 54 years,IE,Ireland,2016,2016,297660.0
A,Annual,NR,Number,T,Total,Y50-54,From 50 to 54 years,IE,Ireland,2017,2017,302843.0
A,Annual,NR,Number,T,Total,Y50-54,From 50 to 54 years,IE,Ireland,2018,2018,306890.0
A,Annual,NR,Number,T,Total,Y50-54,From 50 to 54 years,IE,Ireland,2019,2019,311572.0
A,Annual,NR,Number,T,Total,Y50-54,From 50 to 54 years,IE,Ireland,2020,2020,318384.0
A,Annual,NR,Number,T,Total,Y50-54,From 50 to 54 years,IE,Ireland,2021,2021,327265.0
A,Annual,NR,Number,T,Total,Y50-54,From 50 to 54 years,IE,Ireland,2022,2022,339388.0
A,Annual,NR,Number,T,Total,Y50-54,From 50 to 54 years,IE,Ireland,2023,2023,350992.0
A,Annual,NR,Number,T,Total,Y50-54,From 50 to 54 years,EL,Greece,2010,2010,733516.0
A,Annual,NR,Number,T,Total,Y50-54,From 50 to 54 years,EL,Greece,2012,2012,746355.0
A,Annual,NR,Number,T,Total,Y50-54,From 50 to 54 years,EL,Greece,2013,2013,748235.0
A,Annual,NR,Number,T,Total,Y50-54,From 50 to 54 years,EL,Greece,2014,2014,745286.0
A,Annual,NR,Number,T,Total,Y50-54,From 50 to 54 years,EL,Greece,2015,2015,741992.0
A,Annual,NR,Number,T,Total,Y50-54,From 50 to 54 years,EL,Greece,2016,2016,742370.0
A,Annual,NR,Number,T,Total,Y50-54,From 50 to 54 years,EL,Greece,2017,2017,753745.0
A,Annual,NR,Number,T,Total,Y50-54,From 50 to 54 years,EL,Greece,2018,2018,772121.0
A,Annual,NR,Number,T,Total,Y50-54,From 50 to 54 years,EL,Greece,2019,2019,791827.0
A,Annual,NR,Number,T,Total,Y50-54,From 50 to 54 years,EL,Greece,2020,2020,803736.0
A,Annual,NR,Number,T,Total,Y50-54,From 50 to 54 years,EL,Greece,2021,2021,808403.0
A,Annual,NR,Number,T,Total,Y50-54,From 50 to 54 years,EL,Greece,2022,2022,805363.0
A,Annual,NR,Number,T,Total,Y50-54,From 50 to 54 years,EL,Greece,2023,2023,796904.0
A,Annual,NR,Number,T,Total,Y50-54,From 50 to 54 years,ES,Spain,2010,2010,3049954.0
A,Annual,NR,Number,T,Total,Y50-54,From 50 to 54 years,ES,Spain,2011,2011,3154523.0
A,Annual,NR,Number,T,Total,Y50-54,From 50 to 54 years,ES,Spain,2012,2012,3238287.0
A,Annual,NR,Number,T,Total,Y50-54,From 50 to 54 years,ES,Spain,2013,2013,3283285.0
A,Annual,NR,Number,T,Total,Y50-54,From 50 to 54 years,ES,Spain,2014,2014,3330740.0
A,Annual,NR,Number,T,Total,Y50-54,From 50 to 54 years,ES,Spain,2015,2015,3405351.0
A,Annual,NR,Number,T,Total,Y50-54,From 50 to 54 years,ES,Spain,2016,2016,3456982.0
A,Annual,NR,Number,T,Total,Y50-54,From 50 to 54 years,ES,Spain,2017,2017,3520409.0
A,Annual,NR,Number,T,Total,Y50-54,From 50 to 54 years,ES,Spain,2018,2018,3589112.0
A,Annual,NR,Number,T,Total,Y50-54,From 50 to 54 years,ES,Spain,2019,2019,3638022.0
A,Annual,NR,Number,T,Total,Y50-54,From 50 to 54 years,ES,Spain,2020,2020,3665371.0
A,Annual,NR,Number,T,Total,Y50-54,From 50 to 54 years,ES,Spain,2021,2021,3702259.0
A,Annual,NR,Number,T,Total,Y50-54,From 50 to 54 years,ES,Spain,2022,2022,3741798.0
A,Annual,NR,Number,T,Total,Y50-54,From 50 to 54 years,ES,Spain,2023,2023,3800108.0
A,Annual,NR,Number,T,Total,Y50-54,From 50 to 54 years,FR,France,2010,2010,4299535.0
A,Annual,NR,Number,T,Total,Y50-54,From 50 to 54 years,FR,France,2011,2011,4324450.0
A,Annual,NR,Number,T,Total,Y50-54,From 50 to 54 years,FR,France,2012,2012,4350717.0
A,Annual,NR,Number,T,Total,Y50-54,From 50 to 54 years,FR,France,2013,2013,4371964.0
A,Annual,NR,Number,T,Total,Y50-54,From 50 to 54 years,FR,France,2014,2014,4431312.0
A,Annual,NR,Number,T,Total,Y50-54,From 50 to 54 years,FR,France,2015,2015,4466248.0
A,Annual,NR,Number,T,Total,Y50-54,From 50 to 54 years,FR,France,2016,2016,4489037.0
A,Annual,NR,Number,T,Total,Y50-54,From 50 to 54 years,FR,France,2017,2017,4497755.0
A,Annual,NR,Number,T,Total,Y50-54,From 50 to 54 years,FR,France,2018,2018,4497881.0
A,Annual,NR,Number,T,Total,Y50-54,From 50 to 54 years,FR,France,2019,2019,4477026.0
A,Annual,NR,Number,T,Total,Y50-54,From 50 to 54 years,FR,France,2020,2020,4446294.0
A,Annual,NR,Number,T,Total,Y50-54,From 50 to 54 years,FR,France,2021,2021,4448570.0
A,Annual,NR,Number,T,Total,Y50-54,From 50 to 54 years,FR,France,2022,2022,4478052.0
A,Annual,NR,Number,T,Total,Y50-54,From 50 to 54 years,FR,France,2023,2023,4523772.0
A,Annual,NR,Number,T,Total,Y50-54,From 50 to 54 years,HR,Croatia,2010,2010,325240.0
A,Annual,NR,Number,T,Total,Y50-54,From 50 to 54 years,HR,Croatia,2011,2011,321584.0
A,Annual,NR,Number,T,Total,Y50-54,From 50 to 54 years,HR,Croatia,2012,2012,317266.0
A,Annual,NR,Number,T,Total,Y50-54,From 50 to 54 years,HR,Croatia,2013,2013,313938.0
A,Annual,NR,Number,T,Total,Y50-54,From 50 to 54 years,HR,Croatia,2014,2014,308582.0
A,Annual,NR,Number,T,Total,Y50-54,From 50 to 54 years,HR,Croatia,2015,2015,301684.0
A,Annual,NR,Number,T,Total,Y50-54,From 50 to 54 years,HR,Croatia,2016,2016,297038.0
A,Annual,NR,Number,T,Total,Y50-54,From 50 to 54 years,HR,Croatia,2017,2017,292883.0
A,Annual,NR,Number,T,Total,Y50-54,From 50 to 54 years,HR,Croatia,2018,2018,286525.0
A,Annual,NR,Number,T,Total,Y50-54,From 50 to 54 years,HR,Croatia,2019,2019,280881.0
A,Annual,NR,Number,T,Total,Y50-54,From 50 to 54 years,HR,Croatia,2020,2020,275262.0
A,Annual,NR,Number,T,Total,Y50-54,From 50 to 54 years,HR,Croatia,2021,2021,265326.0
A,Annual,NR,Number,T,Total,Y50-54,From 50 to 54 years,HR,Croatia,2022,2022,258212.0
A,Annual,NR,Number,T,Total,Y50-54,From 50 to 54 years,HR,Croatia,2023,2023,254518.0
A,Annual,NR,Number,T,Total,Y50-54,From 50 to 54 years,IT,Italy,2010,2010,4020325.0
A,Annual,NR,Number,T,Total,Y50-54,From 50 to 54 years,IT,Italy,2011,2011,4115911.0
A,Annual,NR,Number,T,Total,Y50-54,From 50 to 54 years,IT,Italy,2012,2012,4219694.0
A,Annual,NR,Number,T,Total,Y50-54,From 50 to 54 years,IT,Italy,2013,2013,4328297.0
A,Annual,NR,Number,T,Total,Y50-54,From 50 to 54 years,IT,Italy,2014,2014,4457493.0
A,Annual,NR,Number,T,Total,Y50-54,From 50 to 54 years,IT,Italy,2015,2015,4606435.0
A,Annual,NR,Number,T,Total,Y50-54,From 50 to 54 years,IT,Italy,2016,2016,4720066.0
A,Annual,NR,Number,T,Total,Y50-54,From 50 to 54 years,IT,Italy,2017,2017,4808923.0
A,Annual,NR,Number,T,Total,Y50-54,From 50 to 54 years,IT,Italy,2018,2018,4870982.0
A,Annual,NR,Number,T,Total,Y50-54,From 50 to 54 years,IT,Italy,2019,2019,4900974.0
A,Annual,NR,Number,T,Total,Y50-54,From 50 to 54 years,IT,Italy,2020,2020,4876704.0
A,Annual,NR,Number,T,Total,Y50-54,From 50 to 54 years,IT,Italy,2021,2021,4817675.0
A,Annual,NR,Number,T,Total,Y50-54,From 50 to 54 years,IT,Italy,2022,2022,4807237.0
A,Annual,NR,Number,T,Total,Y50-54,From 50 to 54 years,IT,Italy,2023,2023,4791465.0
A,Annual,NR,Number,T,Total,Y50-54,From 50 to 54 years,CY,Cyprus,2010,2010,52811.0
A,Annual,NR,Number,T,Total,Y50-54,From 50 to 54 years,CY,Cyprus,2011,2011,54876.0
A,Annual,NR,Number,T,Total,Y50-54,From 50 to 54 years,CY,Cyprus,2012,2012,56640.0
A,Annual,NR,Number,T,Total,Y50-54,From 50 to 54 years,CY,Cyprus,2013,2013,57167.0
A,Annual,NR,Number,T,Total,Y50-54,From 50 to 54 years,CY,Cyprus,2014,2014,57387.0
A,Annual,NR,Number,T,Total,Y50-54,From 50 to 54 years,CY,Cyprus,2015,2015,57410.0
A,Annual,NR,Number,T,Total,Y50-54,From 50 to 54 years,CY,Cyprus,2016,2016,56782.0
A,Annual,NR,Number,T,Total,Y50-54,From 50 to 54 years,CY,Cyprus,2017,2017,56742.0
A,Annual,NR,Number,T,Total,Y50-54,From 50 to 54 years,CY,Cyprus,2018,2018,56966.0
A,Annual,NR,Number,T,Total,Y50-54,From 50 to 54 years,CY,Cyprus,2019,2019,57339.0
A,Annual,NR,Number,T,Total,Y50-54,From 50 to 54 years,CY,Cyprus,2020,2020,56976.0
A,Annual,NR,Number,T,Total,Y50-54,From 50 to 54 years,CY,Cyprus,2021,2021,57543.0
A,Annual,NR,Number,T,Total,Y50-54,From 50 to 54 years,CY,Cyprus,2022,2022,58804.0
A,Annual,NR,Number,T,Total,Y50-54,From 50 to 54 years,CY,Cyprus,2023,2023,60331.0
A,Annual,NR,Number,T,Total,Y50-54,From 50 to 54 years,LV,Latvia,2010,2010,152229.0
A,Annual,NR,Number,T,Total,Y50-54,From 50 to 54 years,LV,Latvia,2011,2011,152843.0
A,Annual,NR,Number,T,Total,Y50-54,From 50 to 54 years,LV,Latvia,2012,2012,153905.0
A,Annual,NR,Number,T,Total,Y50-54,From 50 to 54 years,LV,Latvia,2013,2013,152990.0
A,Annual,NR,Number,T,Total,Y50-54,From 50 to 54 years,LV,Latvia,2014,2014,150000.0
A,Annual,NR,Number,T,Total,Y50-54,From 50 to 54 years,LV,Latvia,2015,2015,146613.0
A,Annual,NR,Number,T,Total,Y50-54,From 50 to 54 years,LV,Latvia,2016,2016,140870.0
A,Annual,NR,Number,T,Total,Y50-54,From 50 to 54 years,LV,Latvia,2017,2017,135855.0
A,Annual,NR,Number,T,Total,Y50-54,From 50 to 54 years,LV,Latvia,2018,2018,131885.0
A,Annual,NR,Number,T,Total,Y50-54,From 50 to 54 years,LV,Latvia,2019,2019,129259.0
A,Annual,NR,Number,T,Total,Y50-54,From 50 to 54 years,LV,Latvia,2020,2020,127715.0
A,Annual,NR,Number,T,Total,Y50-54,From 50 to 54 years,LV,Latvia,2021,2021,128098.0
A,Annual,NR,Number,T,Total,Y50-54,From 50 to 54 years,LV,Latvia,2022,2022,128703.0
A,Annual,NR,Number,T,Total,Y50-54,From 50 to 54 years,LV,Latvia,2023,2023,129333.0
A,Annual,NR,Number,T,Total,Y50-54,From 50 to 54 years,LT,Lithuania,2010,2010,226200.0
A,Annual,NR,Number,T,Total,Y50-54,From 50 to 54 years,LT,Lithuania,2011,2011,231141.0
A,Annual,NR,Number,T,Total,Y50-54,From 50 to 54 years,LT,Lithuania,2012,2012,237275.0
A,Annual,NR,Number,T,Total,Y50-54,From 50 to 54 years,LT,Lithuania,2013,2013,239140.0
A,Annual,NR,Number,T,Total,Y50-54,From 50 to 54 years,LT,Lithuania,2014,2014,235885.0
A,Annual,NR,Number,T,Total,Y50-54,From 50 to 54 years,LT,Lithuania,2015,2015,231104.0
A,Annual,NR,Number,T,Total,Y50-54,From 50 to 54 years,LT,Lithuania,2016,2016,223717.0
A,Annual,NR,Number,T,Total,Y50-54,From 50 to 54 years,LT,Lithuania,2017,2017,215780.0
A,Annual,NR,Number,T,Total,Y50-54,From 50 to 54 years,LT,Lithuania,2018,2018,210070.0
A,Annual,NR,Number,T,Total,Y50-54,From 50 to 54 years,LT,Lithuania,2019,2019,207270.0
A,Annual,NR,Number,T,Total,Y50-54,From 50 to 54 years,LT,Lithuania,2020,2020,205818.0
A,Annual,NR,Number,T,Total,Y50-54,From 50 to 54 years,LT,Lithuania,2021,2021,206066.0
A,Annual,NR,Number,T,Total,Y50-54,From 50 to 54 years,LT,Lithuania,2022,2022,206312.0
A,Annual,NR,Number,T,Total,Y50-54,From 50 to 54 years,LT,Lithuania,2023,2023,206935.0
A,Annual,NR,Number,T,Total,Y50-54,From 50 to 54 years,LU,Luxembourg,2010,2010,34902.0
A,Annual,NR,Number,T,Total,Y50-54,From 50 to 54 years,LU,Luxembourg,2011,2011,36191.0
A,Annual,NR,Number,T,Total,Y50-54,From 50 to 54 years,LU,Luxembourg,2012,2012,37597.0
A,Annual,NR,Number,T,Total,Y50-54,From 50 to 54 years,LU,Luxembourg,2013,2013,38852.0
A,Annual,NR,Number,T,Total,Y50-54,From 50 to 54 years,LU,Luxembourg,2014,2014,40512.0
A,Annual,NR,Number,T,Total,Y50-54,From 50 to 54 years,LU,Luxembourg,2015,2015,42180.0
A,Annual,NR,Number,T,Total,Y50-54,From 50 to 54 years,LU,Luxembourg,2016,2016,43678.0
A,Annual,NR,Number,T,Total,Y50-54,From 50 to 54 years,LU,Luxembourg,2017,2017,45103.0
A,Annual,NR,Number,T,Total,Y50-54,From 50 to 54 years,LU,Luxembourg,2018,2018,46090.0
A,Annual,NR,Number,T,Total,Y50-54,From 50 to 54 years,LU,Luxembourg,2019,2019,46695.0
A,Annual,NR,Number,T,Total,Y50-54,From 50 to 54 years,LU,Luxembourg,2020,2020,47000.0
A,Annual,NR,Number,T,Total,Y50-54,From 50 to 54 years,LU,Luxembourg,2021,2021,46957.0
A,Annual,NR,Number,T,Total,Y50-54,From 50 to 54 years,LU,Luxembourg,2022,2022,47233.0
A,Annual,NR,Number,T,Total,Y50-54,From 50 to 54 years,LU,Luxembourg,2023,2023,47253.0
A,Annual,NR,Number,T,Total,Y50-54,From 50 to 54 years,HU,Hungary,2010,2010,710470.0
A,Annual,NR,Number,T,Total,Y50-54,From 50 to 54 years,HU,Hungary,2011,2011,670216.0
A,Annual,NR,Number,T,Total,Y50-54,From 50 to 54 years,HU,Hungary,2012,2012,648036.0
A,Annual,NR,Number,T,Total,Y50-54,From 50 to 54 years,HU,Hungary,2013,2013,622349.0
A,Annual,NR,Number,T,Total,Y50-54,From 50 to 54 years,HU,Hungary,2014,2014,604133.0
A,Annual,NR,Number,T,Total,Y50-54,From 50 to 54 years,HU,Hungary,2015,2015,593840.0
A,Annual,NR,Number,T,Total,Y50-54,From 50 to 54 years,HU,Hungary,2016,2016,586325.0
A,Annual,NR,Number,T,Total,Y50-54,From 50 to 54 years,HU,Hungary,2017,2017,588523.0
A,Annual,NR,Number,T,Total,Y50-54,From 50 to 54 years,HU,Hungary,2018,2018,610787.0
A,Annual,NR,Number,T,Total,Y50-54,From 50 to 54 years,HU,Hungary,2019,2019,637237.0
A,Annual,NR,Number,T,Total,Y50-54,From 50 to 54 years,HU,Hungary,2020,2020,662775.0
A,Annual,NR,Number,T,Total,Y50-54,From 50 to 54 years,HU,Hungary,2021,2021,684573.0
A,Annual,NR,Number,T,Total,Y50-54,From 50 to 54 years,HU,Hungary,2022,2022,699893.0
A,Annual,NR,Number,T,Total,Y50-54,From 50 to 54 years,HU,Hungary,2023,2023,708095.0
A,Annual,NR,Number,T,Total,Y50-54,From 50 to 54 years,MT,Malta,2010,2010,30453.0
A,Annual,NR,Number,T,Total,Y50-54,From 50 to 54 years,MT,Malta,2011,2011,30691.0
A,Annual,NR,Number,T,Total,Y50-54,From 50 to 54 years,MT,Malta,2012,2012,30492.0
A,Annual,NR,Number,T,Total,Y50-54,From 50 to 54 years,MT,Malta,2013,2013,30189.0
A,Annual,NR,Number,T,Total,Y50-54,From 50 to 54 years,MT,Malta,2014,2014,29725.0
A,Annual,NR,Number,T,Total,Y50-54,From 50 to 54 years,MT,Malta,2015,2015,29452.0
A,Annual,NR,Number,T,Total,Y50-54,From 50 to 54 years,MT,Malta,2016,2016,28885.0
A,Annual,NR,Number,T,Total,Y50-54,From 50 to 54 years,MT,Malta,2017,2017,28362.0
A,Annual,NR,Number,T,Total,Y50-54,From 50 to 54 years,MT,Malta,2018,2018,27992.0
A,Annual,NR,Number,T,Total,Y50-54,From 50 to 54 years,MT,Malta,2019,2019,28250.0
A,Annual,NR,Number,T,Total,Y50-54,From 50 to 54 years,MT,Malta,2020,2020,28734.0
A,Annual,NR,Number,T,Total,Y50-54,From 50 to 54 years,MT,Malta,2021,2021,28929.0
A,Annual,NR,Number,T,Total,Y50-54,From 50 to 54 years,MT,Malta,2022,2022,29727.0
A,Annual,NR,Number,T,Total,Y50-54,From 50 to 54 years,MT,Malta,2023,2023,31153.0
A,Annual,NR,Number,T,Total,Y50-54,From 50 to 54 years,NL,Netherlands,2010,2010,1177367.0
A,Annual,NR,Number,T,Total,Y50-54,From 50 to 54 years,NL,Netherlands,2011,2011,1196319.0
A,Annual,NR,Number,T,Total,Y50-54,From 50 to 54 years,NL,Netherlands,2012,2012,1216443.0
A,Annual,NR,Number,T,Total,Y50-54,From 50 to 54 years,NL,Netherlands,2013,2013,1234911.0
A,Annual,NR,Number,T,Total,Y50-54,From 50 to 54 years,NL,Netherlands,2014,2014,1253267.0
A,Annual,NR,Number,T,Total,Y50-54,From 50 to 54 years,NL,Netherlands,2015,2015,1270184.0
A,Annual,NR,Number,T,Total,Y50-54,From 50 to 54 years,NL,Netherlands,2016,2016,1280519.0
A,Annual,NR,Number,T,Total,Y50-54,From 50 to 54 years,NL,Netherlands,2017,2017,1281617.0
A,Annual,NR,Number,T,Total,Y50-54,From 50 to 54 years,NL,Netherlands,2018,2018,1279846.0
A,Annual,NR,Number,T,Total,Y50-54,From 50 to 54 years,NL,Netherlands,2019,2019,1276856.0
A,Annual,NR,Number,T,Total,Y50-54,From 50 to 54 years,NL,Netherlands,2020,2020,1281826.0
A,Annual,NR,Number,T,Total,Y50-54,From 50 to 54 years,NL,Netherlands,2021,2021,1286131.0
A,Annual,NR,Number,T,Total,Y50-54,From 50 to 54 years,NL,Netherlands,2022,2022,1283070.0
A,Annual,NR,Number,T,Total,Y50-54,From 50 to 54 years,NL,Netherlands,2023,2023,1274653.0
A,Annual,NR,Number,T,Total,Y50-54,From 50 to 54 years,AT,Austria,2010,2010,590703.0
A,Annual,NR,Number,T,Total,Y50-54,From 50 to 54 years,AT,Austria,2011,2011,611511.0
A,Annual,NR,Number,T,Total,Y50-54,From 50 to 54 years,AT,Austria,2012,2012,630070.0
A,Annual,NR,Number,T,Total,Y50-54,From 50 to 54 years,AT,Austria,2013,2013,650630.0
A,Annual,NR,Number,T,Total,Y50-54,From 50 to 54 years,AT,Austria,2014,2014,673175.0
A,Annual,NR,Number,T,Total,Y50-54,From 50 to 54 years,AT,Austria,2015,2015,691590.0
A,Annual,NR,Number,T,Total,Y50-54,From 50 to 54 years,AT,Austria,2016,2016,705366.0
A,Annual,NR,Number,T,Total,Y50-54,From 50 to 54 years,AT,Austria,2017,2017,712250.0
A,Annual,NR,Number,T,Total,Y50-54,From 50 to 54 years,AT,Austria,2018,2018,715390.0
A,Annual,NR,Number,T,Total,Y50-54,From 50 to 54 years,AT,Austria,2019,2019,715583.0
A,Annual,NR,Number,T,Total,Y50-54,From 50 to 54 years,AT,Austria,2020,2020,711404.0
A,Annual,NR,Number,T,Total,Y50-54,From 50 to 54 years,AT,Austria,2021,2021,700665.0
A,Annual,NR,Number,T,Total,Y50-54,From 50 to 54 years,AT,Austria,2022,2022,686858.0
A,Annual,NR,Number,T,Total,Y50-54,From 50 to 54 years,AT,Austria,2023,2023,673292.0
A,Annual,NR,Number,T,Total,Y50-54,From 50 to 54 years,PL,Poland,2010,2010,3013721.0
A,Annual,NR,Number,T,Total,Y50-54,From 50 to 54 years,PL,Poland,2011,2011,2928231.0
A,Annual,NR,Number,T,Total,Y50-54,From 50 to 54 years,PL,Poland,2012,2012,2821436.0
A,Annual,NR,Number,T,Total,Y50-54,From 50 to 54 years,PL,Poland,2013,2013,2692197.0
A,Annual,NR,Number,T,Total,Y50-54,From 50 to 54 years,PL,Poland,2014,2014,2569838.0
A,Annual,NR,Number,T,Total,Y50-54,From 50 to 54 years,PL,Poland,2015,2015,2460176.0
A,Annual,NR,Number,T,Total,Y50-54,From 50 to 54 years,PL,Poland,2016,2016,2376686.0
A,Annual,NR,Number,T,Total,Y50-54,From 50 to 54 years,PL,Poland,2017,2017,2319007.0
A,Annual,NR,Number,T,Total,Y50-54,From 50 to 54 years,PL,Poland,2018,2018,2277147.0
A,Annual,NR,Number,T,Total,Y50-54,From 50 to 54 years,PL,Poland,2019,2019,2246116.0
A,Annual,NR,Number,T,Total,Y50-54,From 50 to 54 years,PL,Poland,2020,2020,2233905.0
A,Annual,NR,Number,T,Total,Y50-54,From 50 to 54 years,PL,Poland,2021,2021,2209937.0
A,Annual,NR,Number,T,Total,Y50-54,From 50 to 54 years,PL,Poland,2022,2022,2242275.0
A,Annual,NR,Number,T,Total,Y50-54,From 50 to 54 years,PL,Poland,2023,2023,2299688.0
A,Annual,NR,Number,T,Total,Y50-54,From 50 to 54 years,PT,Portugal,2010,2010,713593.0
A,Annual,NR,Number,T,Total,Y50-54,From 50 to 54 years,PT,Portugal,2011,2011,725500.0
A,Annual,NR,Number,T,Total,Y50-54,From 50 to 54 years,PT,Portugal,2012,2012,735609.0
A,Annual,NR,Number,T,Total,Y50-54,From 50 to 54 years,PT,Portugal,2013,2013,742214.0
A,Annual,NR,Number,T,Total,Y50-54,From 50 to 54 years,PT,Portugal,2014,2014,747484.0
A,Annual,NR,Number,T,Total,Y50-54,From 50 to 54 years,PT,Portugal,2015,2015,756461.0
A,Annual,NR,Number,T,Total,Y50-54,From 50 to 54 years,PT,Portugal,2016,2016,758266.0
A,Annual,NR,Number,T,Total,Y50-54,From 50 to 54 years,PT,Portugal,2017,2017,758019.0
A,Annual,NR,Number,T,Total,Y50-54,From 50 to 54 years,PT,Portugal,2018,2018,755458.0
A,Annual,NR,Number,T,Total,Y50-54,From 50 to 54 years,PT,Portugal,2019,2019,752612.0
A,Annual,NR,Number,T,Total,Y50-54,From 50 to 54 years,PT,Portugal,2020,2020,748505.0
A,Annual,NR,Number,T,Total,Y50-54,From 50 to 54 years,PT,Portugal,2021,2021,748365.0
A,Annual,NR,Number,T,Total,Y50-54,From 50 to 54 years,PT,Portugal,2022,2022,753851.0
A,Annual,NR,Number,T,Total,Y50-54,From 50 to 54 years,PT,Portugal,2023,2023,767932.0
A,Annual,NR,Number,T,Total,Y50-54,From 50 to 54 years,RO,Romania,2010,2010,1367755.0
A,Annual,NR,Number,T,Total,Y50-54,From 50 to 54 years,RO,Romania,2011,2011,1351049.0
A,Annual,NR,Number,T,Total,Y50-54,From 50 to 54 years,RO,Romania,2012,2012,1318786.0
A,Annual,NR,Number,T,Total,Y50-54,From 50 to 54 years,RO,Romania,2013,2013,1242414.0
A,Annual,NR,Number,T,Total,Y50-54,From 50 to 54 years,RO,Romania,2014,2014,1174930.0
A,Annual,NR,Number,T,Total,Y50-54,From 50 to 54 years,RO,Romania,2015,2015,1119092.0
A,Annual,NR,Number,T,Total,Y50-54,From 50 to 54 years,RO,Romania,2016,2016,1071805.0
A,Annual,NR,Number,T,Total,Y50-54,From 50 to 54 years,RO,Romania,2017,2017,1037171.0
A,Annual,NR,Number,T,Total,Y50-54,From 50 to 54 years,RO,Romania,2018,2018,1200880.0
A,Annual,NR,Number,T,Total,Y50-54,From 50 to 54 years,RO,Romania,2019,2019,1359924.0
A,Annual,NR,Number,T,Total,Y50-54,From 50 to 54 years,RO,Romania,2020,2020,1479299.0
A,Annual,NR,Number,T,Total,Y50-54,From 50 to 54 years,RO,Romania,2021,2021,1573879.0
A,Annual,NR,Number,T,Total,Y50-54,From 50 to 54 years,RO,Romania,2022,2022,1663897.0
A,Annual,NR,Number,T,Total,Y50-54,From 50 to 54 years,RO,Romania,2023,2023,1580330.0
A,Annual,NR,Number,T,Total,Y50-54,From 50 to 54 years,SI,Slovenia,2010,2010,155235.0
A,Annual,NR,Number,T,Total,Y50-54,From 50 to 54 years,SI,Slovenia,2011,2011,153589.0
A,Annual,NR,Number,T,Total,Y50-54,From 50 to 54 years,SI,Slovenia,2012,2012,152564.0
A,Annual,NR,Number,T,Total,Y50-54,From 50 to 54 years,SI,Slovenia,2013,2013,152366.0
A,Annual,NR,Number,T,Total,Y50-54,From 50 to 54 years,SI,Slovenia,2014,2014,152891.0
A,Annual,NR,Number,T,Total,Y50-54,From 50 to 54 years,SI,Slovenia,2015,2015,153352.0
A,Annual,NR,Number,T,Total,Y50-54,From 50 to 54 years,SI,Slovenia,2016,2016,154542.0
A,Annual,NR,Number,T,Total,Y50-54,From 50 to 54 years,SI,Slovenia,2017,2017,155160.0
A,Annual,NR,Number,T,Total,Y50-54,From 50 to 54 years,SI,Slovenia,2018,2018,154888.0
A,Annual,NR,Number,T,Total,Y50-54,From 50 to 54 years,SI,Slovenia,2019,2019,154102.0
A,Annual,NR,Number,T,Total,Y50-54,From 50 to 54 years,SI,Slovenia,2020,2020,152755.0
A,Annual,NR,Number,T,Total,Y50-54,From 50 to 54 years,SI,Slovenia,2021,2021,149801.0
A,Annual,NR,Number,T,Total,Y50-54,From 50 to 54 years,SI,Slovenia,2022,2022,147044.0
A,Annual,NR,Number,T,Total,Y50-54,From 50 to 54 years,SI,Slovenia,2023,2023,146787.0
A,Annual,NR,Number,T,Total,Y50-54,From 50 to 54 years,SK,Slovakia,2010,2010,394819.0
A,Annual,NR,Number,T,Total,Y50-54,From 50 to 54 years,SK,Slovakia,2011,2011,387416.0
A,Annual,NR,Number,T,Total,Y50-54,From 50 to 54 years,SK,Slovakia,2012,2012,379760.0
A,Annual,NR,Number,T,Total,Y50-54,From 50 to 54 years,SK,Slovakia,2013,2013,371616.0
A,Annual,NR,Number,T,Total,Y50-54,From 50 to 54 years,SK,Slovakia,2014,2014,368749.0
A,Annual,NR,Number,T,Total,Y50-54,From 50 to 54 years,SK,Slovakia,2015,2015,370115.0
A,Annual,NR,Number,T,Total,Y50-54,From 50 to 54 years,SK,Slovakia,2016,2016,367972.0
A,Annual,NR,Number,T,Total,Y50-54,From 50 to 54 years,SK,Slovakia,2017,2017,363869.0
A,Annual,NR,Number,T,Total,Y50-54,From 50 to 54 years,SK,Slovakia,2018,2018,359661.0
A,Annual,NR,Number,T,Total,Y50-54,From 50 to 54 years,SK,Slovakia,2019,2019,352022.0
A,Annual,NR,Number,T,Total,Y50-54,From 50 to 54 years,SK,Slovakia,2020,2020,346980.0
A,Annual,NR,Number,T,Total,Y50-54,From 50 to 54 years,SK,Slovakia,2021,2021,345716.0
A,Annual,NR,Number,T,Total,Y50-54,From 50 to 54 years,SK,Slovakia,2022,2022,349057.0
A,Annual,NR,Number,T,Total,Y50-54,From 50 to 54 years,SK,Slovakia,2023,2023,359103.0
A,Annual,NR,Number,T,Total,Y50-54,From 50 to 54 years,FI,Finland,2010,2010,378037.0
A,Annual,NR,Number,T,Total,Y50-54,From 50 to 54 years,FI,Finland,2011,2011,374857.0
A,Annual,NR,Number,T,Total,Y50-54,From 50 to 54 years,FI,Finland,2012,2012,371613.0
A,Annual,NR,Number,T,Total,Y50-54,From 50 to 54 years,FI,Finland,2013,2013,371171.0
A,Annual,NR,Number,T,Total,Y50-54,From 50 to 54 years,FI,Finland,2014,2014,374932.0
A,Annual,NR,Number,T,Total,Y50-54,From 50 to 54 years,FI,Finland,2015,2015,375585.0
A,Annual,NR,Number,T,Total,Y50-54,From 50 to 54 years,FI,Finland,2016,2016,374501.0
A,Annual,NR,Number,T,Total,Y50-54,From 50 to 54 years,FI,Finland,2017,2017,372735.0
A,Annual,NR,Number,T,Total,Y50-54,From 50 to 54 years,FI,Finland,2018,2018,369756.0
A,Annual,NR,Number,T,Total,Y50-54,From 50 to 54 years,FI,Finland,2019,2019,364549.0
A,Annual,NR,Number,T,Total,Y50-54,From 50 to 54 years,FI,Finland,2020,2020,355794.0
A,Annual,NR,Number,T,Total,Y50-54,From 50 to 54 years,FI,Finland,2021,2021,347146.0
A,Annual,NR,Number,T,Total,Y50-54,From 50 to 54 years,FI,Finland,2022,2022,337196.0
A,Annual,NR,Number,T,Total,Y50-54,From 50 to 54 years,FI,Finland,2023,2023,326045.0
A,Annual,NR,Number,T,Total,Y50-54,From 50 to 54 years,SE,Sweden,2010,2010,585136.0
A,Annual,NR,Number,T,Total,Y50-54,From 50 to 54 years,SE,Sweden,2011,2011,584733.0
A,Annual,NR,Number,T,Total,Y50-54,From 50 to 54 years,SE,Sweden,2012,2012,584502.0
A,Annual,NR,Number,T,Total,Y50-54,From 50 to 54 years,SE,Sweden,2013,2013,588708.0
A,Annual,NR,Number,T,Total,Y50-54,From 50 to 54 years,SE,Sweden,2014,2014,600575.0
A,Annual,NR,Number,T,Total,Y50-54,From 50 to 54 years,SE,Sweden,2015,2015,622044.0
A,Annual,NR,Number,T,Total,Y50-54,From 50 to 54 years,SE,Sweden,2016,2016,644465.0
A,Annual,NR,Number,T,Total,Y50-54,From 50 to 54 years,SE,Sweden,2017,2017,666684.0
A,Annual,NR,Number,T,Total,Y50-54,From 50 to 54 years,SE,Sweden,2018,2018,683300.0
A,Annual,NR,Number,T,Total,Y50-54,From 50 to 54 years,SE,Sweden,2019,2019,687849.0
A,Annual,NR,Number,T,Total,Y50-54,From 50 to 54 years,SE,Sweden,2020,2020,677755.0
A,Annual,NR,Number,T,Total,Y50-54,From 50 to 54 years,SE,Sweden,2021,2021,668572.0
A,Annual,NR,Number,T,Total,Y50-54,From 50 to 54 years,SE,Sweden,2022,2022,663496.0
A,Annual,NR,Number,T,Total,Y50-54,From 50 to 54 years,SE,Sweden,2023,2023,660484.0
A,Annual,NR,Number,T,Total,Y55-59,From 55 to 59 years,BE,Belgium,2010,2010,689451.0
A,Annual,NR,Number,T,Total,Y55-59,From 55 to 59 years,BE,Belgium,2011,2011,702335.0
A,Annual,NR,Number,T,Total,Y55-59,From 55 to 59 years,BE,Belgium,2012,2012,715866.0
A,Annual,NR,Number,T,Total,Y55-59,From 55 to 59 years,BE,Belgium,2013,2013,726692.0
A,Annual,NR,Number,T,Total,Y55-59,From 55 to 59 years,BE,Belgium,2014,2014,739423.0
A,Annual,NR,Number,T,Total,Y55-59,From 55 to 59 years,BE,Belgium,2015,2015,753004.0
A,Annual,NR,Number,T,Total,Y55-59,From 55 to 59 years,BE,Belgium,2016,2016,763475.0
A,Annual,NR,Number,T,Total,Y55-59,From 55 to 59 years,BE,Belgium,2017,2017,773690.0
A,Annual,NR,Number,T,Total,Y55-59,From 55 to 59 years,BE,Belgium,2018,2018,782337.0
A,Annual,NR,Number,T,Total,Y55-59,From 55 to 59 years,BE,Belgium,2019,2019,791327.0
A,Annual,NR,Number,T,Total,Y55-59,From 55 to 59 years,BE,Belgium,2020,2020,800140.0
A,Annual,NR,Number,T,Total,Y55-59,From 55 to 59 years,BE,Belgium,2021,2021,804220.0
A,Annual,NR,Number,T,Total,Y55-59,From 55 to 59 years,BE,Belgium,2022,2022,803330.0
A,Annual,NR,Number,T,Total,Y55-59,From 55 to 59 years,BE,Belgium,2023,2023,800053.0
A,Annual,NR,Number,T,Total,Y55-59,From 55 to 59 years,BG,Bulgaria,2010,2010,538702.0
A,Annual,NR,Number,T,Total,Y55-59,From 55 to 59 years,BG,Bulgaria,2011,2011,525355.0
A,Annual,NR,Number,T,Total,Y55-59,From 55 to 59 years,BG,Bulgaria,2012,2012,524881.0
A,Annual,NR,Number,T,Total,Y55-59,From 55 to 59 years,BG,Bulgaria,2013,2013,522830.0
A,Annual,NR,Number,T,Total,Y55-59,From 55 to 59 years,BG,Bulgaria,2014,2014,512748.0
A,Annual,NR,Number,T,Total,Y55-59,From 55 to 59 years,BG,Bulgaria,2015,2015,506595.0
A,Annual,NR,Number,T,Total,Y55-59,From 55 to 59 years,BG,Bulgaria,2016,2016,497656.0
A,Annual,NR,Number,T,Total,Y55-59,From 55 to 59 years,BG,Bulgaria,2017,2017,489500.0
A,Annual,NR,Number,T,Total,Y55-59,From 55 to 59 years,BG,Bulgaria,2018,2018,485527.0
A,Annual,NR,Number,T,Total,Y55-59,From 55 to 59 years,BG,Bulgaria,2019,2019,480395.0
A,Annual,NR,Number,T,Total,Y55-59,From 55 to 59 years,BG,Bulgaria,2020,2020,471799.0
A,Annual,NR,Number,T,Total,Y55-59,From 55 to 59 years,BG,Bulgaria,2021,2021,462668.0
A,Annual,NR,Number,T,Total,Y55-59,From 55 to 59 years,BG,Bulgaria,2022,2022,447435.0
A,Annual,NR,Number,T,Total,Y55-59,From 55 to 59 years,BG,Bulgaria,2023,2023,439672.0
A,Annual,NR,Number,T,Total,Y55-59,From 55 to 59 years,CZ,Czechia,2010,2010,763773.0
A,Annual,NR,Number,T,Total,Y55-59,From 55 to 59 years,CZ,Czechia,2011,2011,756613.0
A,Annual,NR,Number,T,Total,Y55-59,From 55 to 59 years,CZ,Czechia,2012,2012,745595.0
A,Annual,NR,Number,T,Total,Y55-59,From 55 to 59 years,CZ,Czechia,2013,2013,730876.0
A,Annual,NR,Number,T,Total,Y55-59,From 55 to 59 years,CZ,Czechia,2014,2014,709023.0
A,Annual,NR,Number,T,Total,Y55-59,From 55 to 59 years,CZ,Czechia,2015,2015,680114.0
A,Annual,NR,Number,T,Total,Y55-59,From 55 to 59 years,CZ,Czechia,2016,2016,653439.0
A,Annual,NR,Number,T,Total,Y55-59,From 55 to 59 years,CZ,Czechia,2017,2017,631422.0
A,Annual,NR,Number,T,Total,Y55-59,From 55 to 59 years,CZ,Czechia,2018,2018,617823.0
A,Annual,NR,Number,T,Total,Y55-59,From 55 to 59 years,CZ,Czechia,2019,2019,628207.0
A,Annual,NR,Number,T,Total,Y55-59,From 55 to 59 years,CZ,Czechia,2020,2020,653501.0
A,Annual,NR,Number,T,Total,Y55-59,From 55 to 59 years,CZ,Czechia,2021,2021,663917.0
A,Annual,NR,Number,T,Total,Y55-59,From 55 to 59 years,CZ,Czechia,2022,2022,673023.0
A,Annual,NR,Number,T,Total,Y55-59,From 55 to 59 years,CZ,Czechia,2023,2023,688078.0
A,Annual,NR,Number,T,Total,Y55-59,From 55 to 59 years,DK,Denmark,2010,2010,350004.0
A,Annual,NR,Number,T,Total,Y55-59,From 55 to 59 years,DK,Denmark,2011,2011,349543.0
A,Annual,NR,Number,T,Total,Y55-59,From 55 to 59 years,DK,Denmark,2012,2012,352243.0
A,Annual,NR,Number,T,Total,Y55-59,From 55 to 59 years,DK,Denmark,2013,2013,353381.0
A,Annual,NR,Number,T,Total,Y55-59,From 55 to 59 years,DK,Denmark,2014,2014,354046.0
A,Annual,NR,Number,T,Total,Y55-59,From 55 to 59 years,DK,Denmark,2015,2015,355781.0
A,Annual,NR,Number,T,Total,Y55-59,From 55 to 59 years,DK,Denmark,2016,2016,359474.0
A,Annual,NR,Number,T,Total,Y55-59,From 55 to 59 years,DK,Denmark,2017,2017,362210.0
A,Annual,NR,Number,T,Total,Y55-59,From 55 to 59 years,DK,Denmark,2018,2018,367613.0
A,Annual,NR,Number,T,Total,Y55-59,From 55 to 59 years,DK,Denmark,2019,2019,376994.0
A,Annual,NR,Number,T,Total,Y55-59,From 55 to 59 years,DK,Denmark,2020,2020,388538.0
A,Annual,NR,Number,T,Total,Y55-59,From 55 to 59 years,DK,Denmark,2021,2021,399520.0
A,Annual,NR,Number,T,Total,Y55-59,From 55 to 59 years,DK,Denmark,2022,2022,413339.0
A,Annual,NR,Number,T,Total,Y55-59,From 55 to 59 years,DK,Denmark,2023,2023,420559.0
A,Annual,NR,Number,T,Total,Y55-59,From 55 to 59 years,DE,Germany,2010,2010,5423912.0
A,Annual,NR,Number,T,Total,Y55-59,From 55 to 59 years,DE,Germany,2011,2011,5383155.0
A,Annual,NR,Number,T,Total,Y55-59,From 55 to 59 years,DE,Germany,2012,2012,5465592.0
A,Annual,NR,Number,T,Total,Y55-59,From 55 to 59 years,DE,Germany,2013,2013,5563619.0
A,Annual,NR,Number,T,Total,Y55-59,From 55 to 59 years,DE,Germany,2014,2014,5688892.0
A,Annual,NR,Number,T,Total,Y55-59,From 55 to 59 years,DE,Germany,2015,2015,5853132.0
A,Annual,NR,Number,T,Total,Y55-59,From 55 to 59 years,DE,Germany,2016,2016,6038640.0
A,Annual,NR,Number,T,Total,Y55-59,From 55 to 59 years,DE,Germany,2017,2017,6223126.0
A,Annual,NR,Number,T,Total,Y55-59,From 55 to 59 years,DE,Germany,2018,2018,6401516.0
A,Annual,NR,Number,T,Total,Y55-59,From 55 to 59 years,DE,Germany,2019,2019,6598218.0
A,Annual,NR,Number,T,Total,Y55-59,From 55 to 59 years,DE,Germany,2020,2020,6737305.0
A,Annual,NR,Number,T,Total,Y55-59,From 55 to 59 years,DE,Germany,2021,2021,6817318.0
A,Annual,NR,Number,T,Total,Y55-59,From 55 to 59 years,DE,Germany,2022,2022,6846797.0
A,Annual,NR,Number,T,Total,Y55-59,From 55 to 59 years,DE,Germany,2023,2023,6796205.0
A,Annual,NR,Number,T,Total,Y55-59,From 55 to 59 years,EE,Estonia,2010,2010,86930.0
A,Annual,NR,Number,T,Total,Y55-59,From 55 to 59 years,EE,Estonia,2011,2011,88100.0
A,Annual,NR,Number,T,Total,Y55-59,From 55 to 59 years,EE,Estonia,2012,2012,88169.0
A,Annual,NR,Number,T,Total,Y55-59,From 55 to 59 years,EE,Estonia,2013,2013,88342.0
A,Annual,NR,Number,T,Total,Y55-59,From 55 to 59 years,EE,Estonia,2014,2014,88964.0
A,Annual,NR,Number,T,Total,Y55-59,From 55 to 59 years,EE,Estonia,2015,2015,89250.0
A,Annual,NR,Number,T,Total,Y55-59,From 55 to 59 years,EE,Estonia,2016,2016,88728.0
A,Annual,NR,Number,T,Total,Y55-59,From 55 to 59 years,EE,Estonia,2017,2017,89106.0
A,Annual,NR,Number,T,Total,Y55-59,From 55 to 59 years,EE,Estonia,2018,2018,89278.0
A,Annual,NR,Number,T,Total,Y55-59,From 55 to 59 years,EE,Estonia,2019,2019,88719.0
A,Annual,NR,Number,T,Total,Y55-59,From 55 to 59 years,EE,Estonia,2020,2020,87640.0
A,Annual,NR,Number,T,Total,Y55-59,From 55 to 59 years,EE,Estonia,2021,2021,85566.0
A,Annual,NR,Number,T,Total,Y55-59,From 55 to 59 years,EE,Estonia,2022,2022,83564.0
A,Annual,NR,Number,T,Total,Y55-59,From 55 to 59 years,EE,Estonia,2023,2023,83015.0
A,Annual,NR,Number,T,Total,Y55-59,From 55 to 59 years,IE,Ireland,2010,2010,238576.0
A,Annual,NR,Number,T,Total,Y55-59,From 55 to 59 years,IE,Ireland,2011,2011,242213.0
A,Annual,NR,Number,T,Total,Y55-59,From 55 to 59 years,IE,Ireland,2012,2012,247025.0
A,Annual,NR,Number,T,Total,Y55-59,From 55 to 59 years,IE,Ireland,2013,2013,250151.0
A,Annual,NR,Number,T,Total,Y55-59,From 55 to 59 years,IE,Ireland,2014,2014,254542.0
A,Annual,NR,Number,T,Total,Y55-59,From 55 to 59 years,IE,Ireland,2015,2015,259193.0
A,Annual,NR,Number,T,Total,Y55-59,From 55 to 59 years,IE,Ireland,2016,2016,266249.0
A,Annual,NR,Number,T,Total,Y55-59,From 55 to 59 years,IE,Ireland,2017,2017,273413.0
A,Annual,NR,Number,T,Total,Y55-59,From 55 to 59 years,IE,Ireland,2018,2018,279020.0
A,Annual,NR,Number,T,Total,Y55-59,From 55 to 59 years,IE,Ireland,2019,2019,286217.0
A,Annual,NR,Number,T,Total,Y55-59,From 55 to 59 years,IE,Ireland,2020,2020,294440.0
A,Annual,NR,Number,T,Total,Y55-59,From 55 to 59 years,IE,Ireland,2021,2021,300091.0
A,Annual,NR,Number,T,Total,Y55-59,From 55 to 59 years,IE,Ireland,2022,2022,307216.0
A,Annual,NR,Number,T,Total,Y55-59,From 55 to 59 years,IE,Ireland,2023,2023,314883.0
A,Annual,NR,Number,T,Total,Y55-59,From 55 to 59 years,EL,Greece,2010,2010,659982.0
A,Annual,NR,Number,T,Total,Y55-59,From 55 to 59 years,EL,Greece,2012,2012,680604.0
A,Annual,NR,Number,T,Total,Y55-59,From 55 to 59 years,EL,Greece,2013,2013,687250.0
A,Annual,NR,Number,T,Total,Y55-59,From 55 to 59 years,EL,Greece,2014,2014,699074.0
A,Annual,NR,Number,T,Total,Y55-59,From 55 to 59 years,EL,Greece,2015,2015,710642.0
A,Annual,NR,Number,T,Total,Y55-59,From 55 to 59 years,EL,Greece,2016,2016,717432.0
A,Annual,NR,Number,T,Total,Y55-59,From 55 to 59 years,EL,Greece,2017,2017,719382.0
A,Annual,NR,Number,T,Total,Y55-59,From 55 to 59 years,EL,Greece,2018,2018,722647.0
A,Annual,NR,Number,T,Total,Y55-59,From 55 to 59 years,EL,Greece,2019,2019,722794.0
A,Annual,NR,Number,T,Total,Y55-59,From 55 to 59 years,EL,Greece,2020,2020,721915.0
A,Annual,NR,Number,T,Total,Y55-59,From 55 to 59 years,EL,Greece,2021,2021,724597.0
A,Annual,NR,Number,T,Total,Y55-59,From 55 to 59 years,EL,Greece,2022,2022,739317.0
A,Annual,NR,Number,T,Total,Y55-59,From 55 to 59 years,EL,Greece,2023,2023,758872.0
A,Annual,NR,Number,T,Total,Y55-59,From 55 to 59 years,ES,Spain,2010,2010,2578223.0
A,Annual,NR,Number,T,Total,Y55-59,From 55 to 59 years,ES,Spain,2011,2011,2645892.0
A,Annual,NR,Number,T,Total,Y55-59,From 55 to 59 years,ES,Spain,2012,2012,2720824.0
A,Annual,NR,Number,T,Total,Y55-59,From 55 to 59 years,ES,Spain,2013,2013,2793041.0
A,Annual,NR,Number,T,Total,Y55-59,From 55 to 59 years,ES,Spain,2014,2014,2874610.0
A,Annual,NR,Number,T,Total,Y55-59,From 55 to 59 years,ES,Spain,2015,2015,2973968.0
A,Annual,NR,Number,T,Total,Y55-59,From 55 to 59 years,ES,Spain,2016,2016,3068177.0
A,Annual,NR,Number,T,Total,Y55-59,From 55 to 59 years,ES,Spain,2017,2017,3145737.0
A,Annual,NR,Number,T,Total,Y55-59,From 55 to 59 years,ES,Spain,2018,2018,3199631.0
A,Annual,NR,Number,T,Total,Y55-59,From 55 to 59 years,ES,Spain,2019,2019,3267118.0
A,Annual,NR,Number,T,Total,Y55-59,From 55 to 59 years,ES,Spain,2020,2020,3362147.0
A,Annual,NR,Number,T,Total,Y55-59,From 55 to 59 years,ES,Spain,2021,2021,3424428.0
A,Annual,NR,Number,T,Total,Y55-59,From 55 to 59 years,ES,Spain,2022,2022,3493906.0
A,Annual,NR,Number,T,Total,Y55-59,From 55 to 59 years,ES,Spain,2023,2023,3583098.0
A,Annual,NR,Number,T,Total,Y55-59,From 55 to 59 years,FR,France,2010,2010,4205771.0
A,Annual,NR,Number,T,Total,Y55-59,From 55 to 59 years,FR,France,2011,2011,4172108.0
A,Annual,NR,Number,T,Total,Y55-59,From 55 to 59 years,FR,France,2012,2012,4182983.0
A,Annual,NR,Number,T,Total,Y55-59,From 55 to 59 years,FR,France,2013,2013,4184730.0
A,Annual,NR,Number,T,Total,Y55-59,From 55 to 59 years,FR,France,2014,2014,4212785.0
A,Annual,NR,Number,T,Total,Y55-59,From 55 to 59 years,FR,France,2015,2015,4233180.0
A,Annual,NR,Number,T,Total,Y55-59,From 55 to 59 years,FR,France,2016,2016,4259584.0
A,Annual,NR,Number,T,Total,Y55-59,From 55 to 59 years,FR,France,2017,2017,4275447.0
A,Annual,NR,Number,T,Total,Y55-59,From 55 to 59 years,FR,France,2018,2018,4292459.0
A,Annual,NR,Number,T,Total,Y55-59,From 55 to 59 years,FR,France,2019,2019,4344690.0
A,Annual,NR,Number,T,Total,Y55-59,From 55 to 59 years,FR,France,2020,2020,4387067.0
A,Annual,NR,Number,T,Total,Y55-59,From 55 to 59 years,FR,France,2021,2021,4420139.0
A,Annual,NR,Number,T,Total,Y55-59,From 55 to 59 years,FR,France,2022,2022,4451374.0
A,Annual,NR,Number,T,Total,Y55-59,From 55 to 59 years,FR,France,2023,2023,4456072.0
A,Annual,NR,Number,T,Total,Y55-59,From 55 to 59 years,HR,Croatia,2010,2010,307339.0
A,Annual,NR,Number,T,Total,Y55-59,From 55 to 59 years,HR,Croatia,2011,2011,310855.0
A,Annual,NR,Number,T,Total,Y55-59,From 55 to 59 years,HR,Croatia,2012,2012,317481.0
A,Annual,NR,Number,T,Total,Y55-59,From 55 to 59 years,HR,Croatia,2013,2013,316712.0
A,Annual,NR,Number,T,Total,Y55-59,From 55 to 59 years,HR,Croatia,2014,2014,315420.0
A,Annual,NR,Number,T,Total,Y55-59,From 55 to 59 years,HR,Croatia,2015,2015,312276.0
A,Annual,NR,Number,T,Total,Y55-59,From 55 to 59 years,HR,Croatia,2016,2016,307721.0
A,Annual,NR,Number,T,Total,Y55-59,From 55 to 59 years,HR,Croatia,2017,2017,302844.0
A,Annual,NR,Number,T,Total,Y55-59,From 55 to 59 years,HR,Croatia,2018,2018,298736.0
A,Annual,NR,Number,T,Total,Y55-59,From 55 to 59 years,HR,Croatia,2019,2019,293175.0
A,Annual,NR,Number,T,Total,Y55-59,From 55 to 59 years,HR,Croatia,2020,2020,286194.0
A,Annual,NR,Number,T,Total,Y55-59,From 55 to 59 years,HR,Croatia,2021,2021,282335.0
A,Annual,NR,Number,T,Total,Y55-59,From 55 to 59 years,HR,Croatia,2022,2022,278654.0
A,Annual,NR,Number,T,Total,Y55-59,From 55 to 59 years,HR,Croatia,2023,2023,274000.0
A,Annual,NR,Number,T,Total,Y55-59,From 55 to 59 years,IT,Italy,2010,2010,3690217.0
A,Annual,NR,Number,T,Total,Y55-59,From 55 to 59 years,IT,Italy,2011,2011,3710147.0
A,Annual,NR,Number,T,Total,Y55-59,From 55 to 59 years,IT,Italy,2012,2012,3771147.0
A,Annual,NR,Number,T,Total,Y55-59,From 55 to 59 years,IT,Italy,2013,2013,3848124.0
A,Annual,NR,Number,T,Total,Y55-59,From 55 to 59 years,IT,Italy,2014,2014,3920002.0
A,Annual,NR,Number,T,Total,Y55-59,From 55 to 59 years,IT,Italy,2015,2015,3991998.0
A,Annual,NR,Number,T,Total,Y55-59,From 55 to 59 years,IT,Italy,2016,2016,4071859.0
A,Annual,NR,Number,T,Total,Y55-59,From 55 to 59 years,IT,Italy,2017,2017,4166061.0
A,Annual,NR,Number,T,Total,Y55-59,From 55 to 59 years,IT,Italy,2018,2018,4263608.0
A,Annual,NR,Number,T,Total,Y55-59,From 55 to 59 years,IT,Italy,2019,2019,4387417.0
A,Annual,NR,Number,T,Total,Y55-59,From 55 to 59 years,IT,Italy,2020,2020,4537491.0
A,Annual,NR,Number,T,Total,Y55-59,From 55 to 59 years,IT,Italy,2021,2021,4623965.0
A,Annual,NR,Number,T,Total,Y55-59,From 55 to 59 years,IT,Italy,2022,2022,4735135.0
A,Annual,NR,Number,T,Total,Y55-59,From 55 to 59 years,IT,Italy,2023,2023,4810601.0
A,Annual,NR,Number,T,Total,Y55-59,From 55 to 59 years,CY,Cyprus,2010,2010,47110.0
A,Annual,NR,Number,T,Total,Y55-59,From 55 to 59 years,CY,Cyprus,2011,2011,47915.0
A,Annual,NR,Number,T,Total,Y55-59,From 55 to 59 years,CY,Cyprus,2012,2012,48933.0
A,Annual,NR,Number,T,Total,Y55-59,From 55 to 59 years,CY,Cyprus,2013,2013,49912.0
A,Annual,NR,Number,T,Total,Y55-59,From 55 to 59 years,CY,Cyprus,2014,2014,51049.0
A,Annual,NR,Number,T,Total,Y55-59,From 55 to 59 years,CY,Cyprus,2015,2015,52726.0
A,Annual,NR,Number,T,Total,Y55-59,From 55 to 59 years,CY,Cyprus,2016,2016,54336.0
A,Annual,NR,Number,T,Total,Y55-59,From 55 to 59 years,CY,Cyprus,2017,2017,55583.0
A,Annual,NR,Number,T,Total,Y55-59,From 55 to 59 years,CY,Cyprus,2018,2018,56880.0
A,Annual,NR,Number,T,Total,Y55-59,From 55 to 59 years,CY,Cyprus,2019,2019,57936.0
A,Annual,NR,Number,T,Total,Y55-59,From 55 to 59 years,CY,Cyprus,2020,2020,58227.0
A,Annual,NR,Number,T,Total,Y55-59,From 55 to 59 years,CY,Cyprus,2021,2021,57698.0
A,Annual,NR,Number,T,Total,Y55-59,From 55 to 59 years,CY,Cyprus,2022,2022,57733.0
A,Annual,NR,Number,T,Total,Y55-59,From 55 to 59 years,CY,Cyprus,2023,2023,58238.0
A,Annual,NR,Number,T,Total,Y55-59,From 55 to 59 years,LV,Latvia,2010,2010,131857.0
A,Annual,NR,Number,T,Total,Y55-59,From 55 to 59 years,LV,Latvia,2011,2011,132704.0
A,Annual,NR,Number,T,Total,Y55-59,From 55 to 59 years,LV,Latvia,2012,2012,133043.0
A,Annual,NR,Number,T,Total,Y55-59,From 55 to 59 years,LV,Latvia,2013,2013,135555.0
A,Annual,NR,Number,T,Total,Y55-59,From 55 to 59 years,LV,Latvia,2014,2014,139610.0
A,Annual,NR,Number,T,Total,Y55-59,From 55 to 59 years,LV,Latvia,2015,2015,141822.0
A,Annual,NR,Number,T,Total,Y55-59,From 55 to 59 years,LV,Latvia,2016,2016,143381.0
A,Annual,NR,Number,T,Total,Y55-59,From 55 to 59 years,LV,Latvia,2017,2017,144574.0
A,Annual,NR,Number,T,Total,Y55-59,From 55 to 59 years,LV,Latvia,2018,2018,143946.0
A,Annual,NR,Number,T,Total,Y55-59,From 55 to 59 years,LV,Latvia,2019,2019,141408.0
A,Annual,NR,Number,T,Total,Y55-59,From 55 to 59 years,LV,Latvia,2020,2020,138282.0
A,Annual,NR,Number,T,Total,Y55-59,From 55 to 59 years,LV,Latvia,2021,2021,133517.0
A,Annual,NR,Number,T,Total,Y55-59,From 55 to 59 years,LV,Latvia,2022,2022,129230.0
A,Annual,NR,Number,T,Total,Y55-59,From 55 to 59 years,LV,Latvia,2023,2023,127314.0
A,Annual,NR,Number,T,Total,Y55-59,From 55 to 59 years,LT,Lithuania,2010,2010,184915.0
A,Annual,NR,Number,T,Total,Y55-59,From 55 to 59 years,LT,Lithuania,2011,2011,184958.0
A,Annual,NR,Number,T,Total,Y55-59,From 55 to 59 years,LT,Lithuania,2012,2012,186393.0
A,Annual,NR,Number,T,Total,Y55-59,From 55 to 59 years,LT,Lithuania,2013,2013,191612.0
A,Annual,NR,Number,T,Total,Y55-59,From 55 to 59 years,LT,Lithuania,2014,2014,202104.0
A,Annual,NR,Number,T,Total,Y55-59,From 55 to 59 years,LT,Lithuania,2015,2015,211281.0
A,Annual,NR,Number,T,Total,Y55-59,From 55 to 59 years,LT,Lithuania,2016,2016,218887.0
A,Annual,NR,Number,T,Total,Y55-59,From 55 to 59 years,LT,Lithuania,2017,2017,226126.0
A,Annual,NR,Number,T,Total,Y55-59,From 55 to 59 years,LT,Lithuania,2018,2018,228342.0
A,Annual,NR,Number,T,Total,Y55-59,From 55 to 59 years,LT,Lithuania,2019,2019,226022.0
A,Annual,NR,Number,T,Total,Y55-59,From 55 to 59 years,LT,Lithuania,2020,2020,222425.0
A,Annual,NR,Number,T,Total,Y55-59,From 55 to 59 years,LT,Lithuania,2021,2021,218574.0
A,Annual,NR,Number,T,Total,Y55-59,From 55 to 59 years,LT,Lithuania,2022,2022,212032.0
A,Annual,NR,Number,T,Total,Y55-59,From 55 to 59 years,LT,Lithuania,2023,2023,208050.0
A,Annual,NR,Number,T,Total,Y55-59,From 55 to 59 years,LU,Luxembourg,2010,2010,29666.0
A,Annual,NR,Number,T,Total,Y55-59,From 55 to 59 years,LU,Luxembourg,2011,2011,30591.0
A,Annual,NR,Number,T,Total,Y55-59,From 55 to 59 years,LU,Luxembourg,2012,2012,31757.0
A,Annual,NR,Number,T,Total,Y55-59,From 55 to 59 years,LU,Luxembourg,2013,2013,32840.0
A,Annual,NR,Number,T,Total,Y55-59,From 55 to 59 years,LU,Luxembourg,2014,2014,34130.0
A,Annual,NR,Number,T,Total,Y55-59,From 55 to 59 years,LU,Luxembourg,2015,2015,35370.0
A,Annual,NR,Number,T,Total,Y55-59,From 55 to 59 years,LU,Luxembourg,2016,2016,36917.0
A,Annual,NR,Number,T,Total,Y55-59,From 55 to 59 years,LU,Luxembourg,2017,2017,38415.0
A,Annual,NR,Number,T,Total,Y55-59,From 55 to 59 years,LU,Luxembourg,2018,2018,39734.0
A,Annual,NR,Number,T,Total,Y55-59,From 55 to 59 years,LU,Luxembourg,2019,2019,41130.0
A,Annual,NR,Number,T,Total,Y55-59,From 55 to 59 years,LU,Luxembourg,2020,2020,42549.0
A,Annual,NR,Number,T,Total,Y55-59,From 55 to 59 years,LU,Luxembourg,2021,2021,43859.0
A,Annual,NR,Number,T,Total,Y55-59,From 55 to 59 years,LU,Luxembourg,2022,2022,44770.0
A,Annual,NR,Number,T,Total,Y55-59,From 55 to 59 years,LU,Luxembourg,2023,2023,45677.0
A,Annual,NR,Number,T,Total,Y55-59,From 55 to 59 years,HU,Hungary,2010,2010,737394.0
A,Annual,NR,Number,T,Total,Y55-59,From 55 to 59 years,HU,Hungary,2011,2011,751031.0
A,Annual,NR,Number,T,Total,Y55-59,From 55 to 59 years,HU,Hungary,2012,2012,780868.0
A,Annual,NR,Number,T,Total,Y55-59,From 55 to 59 years,HU,Hungary,2013,2013,772352.0
A,Annual,NR,Number,T,Total,Y55-59,From 55 to 59 years,HU,Hungary,2014,2014,743540.0
A,Annual,NR,Number,T,Total,Y55-59,From 55 to 59 years,HU,Hungary,2015,2015,695603.0
A,Annual,NR,Number,T,Total,Y55-59,From 55 to 59 years,HU,Hungary,2016,2016,653899.0
A,Annual,NR,Number,T,Total,Y55-59,From 55 to 59 years,HU,Hungary,2017,2017,619129.0
A,Annual,NR,Number,T,Total,Y55-59,From 55 to 59 years,HU,Hungary,2018,2018,594819.0
A,Annual,NR,Number,T,Total,Y55-59,From 55 to 59 years,HU,Hungary,2019,2019,579297.0
A,Annual,NR,Number,T,Total,Y55-59,From 55 to 59 years,HU,Hungary,2020,2020,570824.0
A,Annual,NR,Number,T,Total,Y55-59,From 55 to 59 years,HU,Hungary,2021,2021,564634.0
A,Annual,NR,Number,T,Total,Y55-59,From 55 to 59 years,HU,Hungary,2022,2022,567130.0
A,Annual,NR,Number,T,Total,Y55-59,From 55 to 59 years,HU,Hungary,2023,2023,592451.0
A,Annual,NR,Number,T,Total,Y55-59,From 55 to 59 years,MT,Malta,2010,2010,29028.0
A,Annual,NR,Number,T,Total,Y55-59,From 55 to 59 years,MT,Malta,2011,2011,28835.0
A,Annual,NR,Number,T,Total,Y55-59,From 55 to 59 years,MT,Malta,2012,2012,29293.0
A,Annual,NR,Number,T,Total,Y55-59,From 55 to 59 years,MT,Malta,2013,2013,29670.0
A,Annual,NR,Number,T,Total,Y55-59,From 55 to 59 years,MT,Malta,2014,2014,30201.0
A,Annual,NR,Number,T,Total,Y55-59,From 55 to 59 years,MT,Malta,2015,2015,30650.0
A,Annual,NR,Number,T,Total,Y55-59,From 55 to 59 years,MT,Malta,2016,2016,31178.0
A,Annual,NR,Number,T,Total,Y55-59,From 55 to 59 years,MT,Malta,2017,2017,31274.0
A,Annual,NR,Number,T,Total,Y55-59,From 55 to 59 years,MT,Malta,2018,2018,31325.0
A,Annual,NR,Number,T,Total,Y55-59,From 55 to 59 years,MT,Malta,2019,2019,31159.0
A,Annual,NR,Number,T,Total,Y55-59,From 55 to 59 years,MT,Malta,2020,2020,31097.0
A,Annual,NR,Number,T,Total,Y55-59,From 55 to 59 years,MT,Malta,2021,2021,30196.0
A,Annual,NR,Number,T,Total,Y55-59,From 55 to 59 years,MT,Malta,2022,2022,29353.0
A,Annual,NR,Number,T,Total,Y55-59,From 55 to 59 years,MT,Malta,2023,2023,28686.0
A,Annual,NR,Number,T,Total,Y55-59,From 55 to 59 years,NL,Netherlands,2010,2010,1082844.0
A,Annual,NR,Number,T,Total,Y55-59,From 55 to 59 years,NL,Netherlands,2011,2011,1090247.0
A,Annual,NR,Number,T,Total,Y55-59,From 55 to 59 years,NL,Netherlands,2012,2012,1104542.0
A,Annual,NR,Number,T,Total,Y55-59,From 55 to 59 years,NL,Netherlands,2013,2013,1115177.0
A,Annual,NR,Number,T,Total,Y55-59,From 55 to 59 years,NL,Netherlands,2014,2014,1131309.0
A,Annual,NR,Number,T,Total,Y55-59,From 55 to 59 years,NL,Netherlands,2015,2015,1151386.0
A,Annual,NR,Number,T,Total,Y55-59,From 55 to 59 years,NL,Netherlands,2016,2016,1170614.0
A,Annual,NR,Number,T,Total,Y55-59,From 55 to 59 years,NL,Netherlands,2017,2017,1191605.0
A,Annual,NR,Number,T,Total,Y55-59,From 55 to 59 years,NL,Netherlands,2018,2018,1211510.0
A,Annual,NR,Number,T,Total,Y55-59,From 55 to 59 years,NL,Netherlands,2019,2019,1231532.0
A,Annual,NR,Number,T,Total,Y55-59,From 55 to 59 years,NL,Netherlands,2020,2020,1250592.0
A,Annual,NR,Number,T,Total,Y55-59,From 55 to 59 years,NL,Netherlands,2021,2021,1263557.0
A,Annual,NR,Number,T,Total,Y55-59,From 55 to 59 years,NL,Netherlands,2022,2022,1265493.0
A,Annual,NR,Number,T,Total,Y55-59,From 55 to 59 years,NL,Netherlands,2023,2023,1267026.0
A,Annual,NR,Number,T,Total,Y55-59,From 55 to 59 years,AT,Austria,2010,2010,491070.0
A,Annual,NR,Number,T,Total,Y55-59,From 55 to 59 years,AT,Austria,2011,2011,500445.0
A,Annual,NR,Number,T,Total,Y55-59,From 55 to 59 years,AT,Austria,2012,2012,520503.0
A,Annual,NR,Number,T,Total,Y55-59,From 55 to 59 years,AT,Austria,2013,2013,538401.0
A,Annual,NR,Number,T,Total,Y55-59,From 55 to 59 years,AT,Austria,2014,2014,558076.0
A,Annual,NR,Number,T,Total,Y55-59,From 55 to 59 years,AT,Austria,2015,2015,580836.0
A,Annual,NR,Number,T,Total,Y55-59,From 55 to 59 years,AT,Austria,2016,2016,603249.0
A,Annual,NR,Number,T,Total,Y55-59,From 55 to 59 years,AT,Austria,2017,2017,622986.0
A,Annual,NR,Number,T,Total,Y55-59,From 55 to 59 years,AT,Austria,2018,2018,644612.0
A,Annual,NR,Number,T,Total,Y55-59,From 55 to 59 years,AT,Austria,2019,2019,666885.0
A,Annual,NR,Number,T,Total,Y55-59,From 55 to 59 years,AT,Austria,2020,2020,685485.0
A,Annual,NR,Number,T,Total,Y55-59,From 55 to 59 years,AT,Austria,2021,2021,698683.0
A,Annual,NR,Number,T,Total,Y55-59,From 55 to 59 years,AT,Austria,2022,2022,705784.0
A,Annual,NR,Number,T,Total,Y55-59,From 55 to 59 years,AT,Austria,2023,2023,711615.0
A,Annual,NR,Number,T,Total,Y55-59,From 55 to 59 years,PL,Poland,2010,2010,2824762.0
A,Annual,NR,Number,T,Total,Y55-59,From 55 to 59 years,PL,Poland,2011,2011,2876908.0
A,Annual,NR,Number,T,Total,Y55-59,From 55 to 59 years,PL,Poland,2012,2012,2898139.0
A,Annual,NR,Number,T,Total,Y55-59,From 55 to 59 years,PL,Poland,2013,2013,2915623.0
A,Annual,NR,Number,T,Total,Y55-59,From 55 to 59 years,PL,Poland,2014,2014,2913850.0
A,Annual,NR,Number,T,Total,Y55-59,From 55 to 59 years,PL,Poland,2015,2015,2890758.0
A,Annual,NR,Number,T,Total,Y55-59,From 55 to 59 years,PL,Poland,2016,2016,2810764.0
A,Annual,NR,Number,T,Total,Y55-59,From 55 to 59 years,PL,Poland,2017,2017,2710407.0
A,Annual,NR,Number,T,Total,Y55-59,From 55 to 59 years,PL,Poland,2018,2018,2589297.0
A,Annual,NR,Number,T,Total,Y55-59,From 55 to 59 years,PL,Poland,2019,2019,2474876.0
A,Annual,NR,Number,T,Total,Y55-59,From 55 to 59 years,PL,Poland,2020,2020,2372474.0
A,Annual,NR,Number,T,Total,Y55-59,From 55 to 59 years,PL,Poland,2021,2021,2255443.0
A,Annual,NR,Number,T,Total,Y55-59,From 55 to 59 years,PL,Poland,2022,2022,2197134.0
A,Annual,NR,Number,T,Total,Y55-59,From 55 to 59 years,PL,Poland,2023,2023,2157846.0
A,Annual,NR,Number,T,Total,Y55-59,From 55 to 59 years,PT,Portugal,2010,2010,667204.0
A,Annual,NR,Number,T,Total,Y55-59,From 55 to 59 years,PT,Portugal,2011,2011,674676.0
A,Annual,NR,Number,T,Total,Y55-59,From 55 to 59 years,PT,Portugal,2012,2012,675375.0
A,Annual,NR,Number,T,Total,Y55-59,From 55 to 59 years,PT,Portugal,2013,2013,679551.0
A,Annual,NR,Number,T,Total,Y55-59,From 55 to 59 years,PT,Portugal,2014,2014,688338.0
A,Annual,NR,Number,T,Total,Y55-59,From 55 to 59 years,PT,Portugal,2015,2015,694810.0
A,Annual,NR,Number,T,Total,Y55-59,From 55 to 59 years,PT,Portugal,2016,2016,705053.0
A,Annual,NR,Number,T,Total,Y55-59,From 55 to 59 years,PT,Portugal,2017,2017,717074.0
A,Annual,NR,Number,T,Total,Y55-59,From 55 to 59 years,PT,Portugal,2018,2018,725210.0
A,Annual,NR,Number,T,Total,Y55-59,From 55 to 59 years,PT,Portugal,2019,2019,731504.0
A,Annual,NR,Number,T,Total,Y55-59,From 55 to 59 years,PT,Portugal,2020,2020,742769.0
A,Annual,NR,Number,T,Total,Y55-59,From 55 to 59 years,PT,Portugal,2021,2021,745067.0
A,Annual,NR,Number,T,Total,Y55-59,From 55 to 59 years,PT,Portugal,2022,2022,746862.0
A,Annual,NR,Number,T,Total,Y55-59,From 55 to 59 years,PT,Portugal,2023,2023,750521.0
A,Annual,NR,Number,T,Total,Y55-59,From 55 to 59 years,RO,Romania,2010,2010,1457373.0
A,Annual,NR,Number,T,Total,Y55-59,From 55 to 59 years,RO,Romania,2011,2011,1453988.0
A,Annual,NR,Number,T,Total,Y55-59,From 55 to 59 years,RO,Romania,2012,2012,1450352.0
A,Annual,NR,Number,T,Total,Y55-59,From 55 to 59 years,RO,Romania,2013,2013,1448105.0
A,Annual,NR,Number,T,Total,Y55-59,From 55 to 59 years,RO,Romania,2014,2014,1437753.0
A,Annual,NR,Number,T,Total,Y55-59,From 55 to 59 years,RO,Romania,2015,2015,1393876.0
A,Annual,NR,Number,T,Total,Y55-59,From 55 to 59 years,RO,Romania,2016,2016,1326224.0
A,Annual,NR,Number,T,Total,Y55-59,From 55 to 59 years,RO,Romania,2017,2017,1254281.0
A,Annual,NR,Number,T,Total,Y55-59,From 55 to 59 years,RO,Romania,2018,2018,1181022.0
A,Annual,NR,Number,T,Total,Y55-59,From 55 to 59 years,RO,Romania,2019,2019,1116040.0
A,Annual,NR,Number,T,Total,Y55-59,From 55 to 59 years,RO,Romania,2020,2020,1062251.0
A,Annual,NR,Number,T,Total,Y55-59,From 55 to 59 years,RO,Romania,2021,2021,1013972.0
A,Annual,NR,Number,T,Total,Y55-59,From 55 to 59 years,RO,Romania,2022,2022,1009412.0
A,Annual,NR,Number,T,Total,Y55-59,From 55 to 59 years,RO,Romania,2023,2023,1146370.0
A,Annual,NR,Number,T,Total,Y55-59,From 55 to 59 years,SI,Slovenia,2010,2010,149688.0
A,Annual,NR,Number,T,Total,Y55-59,From 55 to 59 years,SI,Slovenia,2011,2011,151186.0
A,Annual,NR,Number,T,Total,Y55-59,From 55 to 59 years,SI,Slovenia,2012,2012,153587.0
A,Annual,NR,Number,T,Total,Y55-59,From 55 to 59 years,SI,Slovenia,2013,2013,153090.0
A,Annual,NR,Number,T,Total,Y55-59,From 55 to 59 years,SI,Slovenia,2014,2014,151461.0
A,Annual,NR,Number,T,Total,Y55-59,From 55 to 59 years,SI,Slovenia,2015,2015,150555.0
A,Annual,NR,Number,T,Total,Y55-59,From 55 to 59 years,SI,Slovenia,2016,2016,149432.0
A,Annual,NR,Number,T,Total,Y55-59,From 55 to 59 years,SI,Slovenia,2017,2017,148636.0
A,Annual,NR,Number,T,Total,Y55-59,From 55 to 59 years,SI,Slovenia,2018,2018,148581.0
A,Annual,NR,Number,T,Total,Y55-59,From 55 to 59 years,SI,Slovenia,2019,2019,149547.0
A,Annual,NR,Number,T,Total,Y55-59,From 55 to 59 years,SI,Slovenia,2020,2020,150370.0
A,Annual,NR,Number,T,Total,Y55-59,From 55 to 59 years,SI,Slovenia,2021,2021,152352.0
A,Annual,NR,Number,T,Total,Y55-59,From 55 to 59 years,SI,Slovenia,2022,2022,153117.0
A,Annual,NR,Number,T,Total,Y55-59,From 55 to 59 years,SI,Slovenia,2023,2023,153163.0
A,Annual,NR,Number,T,Total,Y55-59,From 55 to 59 years,SK,Slovakia,2010,2010,378419.0
A,Annual,NR,Number,T,Total,Y55-59,From 55 to 59 years,SK,Slovakia,2011,2011,384810.0
A,Annual,NR,Number,T,Total,Y55-59,From 55 to 59 years,SK,Slovakia,2012,2012,387898.0
A,Annual,NR,Number,T,Total,Y55-59,From 55 to 59 years,SK,Slovakia,2013,2013,388043.0
A,Annual,NR,Number,T,Total,Y55-59,From 55 to 59 years,SK,Slovakia,2014,2014,386108.0
A,Annual,NR,Number,T,Total,Y55-59,From 55 to 59 years,SK,Slovakia,2015,2015,380019.0
A,Annual,NR,Number,T,Total,Y55-59,From 55 to 59 years,SK,Slovakia,2016,2016,373274.0
A,Annual,NR,Number,T,Total,Y55-59,From 55 to 59 years,SK,Slovakia,2017,2017,366397.0
A,Annual,NR,Number,T,Total,Y55-59,From 55 to 59 years,SK,Slovakia,2018,2018,358744.0
A,Annual,NR,Number,T,Total,Y55-59,From 55 to 59 years,SK,Slovakia,2019,2019,356275.0
A,Annual,NR,Number,T,Total,Y55-59,From 55 to 59 years,SK,Slovakia,2020,2020,357920.0
A,Annual,NR,Number,T,Total,Y55-59,From 55 to 59 years,SK,Slovakia,2021,2021,356041.0
A,Annual,NR,Number,T,Total,Y55-59,From 55 to 59 years,SK,Slovakia,2022,2022,353286.0
A,Annual,NR,Number,T,Total,Y55-59,From 55 to 59 years,SK,Slovakia,2023,2023,349098.0
A,Annual,NR,Number,T,Total,Y55-59,From 55 to 59 years,FI,Finland,2010,2010,388165.0
A,Annual,NR,Number,T,Total,Y55-59,From 55 to 59 years,FI,Finland,2011,2011,384108.0
A,Annual,NR,Number,T,Total,Y55-59,From 55 to 59 years,FI,Finland,2012,2012,383809.0
A,Annual,NR,Number,T,Total,Y55-59,From 55 to 59 years,FI,Finland,2013,2013,379195.0
A,Annual,NR,Number,T,Total,Y55-59,From 55 to 59 years,FI,Finland,2014,2014,374239.0
A,Annual,NR,Number,T,Total,Y55-59,From 55 to 59 years,FI,Finland,2015,2015,370897.0
A,Annual,NR,Number,T,Total,Y55-59,From 55 to 59 years,FI,Finland,2016,2016,368110.0
A,Annual,NR,Number,T,Total,Y55-59,From 55 to 59 years,FI,Finland,2017,2017,365424.0
A,Annual,NR,Number,T,Total,Y55-59,From 55 to 59 years,FI,Finland,2018,2018,364798.0
A,Annual,NR,Number,T,Total,Y55-59,From 55 to 59 years,FI,Finland,2019,2019,368233.0
A,Annual,NR,Number,T,Total,Y55-59,From 55 to 59 years,FI,Finland,2020,2020,368871.0
A,Annual,NR,Number,T,Total,Y55-59,From 55 to 59 years,FI,Finland,2021,2021,367783.0
A,Annual,NR,Number,T,Total,Y55-59,From 55 to 59 years,FI,Finland,2022,2022,366313.0
A,Annual,NR,Number,T,Total,Y55-59,From 55 to 59 years,FI,Finland,2023,2023,364009.0
A,Annual,NR,Number,T,Total,Y55-59,From 55 to 59 years,SE,Sweden,2010,2010,575354.0
A,Annual,NR,Number,T,Total,Y55-59,From 55 to 59 years,SE,Sweden,2011,2011,571439.0
A,Annual,NR,Number,T,Total,Y55-59,From 55 to 59 years,SE,Sweden,2012,2012,574437.0
A,Annual,NR,Number,T,Total,Y55-59,From 55 to 59 years,SE,Sweden,2013,2013,576186.0
A,Annual,NR,Number,T,Total,Y55-59,From 55 to 59 years,SE,Sweden,2014,2014,576035.0
A,Annual,NR,Number,T,Total,Y55-59,From 55 to 59 years,SE,Sweden,2015,2015,579308.0
A,Annual,NR,Number,T,Total,Y55-59,From 55 to 59 years,SE,Sweden,2016,2016,580194.0
A,Annual,NR,Number,T,Total,Y55-59,From 55 to 59 years,SE,Sweden,2017,2017,581418.0
A,Annual,NR,Number,T,Total,Y55-59,From 55 to 59 years,SE,Sweden,2018,2018,586614.0
A,Annual,NR,Number,T,Total,Y55-59,From 55 to 59 years,SE,Sweden,2019,2019,598967.0
A,Annual,NR,Number,T,Total,Y55-59,From 55 to 59 years,SE,Sweden,2020,2020,620108.0
A,Annual,NR,Number,T,Total,Y55-59,From 55 to 59 years,SE,Sweden,2021,2021,641673.0
A,Annual,NR,Number,T,Total,Y55-59,From 55 to 59 years,SE,Sweden,2022,2022,662638.0
A,Annual,NR,Number,T,Total,Y55-59,From 55 to 59 years,SE,Sweden,2023,2023,678719.0
A,Annual,NR,Number,T,Total,Y60-64,From 60 to 64 years,BE,Belgium,2010,2010,631872.0
A,Annual,NR,Number,T,Total,Y60-64,From 60 to 64 years,BE,Belgium,2011,2011,650906.0
A,Annual,NR,Number,T,Total,Y60-64,From 60 to 64 years,BE,Belgium,2012,2012,648725.0
A,Annual,NR,Number,T,Total,Y60-64,From 60 to 64 years,BE,Belgium,2013,2013,651981.0
A,Annual,NR,Number,T,Total,Y60-64,From 60 to 64 years,BE,Belgium,2014,2014,654989.0
A,Annual,NR,Number,T,Total,Y60-64,From 60 to 64 years,BE,Belgium,2015,2015,663321.0
A,Annual,NR,Number,T,Total,Y60-64,From 60 to 64 years,BE,Belgium,2016,2016,673689.0
A,Annual,NR,Number,T,Total,Y60-64,From 60 to 64 years,BE,Belgium,2017,2017,686675.0
A,Annual,NR,Number,T,Total,Y60-64,From 60 to 64 years,BE,Belgium,2018,2018,697421.0
A,Annual,NR,Number,T,Total,Y60-64,From 60 to 64 years,BE,Belgium,2019,2019,710403.0
A,Annual,NR,Number,T,Total,Y60-64,From 60 to 64 years,BE,Belgium,2020,2020,723984.0
A,Annual,NR,Number,T,Total,Y60-64,From 60 to 64 years,BE,Belgium,2021,2021,734898.0
A,Annual,NR,Number,T,Total,Y60-64,From 60 to 64 years,BE,Belgium,2022,2022,746040.0
A,Annual,NR,Number,T,Total,Y60-64,From 60 to 64 years,BE,Belgium,2023,2023,756681.0
A,Annual,NR,Number,T,Total,Y60-64,From 60 to 64 years,BG,Bulgaria,2010,2010,524716.0
A,Annual,NR,Number,T,Total,Y60-64,From 60 to 64 years,BG,Bulgaria,2011,2011,540149.0
A,Annual,NR,Number,T,Total,Y60-64,From 60 to 64 years,BG,Bulgaria,2012,2012,528972.0
A,Annual,NR,Number,T,Total,Y60-64,From 60 to 64 years,BG,Bulgaria,2013,2013,543605.0
A,Annual,NR,Number,T,Total,Y60-64,From 60 to 64 years,BG,Bulgaria,2014,2014,538004.0
A,Annual,NR,Number,T,Total,Y60-64,From 60 to 64 years,BG,Bulgaria,2015,2015,526593.0
A,Annual,NR,Number,T,Total,Y60-64,From 60 to 64 years,BG,Bulgaria,2016,2016,510869.0
A,Annual,NR,Number,T,Total,Y60-64,From 60 to 64 years,BG,Bulgaria,2017,2017,506332.0
A,Annual,NR,Number,T,Total,Y60-64,From 60 to 64 years,BG,Bulgaria,2018,2018,499117.0
A,Annual,NR,Number,T,Total,Y60-64,From 60 to 64 years,BG,Bulgaria,2019,2019,489301.0
A,Annual,NR,Number,T,Total,Y60-64,From 60 to 64 years,BG,Bulgaria,2020,2020,483549.0
A,Annual,NR,Number,T,Total,Y60-64,From 60 to 64 years,BG,Bulgaria,2021,2021,474973.0
A,Annual,NR,Number,T,Total,Y60-64,From 60 to 64 years,BG,Bulgaria,2022,2022,465450.0
A,Annual,NR,Number,T,Total,Y60-64,From 60 to 64 years,BG,Bulgaria,2023,2023,459080.0
A,Annual,NR,Number,T,Total,Y60-64,From 60 to 64 years,CZ,Czechia,2010,2010,723822.0
A,Annual,NR,Number,T,Total,Y60-64,From 60 to 64 years,CZ,Czechia,2011,2011,746699.0
A,Annual,NR,Number,T,Total,Y60-64,From 60 to 64 years,CZ,Czechia,2012,2012,743740.0
A,Annual,NR,Number,T,Total,Y60-64,From 60 to 64 years,CZ,Czechia,2013,2013,735147.0
A,Annual,NR,Number,T,Total,Y60-64,From 60 to 64 years,CZ,Czechia,2014,2014,729002.0
A,Annual,NR,Number,T,Total,Y60-64,From 60 to 64 years,CZ,Czechia,2015,2015,727355.0
A,Annual,NR,Number,T,Total,Y60-64,From 60 to 64 years,CZ,Czechia,2016,2016,721358.0
A,Annual,NR,Number,T,Total,Y60-64,From 60 to 64 years,CZ,Czechia,2017,2017,711955.0
A,Annual,NR,Number,T,Total,Y60-64,From 60 to 64 years,CZ,Czechia,2018,2018,698568.0
A,Annual,NR,Number,T,Total,Y60-64,From 60 to 64 years,CZ,Czechia,2019,2019,678960.0
A,Annual,NR,Number,T,Total,Y60-64,From 60 to 64 years,CZ,Czechia,2020,2020,651567.0
A,Annual,NR,Number,T,Total,Y60-64,From 60 to 64 years,CZ,Czechia,2021,2021,622002.0
A,Annual,NR,Number,T,Total,Y60-64,From 60 to 64 years,CZ,Czechia,2022,2022,599486.0
A,Annual,NR,Number,T,Total,Y60-64,From 60 to 64 years,CZ,Czechia,2023,2023,595926.0
A,Annual,NR,Number,T,Total,Y60-64,From 60 to 64 years,DK,Denmark,2010,2010,372657.0
A,Annual,NR,Number,T,Total,Y60-64,From 60 to 64 years,DK,Denmark,2011,2011,363928.0
A,Annual,NR,Number,T,Total,Y60-64,From 60 to 64 years,DK,Denmark,2012,2012,350853.0
A,Annual,NR,Number,T,Total,Y60-64,From 60 to 64 years,DK,Denmark,2013,2013,341481.0
A,Annual,NR,Number,T,Total,Y60-64,From 60 to 64 years,DK,Denmark,2014,2014,337982.0
A,Annual,NR,Number,T,Total,Y60-64,From 60 to 64 years,DK,Denmark,2015,2015,336817.0
A,Annual,NR,Number,T,Total,Y60-64,From 60 to 64 years,DK,Denmark,2016,2016,336859.0
A,Annual,NR,Number,T,Total,Y60-64,From 60 to 64 years,DK,Denmark,2017,2017,339856.0
A,Annual,NR,Number,T,Total,Y60-64,From 60 to 64 years,DK,Denmark,2018,2018,341595.0
A,Annual,NR,Number,T,Total,Y60-64,From 60 to 64 years,DK,Denmark,2019,2019,342670.0
A,Annual,NR,Number,T,Total,Y60-64,From 60 to 64 years,DK,Denmark,2020,2020,344371.0
A,Annual,NR,Number,T,Total,Y60-64,From 60 to 64 years,DK,Denmark,2021,2021,348114.0
A,Annual,NR,Number,T,Total,Y60-64,From 60 to 64 years,DK,Denmark,2022,2022,351258.0
A,Annual,NR,Number,T,Total,Y60-64,From 60 to 64 years,DK,Denmark,2023,2023,358338.0
A,Annual,NR,Number,T,Total,Y60-64,From 60 to 64 years,DE,Germany,2010,2010,4307594.0
A,Annual,NR,Number,T,Total,Y60-64,From 60 to 64 years,DE,Germany,2011,2011,4586175.0
A,Annual,NR,Number,T,Total,Y60-64,From 60 to 64 years,DE,Germany,2012,2012,4831570.0
A,Annual,NR,Number,T,Total,Y60-64,From 60 to 64 years,DE,Germany,2013,2013,4989604.0
A,Annual,NR,Number,T,Total,Y60-64,From 60 to 64 years,DE,Germany,2014,2014,5094950.0
A,Annual,NR,Number,T,Total,Y60-64,From 60 to 64 years,DE,Germany,2015,2015,5152977.0
A,Annual,NR,Number,T,Total,Y60-64,From 60 to 64 years,DE,Germany,2016,2016,5202056.0
A,Annual,NR,Number,T,Total,Y60-64,From 60 to 64 years,DE,Germany,2017,2017,5281280.0
A,Annual,NR,Number,T,Total,Y60-64,From 60 to 64 years,DE,Germany,2018,2018,5375053.0
A,Annual,NR,Number,T,Total,Y60-64,From 60 to 64 years,DE,Germany,2019,2019,5493914.0
A,Annual,NR,Number,T,Total,Y60-64,From 60 to 64 years,DE,Germany,2020,2020,5647771.0
A,Annual,NR,Number,T,Total,Y60-64,From 60 to 64 years,DE,Germany,2021,2021,5818137.0
A,Annual,NR,Number,T,Total,Y60-64,From 60 to 64 years,DE,Germany,2022,2022,5994044.0
A,Annual,NR,Number,T,Total,Y60-64,From 60 to 64 years,DE,Germany,2023,2023,6157874.0
A,Annual,NR,Number,T,Total,Y60-64,From 60 to 64 years,EE,Estonia,2010,2010,75540.0
A,Annual,NR,Number,T,Total,Y60-64,From 60 to 64 years,EE,Estonia,2011,2011,79520.0
A,Annual,NR,Number,T,Total,Y60-64,From 60 to 64 years,EE,Estonia,2012,2012,81463.0
A,Annual,NR,Number,T,Total,Y60-64,From 60 to 64 years,EE,Estonia,2013,2013,82220.0
A,Annual,NR,Number,T,Total,Y60-64,From 60 to 64 years,EE,Estonia,2014,2014,82132.0
A,Annual,NR,Number,T,Total,Y60-64,From 60 to 64 years,EE,Estonia,2015,2015,81921.0
A,Annual,NR,Number,T,Total,Y60-64,From 60 to 64 years,EE,Estonia,2016,2016,83510.0
A,Annual,NR,Number,T,Total,Y60-64,From 60 to 64 years,EE,Estonia,2017,2017,83645.0
A,Annual,NR,Number,T,Total,Y60-64,From 60 to 64 years,EE,Estonia,2018,2018,84144.0
A,Annual,NR,Number,T,Total,Y60-64,From 60 to 64 years,EE,Estonia,2019,2019,85106.0
A,Annual,NR,Number,T,Total,Y60-64,From 60 to 64 years,EE,Estonia,2020,2020,85736.0
A,Annual,NR,Number,T,Total,Y60-64,From 60 to 64 years,EE,Estonia,2021,2021,85839.0
A,Annual,NR,Number,T,Total,Y60-64,From 60 to 64 years,EE,Estonia,2022,2022,86534.0
A,Annual,NR,Number,T,Total,Y60-64,From 60 to 64 years,EE,Estonia,2023,2023,87813.0
A,Annual,NR,Number,T,Total,Y60-64,From 60 to 64 years,IE,Ireland,2010,2010,212380.0
A,Annual,NR,Number,T,Total,Y60-64,From 60 to 64 years,IE,Ireland,2011,2011,216303.0
A,Annual,NR,Number,T,Total,Y60-64,From 60 to 64 years,IE,Ireland,2012,2012,219002.0
A,Annual,NR,Number,T,Total,Y60-64,From 60 to 64 years,IE,Ireland,2013,2013,222484.0
A,Annual,NR,Number,T,Total,Y60-64,From 60 to 64 years,IE,Ireland,2014,2014,225516.0
A,Annual,NR,Number,T,Total,Y60-64,From 60 to 64 years,IE,Ireland,2015,2015,229764.0
A,Annual,NR,Number,T,Total,Y60-64,From 60 to 64 years,IE,Ireland,2016,2016,234752.0
A,Annual,NR,Number,T,Total,Y60-64,From 60 to 64 years,IE,Ireland,2017,2017,241578.0
A,Annual,NR,Number,T,Total,Y60-64,From 60 to 64 years,IE,Ireland,2018,2018,246350.0
A,Annual,NR,Number,T,Total,Y60-64,From 60 to 64 years,IE,Ireland,2019,2019,253358.0
A,Annual,NR,Number,T,Total,Y60-64,From 60 to 64 years,IE,Ireland,2020,2020,259782.0
A,Annual,NR,Number,T,Total,Y60-64,From 60 to 64 years,IE,Ireland,2021,2021,267070.0
A,Annual,NR,Number,T,Total,Y60-64,From 60 to 64 years,IE,Ireland,2022,2022,274960.0
A,Annual,NR,Number,T,Total,Y60-64,From 60 to 64 years,IE,Ireland,2023,2023,283167.0
A,Annual,NR,Number,T,Total,Y60-64,From 60 to 64 years,EL,Greece,2010,2010,636501.0
A,Annual,NR,Number,T,Total,Y60-64,From 60 to 64 years,EL,Greece,2012,2012,638239.0
A,Annual,NR,Number,T,Total,Y60-64,From 60 to 64 years,EL,Greece,2013,2013,633083.0
A,Annual,NR,Number,T,Total,Y60-64,From 60 to 64 years,EL,Greece,2014,2014,630949.0
A,Annual,NR,Number,T,Total,Y60-64,From 60 to 64 years,EL,Greece,2015,2015,637451.0
A,Annual,NR,Number,T,Total,Y60-64,From 60 to 64 years,EL,Greece,2016,2016,646983.0
A,Annual,NR,Number,T,Total,Y60-64,From 60 to 64 years,EL,Greece,2017,2017,655833.0
A,Annual,NR,Number,T,Total,Y60-64,From 60 to 64 years,EL,Greece,2018,2018,663824.0
A,Annual,NR,Number,T,Total,Y60-64,From 60 to 64 years,EL,Greece,2019,2019,676149.0
A,Annual,NR,Number,T,Total,Y60-64,From 60 to 64 years,EL,Greece,2020,2020,688624.0
A,Annual,NR,Number,T,Total,Y60-64,From 60 to 64 years,EL,Greece,2021,2021,696961.0
A,Annual,NR,Number,T,Total,Y60-64,From 60 to 64 years,EL,Greece,2022,2022,698005.0
A,Annual,NR,Number,T,Total,Y60-64,From 60 to 64 years,EL,Greece,2023,2023,700690.0
A,Annual,NR,Number,T,Total,Y60-64,From 60 to 64 years,ES,Spain,2010,2010,2445247.0
A,Annual,NR,Number,T,Total,Y60-64,From 60 to 64 years,ES,Spain,2011,2011,2439790.0
A,Annual,NR,Number,T,Total,Y60-64,From 60 to 64 years,ES,Spain,2012,2012,2467244.0
A,Annual,NR,Number,T,Total,Y60-64,From 60 to 64 years,ES,Spain,2013,2013,2500210.0
A,Annual,NR,Number,T,Total,Y60-64,From 60 to 64 years,ES,Spain,2014,2014,2488882.0
A,Annual,NR,Number,T,Total,Y60-64,From 60 to 64 years,ES,Spain,2015,2015,2503217.0
A,Annual,NR,Number,T,Total,Y60-64,From 60 to 64 years,ES,Spain,2016,2016,2562777.0
A,Annual,NR,Number,T,Total,Y60-64,From 60 to 64 years,ES,Spain,2017,2017,2629808.0
A,Annual,NR,Number,T,Total,Y60-64,From 60 to 64 years,ES,Spain,2018,2018,2706471.0
A,Annual,NR,Number,T,Total,Y60-64,From 60 to 64 years,ES,Spain,2019,2019,2798735.0
A,Annual,NR,Number,T,Total,Y60-64,From 60 to 64 years,ES,Spain,2020,2020,2910171.0
A,Annual,NR,Number,T,Total,Y60-64,From 60 to 64 years,ES,Spain,2021,2021,3008316.0
A,Annual,NR,Number,T,Total,Y60-64,From 60 to 64 years,ES,Spain,2022,2022,3089284.0
A,Annual,NR,Number,T,Total,Y60-64,From 60 to 64 years,ES,Spain,2023,2023,3158134.0
A,Annual,NR,Number,T,Total,Y60-64,From 60 to 64 years,FR,France,2010,2010,3876226.0
A,Annual,NR,Number,T,Total,Y60-64,From 60 to 64 years,FR,France,2011,2011,4108927.0
A,Annual,NR,Number,T,Total,Y60-64,From 60 to 64 years,FR,France,2012,2012,4123400.0
A,Annual,NR,Number,T,Total,Y60-64,From 60 to 64 years,FR,France,2013,2013,4121783.0
A,Annual,NR,Number,T,Total,Y60-64,From 60 to 64 years,FR,France,2014,2014,4098261.0
A,Annual,NR,Number,T,Total,Y60-64,From 60 to 64 years,FR,France,2015,2015,4083926.0
A,Annual,NR,Number,T,Total,Y60-64,From 60 to 64 years,FR,France,2016,2016,4057572.0
A,Annual,NR,Number,T,Total,Y60-64,From 60 to 64 years,FR,France,2017,2017,4066565.0
A,Annual,NR,Number,T,Total,Y60-64,From 60 to 64 years,FR,France,2018,2018,4067037.0
A,Annual,NR,Number,T,Total,Y60-64,From 60 to 64 years,FR,France,2019,2019,4090960.0
A,Annual,NR,Number,T,Total,Y60-64,From 60 to 64 years,FR,France,2020,2020,4122086.0
A,Annual,NR,Number,T,Total,Y60-64,From 60 to 64 years,FR,France,2021,2021,4152154.0
A,Annual,NR,Number,T,Total,Y60-64,From 60 to 64 years,FR,France,2022,2022,4180619.0
A,Annual,NR,Number,T,Total,Y60-64,From 60 to 64 years,FR,France,2023,2023,4202080.0
A,Annual,NR,Number,T,Total,Y60-64,From 60 to 64 years,HR,Croatia,2010,2010,247991.0
A,Annual,NR,Number,T,Total,Y60-64,From 60 to 64 years,HR,Croatia,2011,2011,267563.0
A,Annual,NR,Number,T,Total,Y60-64,From 60 to 64 years,HR,Croatia,2012,2012,272997.0
A,Annual,NR,Number,T,Total,Y60-64,From 60 to 64 years,HR,Croatia,2013,2013,279761.0
A,Annual,NR,Number,T,Total,Y60-64,From 60 to 64 years,HR,Croatia,2014,2014,286457.0
A,Annual,NR,Number,T,Total,Y60-64,From 60 to 64 years,HR,Croatia,2015,2015,291044.0
A,Annual,NR,Number,T,Total,Y60-64,From 60 to 64 years,HR,Croatia,2016,2016,294554.0
A,Annual,NR,Number,T,Total,Y60-64,From 60 to 64 years,HR,Croatia,2017,2017,301242.0
A,Annual,NR,Number,T,Total,Y60-64,From 60 to 64 years,HR,Croatia,2018,2018,300162.0
A,Annual,NR,Number,T,Total,Y60-64,From 60 to 64 years,HR,Croatia,2019,2019,298537.0
A,Annual,NR,Number,T,Total,Y60-64,From 60 to 64 years,HR,Croatia,2020,2020,295655.0
A,Annual,NR,Number,T,Total,Y60-64,From 60 to 64 years,HR,Croatia,2021,2021,291534.0
A,Annual,NR,Number,T,Total,Y60-64,From 60 to 64 years,HR,Croatia,2022,2022,286296.0
A,Annual,NR,Number,T,Total,Y60-64,From 60 to 64 years,HR,Croatia,2023,2023,282869.0
A,Annual,NR,Number,T,Total,Y60-64,From 60 to 64 years,IT,Italy,2010,2010,3689905.0
A,Annual,NR,Number,T,Total,Y60-64,From 60 to 64 years,IT,Italy,2011,2011,3824379.0
A,Annual,NR,Number,T,Total,Y60-64,From 60 to 64 years,IT,Italy,2012,2012,3754974.0
A,Annual,NR,Number,T,Total,Y60-64,From 60 to 64 years,IT,Italy,2013,2013,3687838.0
A,Annual,NR,Number,T,Total,Y60-64,From 60 to 64 years,IT,Italy,2014,2014,3615804.0
A,Annual,NR,Number,T,Total,Y60-64,From 60 to 64 years,IT,Italy,2015,2015,3612371.0
A,Annual,NR,Number,T,Total,Y60-64,From 60 to 64 years,IT,Italy,2016,2016,3625089.0
A,Annual,NR,Number,T,Total,Y60-64,From 60 to 64 years,IT,Italy,2017,2017,3680986.0
A,Annual,NR,Number,T,Total,Y60-64,From 60 to 64 years,IT,Italy,2018,2018,3750459.0
A,Annual,NR,Number,T,Total,Y60-64,From 60 to 64 years,IT,Italy,2019,2019,3819054.0
A,Annual,NR,Number,T,Total,Y60-64,From 60 to 64 years,IT,Italy,2020,2020,3893350.0
A,Annual,NR,Number,T,Total,Y60-64,From 60 to 64 years,IT,Italy,2021,2021,3946096.0
A,Annual,NR,Number,T,Total,Y60-64,From 60 to 64 years,IT,Italy,2022,2022,4053284.0
A,Annual,NR,Number,T,Total,Y60-64,From 60 to 64 years,IT,Italy,2023,2023,4162290.0
A,Annual,NR,Number,T,Total,Y60-64,From 60 to 64 years,CY,Cyprus,2010,2010,42661.0
A,Annual,NR,Number,T,Total,Y60-64,From 60 to 64 years,CY,Cyprus,2011,2011,45094.0
A,Annual,NR,Number,T,Total,Y60-64,From 60 to 64 years,CY,Cyprus,2012,2012,46714.0
A,Annual,NR,Number,T,Total,Y60-64,From 60 to 64 years,CY,Cyprus,2013,2013,46817.0
A,Annual,NR,Number,T,Total,Y60-64,From 60 to 64 years,CY,Cyprus,2014,2014,46568.0
A,Annual,NR,Number,T,Total,Y60-64,From 60 to 64 years,CY,Cyprus,2015,2015,46393.0
A,Annual,NR,Number,T,Total,Y60-64,From 60 to 64 years,CY,Cyprus,2016,2016,46550.0
A,Annual,NR,Number,T,Total,Y60-64,From 60 to 64 years,CY,Cyprus,2017,2017,47690.0
A,Annual,NR,Number,T,Total,Y60-64,From 60 to 64 years,CY,Cyprus,2018,2018,48926.0
A,Annual,NR,Number,T,Total,Y60-64,From 60 to 64 years,CY,Cyprus,2019,2019,50753.0
A,Annual,NR,Number,T,Total,Y60-64,From 60 to 64 years,CY,Cyprus,2020,2020,52890.0
A,Annual,NR,Number,T,Total,Y60-64,From 60 to 64 years,CY,Cyprus,2021,2021,54594.0
A,Annual,NR,Number,T,Total,Y60-64,From 60 to 64 years,CY,Cyprus,2022,2022,55437.0
A,Annual,NR,Number,T,Total,Y60-64,From 60 to 64 years,CY,Cyprus,2023,2023,57114.0
A,Annual,NR,Number,T,Total,Y60-64,From 60 to 64 years,LV,Latvia,2010,2010,115508.0
A,Annual,NR,Number,T,Total,Y60-64,From 60 to 64 years,LV,Latvia,2011,2011,119178.0
A,Annual,NR,Number,T,Total,Y60-64,From 60 to 64 years,LV,Latvia,2012,2012,122563.0
A,Annual,NR,Number,T,Total,Y60-64,From 60 to 64 years,LV,Latvia,2013,2013,123374.0
A,Annual,NR,Number,T,Total,Y60-64,From 60 to 64 years,LV,Latvia,2014,2014,122049.0
A,Annual,NR,Number,T,Total,Y60-64,From 60 to 64 years,LV,Latvia,2015,2015,121141.0
A,Annual,NR,Number,T,Total,Y60-64,From 60 to 64 years,LV,Latvia,2016,2016,122485.0
A,Annual,NR,Number,T,Total,Y60-64,From 60 to 64 years,LV,Latvia,2017,2017,123413.0
A,Annual,NR,Number,T,Total,Y60-64,From 60 to 64 years,LV,Latvia,2018,2018,125897.0
A,Annual,NR,Number,T,Total,Y60-64,From 60 to 64 years,LV,Latvia,2019,2019,129739.0
A,Annual,NR,Number,T,Total,Y60-64,From 60 to 64 years,LV,Latvia,2020,2020,131847.0
A,Annual,NR,Number,T,Total,Y60-64,From 60 to 64 years,LV,Latvia,2021,2021,133522.0
A,Annual,NR,Number,T,Total,Y60-64,From 60 to 64 years,LV,Latvia,2022,2022,134850.0
A,Annual,NR,Number,T,Total,Y60-64,From 60 to 64 years,LV,Latvia,2023,2023,137248.0
A,Annual,NR,Number,T,Total,Y60-64,From 60 to 64 years,LT,Lithuania,2010,2010,160233.0
A,Annual,NR,Number,T,Total,Y60-64,From 60 to 64 years,LT,Lithuania,2011,2011,162617.0
A,Annual,NR,Number,T,Total,Y60-64,From 60 to 64 years,LT,Lithuania,2012,2012,167739.0
A,Annual,NR,Number,T,Total,Y60-64,From 60 to 64 years,LT,Lithuania,2013,2013,172194.0
A,Annual,NR,Number,T,Total,Y60-64,From 60 to 64 years,LT,Lithuania,2014,2014,172286.0
A,Annual,NR,Number,T,Total,Y60-64,From 60 to 64 years,LT,Lithuania,2015,2015,171641.0
A,Annual,NR,Number,T,Total,Y60-64,From 60 to 64 years,LT,Lithuania,2016,2016,173509.0
A,Annual,NR,Number,T,Total,Y60-64,From 60 to 64 years,LT,Lithuania,2017,2017,175773.0
A,Annual,NR,Number,T,Total,Y60-64,From 60 to 64 years,LT,Lithuania,2018,2018,181301.0
A,Annual,NR,Number,T,Total,Y60-64,From 60 to 64 years,LT,Lithuania,2019,2019,191671.0
A,Annual,NR,Number,T,Total,Y60-64,From 60 to 64 years,LT,Lithuania,2020,2020,201031.0
A,Annual,NR,Number,T,Total,Y60-64,From 60 to 64 years,LT,Lithuania,2021,2021,209994.0
A,Annual,NR,Number,T,Total,Y60-64,From 60 to 64 years,LT,Lithuania,2022,2022,218063.0
A,Annual,NR,Number,T,Total,Y60-64,From 60 to 64 years,LT,Lithuania,2023,2023,222237.0
A,Annual,NR,Number,T,Total,Y60-64,From 60 to 64 years,LU,Luxembourg,2010,2010,24759.0
A,Annual,NR,Number,T,Total,Y60-64,From 60 to 64 years,LU,Luxembourg,2011,2011,25979.0
A,Annual,NR,Number,T,Total,Y60-64,From 60 to 64 years,LU,Luxembourg,2012,2012,26319.0
A,Annual,NR,Number,T,Total,Y60-64,From 60 to 64 years,LU,Luxembourg,2013,2013,27092.0
A,Annual,NR,Number,T,Total,Y60-64,From 60 to 64 years,LU,Luxembourg,2014,2014,27906.0
A,Annual,NR,Number,T,Total,Y60-64,From 60 to 64 years,LU,Luxembourg,2015,2015,28921.0
A,Annual,NR,Number,T,Total,Y60-64,From 60 to 64 years,LU,Luxembourg,2016,2016,29802.0
A,Annual,NR,Number,T,Total,Y60-64,From 60 to 64 years,LU,Luxembourg,2017,2017,31413.0
A,Annual,NR,Number,T,Total,Y60-64,From 60 to 64 years,LU,Luxembourg,2018,2018,32330.0
A,Annual,NR,Number,T,Total,Y60-64,From 60 to 64 years,LU,Luxembourg,2019,2019,33431.0
A,Annual,NR,Number,T,Total,Y60-64,From 60 to 64 years,LU,Luxembourg,2020,2020,34475.0
A,Annual,NR,Number,T,Total,Y60-64,From 60 to 64 years,LU,Luxembourg,2021,2021,35511.0
A,Annual,NR,Number,T,Total,Y60-64,From 60 to 64 years,LU,Luxembourg,2022,2022,36775.0
A,Annual,NR,Number,T,Total,Y60-64,From 60 to 64 years,LU,Luxembourg,2023,2023,38154.0
A,Annual,NR,Number,T,Total,Y60-64,From 60 to 64 years,HU,Hungary,2010,2010,589482.0
A,Annual,NR,Number,T,Total,Y60-64,From 60 to 64 years,HU,Hungary,2011,2011,616889.0
A,Annual,NR,Number,T,Total,Y60-64,From 60 to 64 years,HU,Hungary,2012,2012,656099.0
A,Annual,NR,Number,T,Total,Y60-64,From 60 to 64 years,HU,Hungary,2013,2013,661862.0
A,Annual,NR,Number,T,Total,Y60-64,From 60 to 64 years,HU,Hungary,2014,2014,678159.0
A,Annual,NR,Number,T,Total,Y60-64,From 60 to 64 years,HU,Hungary,2015,2015,706719.0
A,Annual,NR,Number,T,Total,Y60-64,From 60 to 64 years,HU,Hungary,2016,2016,723062.0
A,Annual,NR,Number,T,Total,Y60-64,From 60 to 64 years,HU,Hungary,2017,2017,729236.0
A,Annual,NR,Number,T,Total,Y60-64,From 60 to 64 years,HU,Hungary,2018,2018,719719.0
A,Annual,NR,Number,T,Total,Y60-64,From 60 to 64 years,HU,Hungary,2019,2019,692529.0
A,Annual,NR,Number,T,Total,Y60-64,From 60 to 64 years,HU,Hungary,2020,2020,648897.0
A,Annual,NR,Number,T,Total,Y60-64,From 60 to 64 years,HU,Hungary,2021,2021,610920.0
A,Annual,NR,Number,T,Total,Y60-64,From 60 to 64 years,HU,Hungary,2022,2022,577825.0
A,Annual,NR,Number,T,Total,Y60-64,From 60 to 64 years,HU,Hungary,2023,2023,557540.0
A,Annual,NR,Number,T,Total,Y60-64,From 60 to 64 years,MT,Malta,2010,2010,30460.0
A,Annual,NR,Number,T,Total,Y60-64,From 60 to 64 years,MT,Malta,2011,2011,30797.0
A,Annual,NR,Number,T,Total,Y60-64,From 60 to 64 years,MT,Malta,2012,2012,30448.0
A,Annual,NR,Number,T,Total,Y60-64,From 60 to 64 years,MT,Malta,2013,2013,29709.0
A,Annual,NR,Number,T,Total,Y60-64,From 60 to 64 years,MT,Malta,2014,2014,28968.0
A,Annual,NR,Number,T,Total,Y60-64,From 60 to 64 years,MT,Malta,2015,2015,28764.0
A,Annual,NR,Number,T,Total,Y60-64,From 60 to 64 years,MT,Malta,2016,2016,28722.0
A,Annual,NR,Number,T,Total,Y60-64,From 60 to 64 years,MT,Malta,2017,2017,29329.0
A,Annual,NR,Number,T,Total,Y60-64,From 60 to 64 years,MT,Malta,2018,2018,29945.0
A,Annual,NR,Number,T,Total,Y60-64,From 60 to 64 years,MT,Malta,2019,2019,30603.0
A,Annual,NR,Number,T,Total,Y60-64,From 60 to 64 years,MT,Malta,2020,2020,31149.0
A,Annual,NR,Number,T,Total,Y60-64,From 60 to 64 years,MT,Malta,2021,2021,31351.0
A,Annual,NR,Number,T,Total,Y60-64,From 60 to 64 years,MT,Malta,2022,2022,31213.0
A,Annual,NR,Number,T,Total,Y60-64,From 60 to 64 years,MT,Malta,2023,2023,31150.0
A,Annual,NR,Number,T,Total,Y60-64,From 60 to 64 years,NL,Netherlands,2010,2010,1070007.0
A,Annual,NR,Number,T,Total,Y60-64,From 60 to 64 years,NL,Netherlands,2011,2011,1103652.0
A,Annual,NR,Number,T,Total,Y60-64,From 60 to 64 years,NL,Netherlands,2012,2012,1070490.0
A,Annual,NR,Number,T,Total,Y60-64,From 60 to 64 years,NL,Netherlands,2013,2013,1051797.0
A,Annual,NR,Number,T,Total,Y60-64,From 60 to 64 years,NL,Netherlands,2014,2014,1044204.0
A,Annual,NR,Number,T,Total,Y60-64,From 60 to 64 years,NL,Netherlands,2015,2015,1046184.0
A,Annual,NR,Number,T,Total,Y60-64,From 60 to 64 years,NL,Netherlands,2016,2016,1053752.0
A,Annual,NR,Number,T,Total,Y60-64,From 60 to 64 years,NL,Netherlands,2017,2017,1068342.0
A,Annual,NR,Number,T,Total,Y60-64,From 60 to 64 years,NL,Netherlands,2018,2018,1079738.0
A,Annual,NR,Number,T,Total,Y60-64,From 60 to 64 years,NL,Netherlands,2019,2019,1096839.0
A,Annual,NR,Number,T,Total,Y60-64,From 60 to 64 years,NL,Netherlands,2020,2020,1117798.0
A,Annual,NR,Number,T,Total,Y60-64,From 60 to 64 years,NL,Netherlands,2021,2021,1137661.0
A,Annual,NR,Number,T,Total,Y60-64,From 60 to 64 years,NL,Netherlands,2022,2022,1158497.0
A,Annual,NR,Number,T,Total,Y60-64,From 60 to 64 years,NL,Netherlands,2023,2023,1181421.0
A,Annual,NR,Number,T,Total,Y60-64,From 60 to 64 years,AT,Austria,2010,2010,449657.0
A,Annual,NR,Number,T,Total,Y60-64,From 60 to 64 years,AT,Austria,2011,2011,472872.0
A,Annual,NR,Number,T,Total,Y60-64,From 60 to 64 years,AT,Austria,2012,2012,478584.0
A,Annual,NR,Number,T,Total,Y60-64,From 60 to 64 years,AT,Austria,2013,2013,472777.0
A,Annual,NR,Number,T,Total,Y60-64,From 60 to 64 years,AT,Austria,2014,2014,470053.0
A,Annual,NR,Number,T,Total,Y60-64,From 60 to 64 years,AT,Austria,2015,2015,473895.0
A,Annual,NR,Number,T,Total,Y60-64,From 60 to 64 years,AT,Austria,2016,2016,484296.0
A,Annual,NR,Number,T,Total,Y60-64,From 60 to 64 years,AT,Austria,2017,2017,504980.0
A,Annual,NR,Number,T,Total,Y60-64,From 60 to 64 years,AT,Austria,2018,2018,523556.0
A,Annual,NR,Number,T,Total,Y60-64,From 60 to 64 years,AT,Austria,2019,2019,543241.0
A,Annual,NR,Number,T,Total,Y60-64,From 60 to 64 years,AT,Austria,2020,2020,565635.0
A,Annual,NR,Number,T,Total,Y60-64,From 60 to 64 years,AT,Austria,2021,2021,587230.0
A,Annual,NR,Number,T,Total,Y60-64,From 60 to 64 years,AT,Austria,2022,2022,606524.0
A,Annual,NR,Number,T,Total,Y60-64,From 60 to 64 years,AT,Austria,2023,2023,630776.0
A,Annual,NR,Number,T,Total,Y60-64,From 60 to 64 years,PL,Poland,2010,2010,2136305.0
A,Annual,NR,Number,T,Total,Y60-64,From 60 to 64 years,PL,Poland,2011,2011,2344534.0
A,Annual,NR,Number,T,Total,Y60-64,From 60 to 64 years,PL,Poland,2012,2012,2462303.0
A,Annual,NR,Number,T,Total,Y60-64,From 60 to 64 years,PL,Poland,2013,2013,2546823.0
A,Annual,NR,Number,T,Total,Y60-64,From 60 to 64 years,PL,Poland,2014,2014,2607714.0
A,Annual,NR,Number,T,Total,Y60-64,From 60 to 64 years,PL,Poland,2015,2015,2659433.0
A,Annual,NR,Number,T,Total,Y60-64,From 60 to 64 years,PL,Poland,2016,2016,2709884.0
A,Annual,NR,Number,T,Total,Y60-64,From 60 to 64 years,PL,Poland,2017,2017,2733162.0
A,Annual,NR,Number,T,Total,Y60-64,From 60 to 64 years,PL,Poland,2018,2018,2752175.0
A,Annual,NR,Number,T,Total,Y60-64,From 60 to 64 years,PL,Poland,2019,2019,2752895.0
A,Annual,NR,Number,T,Total,Y60-64,From 60 to 64 years,PL,Poland,2020,2020,2731788.0
A,Annual,NR,Number,T,Total,Y60-64,From 60 to 64 years,PL,Poland,2021,2021,2619867.0
A,Annual,NR,Number,T,Total,Y60-64,From 60 to 64 years,PL,Poland,2022,2022,2516875.0
A,Annual,NR,Number,T,Total,Y60-64,From 60 to 64 years,PL,Poland,2023,2023,2404218.0
A,Annual,NR,Number,T,Total,Y60-64,From 60 to 64 years,PT,Portugal,2010,2010,612174.0
A,Annual,NR,Number,T,Total,Y60-64,From 60 to 64 years,PT,Portugal,2011,2011,620832.0
A,Annual,NR,Number,T,Total,Y60-64,From 60 to 64 years,PT,Portugal,2012,2012,633696.0
A,Annual,NR,Number,T,Total,Y60-64,From 60 to 64 years,PT,Portugal,2013,2013,646758.0
A,Annual,NR,Number,T,Total,Y60-64,From 60 to 64 years,PT,Portugal,2014,2014,644335.0
A,Annual,NR,Number,T,Total,Y60-64,From 60 to 64 years,PT,Portugal,2015,2015,648575.0
A,Annual,NR,Number,T,Total,Y60-64,From 60 to 64 years,PT,Portugal,2016,2016,654712.0
A,Annual,NR,Number,T,Total,Y60-64,From 60 to 64 years,PT,Portugal,2017,2017,657448.0
A,Annual,NR,Number,T,Total,Y60-64,From 60 to 64 years,PT,Portugal,2018,2018,665319.0
A,Annual,NR,Number,T,Total,Y60-64,From 60 to 64 years,PT,Portugal,2019,2019,678018.0
A,Annual,NR,Number,T,Total,Y60-64,From 60 to 64 years,PT,Portugal,2020,2020,690884.0
A,Annual,NR,Number,T,Total,Y60-64,From 60 to 64 years,PT,Portugal,2021,2021,703828.0
A,Annual,NR,Number,T,Total,Y60-64,From 60 to 64 years,PT,Portugal,2022,2022,716653.0
A,Annual,NR,Number,T,Total,Y60-64,From 60 to 64 years,PT,Portugal,2023,2023,727409.0
A,Annual,NR,Number,T,Total,Y60-64,From 60 to 64 years,RO,Romania,2010,2010,1239054.0
A,Annual,NR,Number,T,Total,Y60-64,From 60 to 64 years,RO,Romania,2011,2011,1245187.0
A,Annual,NR,Number,T,Total,Y60-64,From 60 to 64 years,RO,Romania,2012,2012,1253950.0
A,Annual,NR,Number,T,Total,Y60-64,From 60 to 64 years,RO,Romania,2013,2013,1303936.0
A,Annual,NR,Number,T,Total,Y60-64,From 60 to 64 years,RO,Romania,2014,2014,1330196.0
A,Annual,NR,Number,T,Total,Y60-64,From 60 to 64 years,RO,Romania,2015,2015,1325427.0
A,Annual,NR,Number,T,Total,Y60-64,From 60 to 64 years,RO,Romania,2016,2016,1344927.0
A,Annual,NR,Number,T,Total,Y60-64,From 60 to 64 years,RO,Romania,2017,2017,1356310.0
A,Annual,NR,Number,T,Total,Y60-64,From 60 to 64 years,RO,Romania,2018,2018,1349989.0
A,Annual,NR,Number,T,Total,Y60-64,From 60 to 64 years,RO,Romania,2019,2019,1340298.0
A,Annual,NR,Number,T,Total,Y60-64,From 60 to 64 years,RO,Romania,2020,2020,1297311.0
A,Annual,NR,Number,T,Total,Y60-64,From 60 to 64 years,RO,Romania,2021,2021,1228138.0
A,Annual,NR,Number,T,Total,Y60-64,From 60 to 64 years,RO,Romania,2022,2022,1217345.0
A,Annual,NR,Number,T,Total,Y60-64,From 60 to 64 years,RO,Romania,2023,2023,1145455.0
A,Annual,NR,Number,T,Total,Y60-64,From 60 to 64 years,SI,Slovenia,2010,2010,111466.0
A,Annual,NR,Number,T,Total,Y60-64,From 60 to 64 years,SI,Slovenia,2011,2011,123525.0
A,Annual,NR,Number,T,Total,Y60-64,From 60 to 64 years,SI,Slovenia,2012,2012,129476.0
A,Annual,NR,Number,T,Total,Y60-64,From 60 to 64 years,SI,Slovenia,2013,2013,134423.0
A,Annual,NR,Number,T,Total,Y60-64,From 60 to 64 years,SI,Slovenia,2014,2014,139249.0
A,Annual,NR,Number,T,Total,Y60-64,From 60 to 64 years,SI,Slovenia,2015,2015,142544.0
A,Annual,NR,Number,T,Total,Y60-64,From 60 to 64 years,SI,Slovenia,2016,2016,144098.0
A,Annual,NR,Number,T,Total,Y60-64,From 60 to 64 years,SI,Slovenia,2017,2017,146515.0
A,Annual,NR,Number,T,Total,Y60-64,From 60 to 64 years,SI,Slovenia,2018,2018,146465.0
A,Annual,NR,Number,T,Total,Y60-64,From 60 to 64 years,SI,Slovenia,2019,2019,145441.0
A,Annual,NR,Number,T,Total,Y60-64,From 60 to 64 years,SI,Slovenia,2020,2020,144747.0
A,Annual,NR,Number,T,Total,Y60-64,From 60 to 64 years,SI,Slovenia,2021,2021,144472.0
A,Annual,NR,Number,T,Total,Y60-64,From 60 to 64 years,SI,Slovenia,2022,2022,143571.0
A,Annual,NR,Number,T,Total,Y60-64,From 60 to 64 years,SI,Slovenia,2023,2023,143812.0
A,Annual,NR,Number,T,Total,Y60-64,From 60 to 64 years,SK,Slovakia,2010,2010,282656.0
A,Annual,NR,Number,T,Total,Y60-64,From 60 to 64 years,SK,Slovakia,2011,2011,302914.0
A,Annual,NR,Number,T,Total,Y60-64,From 60 to 64 years,SK,Slovakia,2012,2012,323234.0
A,Annual,NR,Number,T,Total,Y60-64,From 60 to 64 years,SK,Slovakia,2013,2013,336562.0
A,Annual,NR,Number,T,Total,Y60-64,From 60 to 64 years,SK,Slovakia,2014,2014,347116.0
A,Annual,NR,Number,T,Total,Y60-64,From 60 to 64 years,SK,Slovakia,2015,2015,357257.0
A,Annual,NR,Number,T,Total,Y60-64,From 60 to 64 years,SK,Slovakia,2016,2016,363292.0
A,Annual,NR,Number,T,Total,Y60-64,From 60 to 64 years,SK,Slovakia,2017,2017,366568.0
A,Annual,NR,Number,T,Total,Y60-64,From 60 to 64 years,SK,Slovakia,2018,2018,366955.0
A,Annual,NR,Number,T,Total,Y60-64,From 60 to 64 years,SK,Slovakia,2019,2019,365386.0
A,Annual,NR,Number,T,Total,Y60-64,From 60 to 64 years,SK,Slovakia,2020,2020,359913.0
A,Annual,NR,Number,T,Total,Y60-64,From 60 to 64 years,SK,Slovakia,2021,2021,353682.0
A,Annual,NR,Number,T,Total,Y60-64,From 60 to 64 years,SK,Slovakia,2022,2022,348115.0
A,Annual,NR,Number,T,Total,Y60-64,From 60 to 64 years,SK,Slovakia,2023,2023,341097.0
A,Annual,NR,Number,T,Total,Y60-64,From 60 to 64 years,FI,Finland,2010,2010,396886.0
A,Annual,NR,Number,T,Total,Y60-64,From 60 to 64 years,FI,Finland,2011,2011,401712.0
A,Annual,NR,Number,T,Total,Y60-64,From 60 to 64 years,FI,Finland,2012,2012,395223.0
A,Annual,NR,Number,T,Total,Y60-64,From 60 to 64 years,FI,Finland,2013,2013,389588.0
A,Annual,NR,Number,T,Total,Y60-64,From 60 to 64 years,FI,Finland,2014,2014,381168.0
A,Annual,NR,Number,T,Total,Y60-64,From 60 to 64 years,FI,Finland,2015,2015,375230.0
A,Annual,NR,Number,T,Total,Y60-64,From 60 to 64 years,FI,Finland,2016,2016,371660.0
A,Annual,NR,Number,T,Total,Y60-64,From 60 to 64 years,FI,Finland,2017,2017,371711.0
A,Annual,NR,Number,T,Total,Y60-64,From 60 to 64 years,FI,Finland,2018,2018,367232.0
A,Annual,NR,Number,T,Total,Y60-64,From 60 to 64 years,FI,Finland,2019,2019,362561.0
A,Annual,NR,Number,T,Total,Y60-64,From 60 to 64 years,FI,Finland,2020,2020,359619.0
A,Annual,NR,Number,T,Total,Y60-64,From 60 to 64 years,FI,Finland,2021,2021,357251.0
A,Annual,NR,Number,T,Total,Y60-64,From 60 to 64 years,FI,Finland,2022,2022,354782.0
A,Annual,NR,Number,T,Total,Y60-64,From 60 to 64 years,FI,Finland,2023,2023,354703.0
A,Annual,NR,Number,T,Total,Y60-64,From 60 to 64 years,SE,Sweden,2010,2010,625455.0
A,Annual,NR,Number,T,Total,Y60-64,From 60 to 64 years,SE,Sweden,2011,2011,614145.0
A,Annual,NR,Number,T,Total,Y60-64,From 60 to 64 years,SE,Sweden,2012,2012,597421.0
A,Annual,NR,Number,T,Total,Y60-64,From 60 to 64 years,SE,Sweden,2013,2013,583567.0
A,Annual,NR,Number,T,Total,Y60-64,From 60 to 64 years,SE,Sweden,2014,2014,571895.0
A,Annual,NR,Number,T,Total,Y60-64,From 60 to 64 years,SE,Sweden,2015,2015,561962.0
A,Annual,NR,Number,T,Total,Y60-64,From 60 to 64 years,SE,Sweden,2016,2016,558647.0
A,Annual,NR,Number,T,Total,Y60-64,From 60 to 64 years,SE,Sweden,2017,2017,562422.0
A,Annual,NR,Number,T,Total,Y60-64,From 60 to 64 years,SE,Sweden,2018,2018,564707.0
A,Annual,NR,Number,T,Total,Y60-64,From 60 to 64 years,SE,Sweden,2019,2019,565066.0
A,Annual,NR,Number,T,Total,Y60-64,From 60 to 64 years,SE,Sweden,2020,2020,568390.0
A,Annual,NR,Number,T,Total,Y60-64,From 60 to 64 years,SE,Sweden,2021,2021,569226.0
A,Annual,NR,Number,T,Total,Y60-64,From 60 to 64 years,SE,Sweden,2022,2022,569809.0
A,Annual,NR,Number,T,Total,Y60-64,From 60 to 64 years,SE,Sweden,2023,2023,575092.0
A,Annual,NR,Number,T,Total,Y65-69,From 65 to 69 years,BE,Belgium,2010,2010,466145.0
A,Annual,NR,Number,T,Total,Y65-69,From 65 to 69 years,BE,Belgium,2011,2011,480200.0
A,Annual,NR,Number,T,Total,Y65-69,From 65 to 69 years,BE,Belgium,2012,2012,522162.0
A,Annual,NR,Number,T,Total,Y65-69,From 65 to 69 years,BE,Belgium,2013,2013,555370.0
A,Annual,NR,Number,T,Total,Y65-69,From 65 to 69 years,BE,Belgium,2014,2014,578204.0
A,Annual,NR,Number,T,Total,Y65-69,From 65 to 69 years,BE,Belgium,2015,2015,594460.0
A,Annual,NR,Number,T,Total,Y65-69,From 65 to 69 years,BE,Belgium,2016,2016,611320.0
A,Annual,NR,Number,T,Total,Y65-69,From 65 to 69 years,BE,Belgium,2017,2017,609072.0
A,Annual,NR,Number,T,Total,Y65-69,From 65 to 69 years,BE,Belgium,2018,2018,612577.0
A,Annual,NR,Number,T,Total,Y65-69,From 65 to 69 years,BE,Belgium,2019,2019,615632.0
A,Annual,NR,Number,T,Total,Y65-69,From 65 to 69 years,BE,Belgium,2020,2020,623529.0
A,Annual,NR,Number,T,Total,Y65-69,From 65 to 69 years,BE,Belgium,2021,2021,632807.0
A,Annual,NR,Number,T,Total,Y65-69,From 65 to 69 years,BE,Belgium,2022,2022,645152.0
A,Annual,NR,Number,T,Total,Y65-69,From 65 to 69 years,BE,Belgium,2023,2023,656784.0
A,Annual,NR,Number,T,Total,Y65-69,From 65 to 69 years,BG,Bulgaria,2010,2010,404024.0
A,Annual,NR,Number,T,Total,Y65-69,From 65 to 69 years,BG,Bulgaria,2011,2011,413883.0
A,Annual,NR,Number,T,Total,Y65-69,From 65 to 69 years,BG,Bulgaria,2012,2012,433485.0
A,Annual,NR,Number,T,Total,Y65-69,From 65 to 69 years,BG,Bulgaria,2013,2013,448024.0
A,Annual,NR,Number,T,Total,Y65-69,From 65 to 69 years,BG,Bulgaria,2014,2014,465161.0
A,Annual,NR,Number,T,Total,Y65-69,From 65 to 69 years,BG,Bulgaria,2015,2015,482665.0
A,Annual,NR,Number,T,Total,Y65-69,From 65 to 69 years,BG,Bulgaria,2016,2016,501737.0
A,Annual,NR,Number,T,Total,Y65-69,From 65 to 69 years,BG,Bulgaria,2017,2017,496098.0
A,Annual,NR,Number,T,Total,Y65-69,From 65 to 69 years,BG,Bulgaria,2018,2018,493217.0
A,Annual,NR,Number,T,Total,Y65-69,From 65 to 69 years,BG,Bulgaria,2019,2019,487886.0
A,Annual,NR,Number,T,Total,Y65-69,From 65 to 69 years,BG,Bulgaria,2020,2020,477450.0
A,Annual,NR,Number,T,Total,Y65-69,From 65 to 69 years,BG,Bulgaria,2021,2021,463903.0
A,Annual,NR,Number,T,Total,Y65-69,From 65 to 69 years,BG,Bulgaria,2022,2022,460198.0
A,Annual,NR,Number,T,Total,Y65-69,From 65 to 69 years,BG,Bulgaria,2023,2023,454324.0
A,Annual,NR,Number,T,Total,Y65-69,From 65 to 69 years,CZ,Czechia,2010,2010,539031.0
A,Annual,NR,Number,T,Total,Y65-69,From 65 to 69 years,CZ,Czechia,2011,2011,554230.0
A,Annual,NR,Number,T,Total,Y65-69,From 65 to 69 years,CZ,Czechia,2012,2012,595116.0
A,Annual,NR,Number,T,Total,Y65-69,From 65 to 69 years,CZ,Czechia,2013,2013,635869.0
A,Annual,NR,Number,T,Total,Y65-69,From 65 to 69 years,CZ,Czechia,2014,2014,657256.0
A,Annual,NR,Number,T,Total,Y65-69,From 65 to 69 years,CZ,Czechia,2015,2015,671051.0
A,Annual,NR,Number,T,Total,Y65-69,From 65 to 69 years,CZ,Czechia,2016,2016,692992.0
A,Annual,NR,Number,T,Total,Y65-69,From 65 to 69 years,CZ,Czechia,2017,2017,691356.0
A,Annual,NR,Number,T,Total,Y65-69,From 65 to 69 years,CZ,Czechia,2018,2018,684548.0
A,Annual,NR,Number,T,Total,Y65-69,From 65 to 69 years,CZ,Czechia,2019,2019,679942.0
A,Annual,NR,Number,T,Total,Y65-69,From 65 to 69 years,CZ,Czechia,2020,2020,678927.0
A,Annual,NR,Number,T,Total,Y65-69,From 65 to 69 years,CZ,Czechia,2021,2021,671118.0
A,Annual,NR,Number,T,Total,Y65-69,From 65 to 69 years,CZ,Czechia,2022,2022,659696.0
A,Annual,NR,Number,T,Total,Y65-69,From 65 to 69 years,CZ,Czechia,2023,2023,653033.0
A,Annual,NR,Number,T,Total,Y65-69,From 65 to 69 years,DK,Denmark,2010,2010,298841.0
A,Annual,NR,Number,T,Total,Y65-69,From 65 to 69 years,DK,Denmark,2011,2011,318797.0
A,Annual,NR,Number,T,Total,Y65-69,From 65 to 69 years,DK,Denmark,2012,2012,339865.0
A,Annual,NR,Number,T,Total,Y65-69,From 65 to 69 years,DK,Denmark,2013,2013,352035.0
A,Annual,NR,Number,T,Total,Y65-69,From 65 to 69 years,DK,Denmark,2014,2014,356312.0
A,Annual,NR,Number,T,Total,Y65-69,From 65 to 69 years,DK,Denmark,2015,2015,351880.0
A,Annual,NR,Number,T,Total,Y65-69,From 65 to 69 years,DK,Denmark,2016,2016,344348.0
A,Annual,NR,Number,T,Total,Y65-69,From 65 to 69 years,DK,Denmark,2017,2017,332296.0
A,Annual,NR,Number,T,Total,Y65-69,From 65 to 69 years,DK,Denmark,2018,2018,323628.0
A,Annual,NR,Number,T,Total,Y65-69,From 65 to 69 years,DK,Denmark,2019,2019,320259.0
A,Annual,NR,Number,T,Total,Y65-69,From 65 to 69 years,DK,Denmark,2020,2020,319275.0
A,Annual,NR,Number,T,Total,Y65-69,From 65 to 69 years,DK,Denmark,2021,2021,319469.0
A,Annual,NR,Number,T,Total,Y65-69,From 65 to 69 years,DK,Denmark,2022,2022,322692.0
A,Annual,NR,Number,T,Total,Y65-69,From 65 to 69 years,DK,Denmark,2023,2023,325352.0
A,Annual,NR,Number,T,Total,Y65-69,From 65 to 69 years,DE,Germany,2010,2010,4880509.0
A,Annual,NR,Number,T,Total,Y65-69,From 65 to 69 years,DE,Germany,2011,2011,4325092.0
A,Annual,NR,Number,T,Total,Y65-69,From 65 to 69 years,DE,Germany,2012,2012,3984744.0
A,Annual,NR,Number,T,Total,Y65-69,From 65 to 69 years,DE,Germany,2013,2013,3940115.0
A,Annual,NR,Number,T,Total,Y65-69,From 65 to 69 years,DE,Germany,2014,2014,3924395.0
A,Annual,NR,Number,T,Total,Y65-69,From 65 to 69 years,DE,Germany,2015,2015,4008894.0
A,Annual,NR,Number,T,Total,Y65-69,From 65 to 69 years,DE,Germany,2016,2016,4331884.0
A,Annual,NR,Number,T,Total,Y65-69,From 65 to 69 years,DE,Germany,2017,2017,4563301.0
A,Annual,NR,Number,T,Total,Y65-69,From 65 to 69 years,DE,Germany,2018,2018,4711694.0
A,Annual,NR,Number,T,Total,Y65-69,From 65 to 69 years,DE,Germany,2019,2019,4808497.0
A,Annual,NR,Number,T,Total,Y65-69,From 65 to 69 years,DE,Germany,2020,2020,4859032.0
A,Annual,NR,Number,T,Total,Y65-69,From 65 to 69 years,DE,Germany,2021,2021,4899104.0
A,Annual,NR,Number,T,Total,Y65-69,From 65 to 69 years,DE,Germany,2022,2022,4967930.0
A,Annual,NR,Number,T,Total,Y65-69,From 65 to 69 years,DE,Germany,2023,2023,5070899.0
A,Annual,NR,Number,T,Total,Y65-69,From 65 to 69 years,EE,Estonia,2010,2010,64220.0
A,Annual,NR,Number,T,Total,Y65-69,From 65 to 69 years,EE,Estonia,2011,2011,60970.0
A,Annual,NR,Number,T,Total,Y65-69,From 65 to 69 years,EE,Estonia,2012,2012,58942.0
A,Annual,NR,Number,T,Total,Y65-69,From 65 to 69 years,EE,Estonia,2013,2013,60379.0
A,Annual,NR,Number,T,Total,Y65-69,From 65 to 69 years,EE,Estonia,2014,2014,64621.0
A,Annual,NR,Number,T,Total,Y65-69,From 65 to 69 years,EE,Estonia,2015,2015,69475.0
A,Annual,NR,Number,T,Total,Y65-69,From 65 to 69 years,EE,Estonia,2016,2016,73809.0
A,Annual,NR,Number,T,Total,Y65-69,From 65 to 69 years,EE,Estonia,2017,2017,75851.0
A,Annual,NR,Number,T,Total,Y65-69,From 65 to 69 years,EE,Estonia,2018,2018,76931.0
A,Annual,NR,Number,T,Total,Y65-69,From 65 to 69 years,EE,Estonia,2019,2019,77344.0
A,Annual,NR,Number,T,Total,Y65-69,From 65 to 69 years,EE,Estonia,2020,2020,77501.0
A,Annual,NR,Number,T,Total,Y65-69,From 65 to 69 years,EE,Estonia,2021,2021,78931.0
A,Annual,NR,Number,T,Total,Y65-69,From 65 to 69 years,EE,Estonia,2022,2022,79065.0
A,Annual,NR,Number,T,Total,Y65-69,From 65 to 69 years,EE,Estonia,2023,2023,80426.0
A,Annual,NR,Number,T,Total,Y65-69,From 65 to 69 years,IE,Ireland,2010,2010,161661.0
A,Annual,NR,Number,T,Total,Y65-69,From 65 to 69 years,IE,Ireland,2011,2011,169883.0
A,Annual,NR,Number,T,Total,Y65-69,From 65 to 69 years,IE,Ireland,2012,2012,179256.0
A,Annual,NR,Number,T,Total,Y65-69,From 65 to 69 years,IE,Ireland,2013,2013,187723.0
A,Annual,NR,Number,T,Total,Y65-69,From 65 to 69 years,IE,Ireland,2014,2014,195535.0
A,Annual,NR,Number,T,Total,Y65-69,From 65 to 69 years,IE,Ireland,2015,2015,201997.0
A,Annual,NR,Number,T,Total,Y65-69,From 65 to 69 years,IE,Ireland,2016,2016,206603.0
A,Annual,NR,Number,T,Total,Y65-69,From 65 to 69 years,IE,Ireland,2017,2017,211443.0
A,Annual,NR,Number,T,Total,Y65-69,From 65 to 69 years,IE,Ireland,2018,2018,216047.0
A,Annual,NR,Number,T,Total,Y65-69,From 65 to 69 years,IE,Ireland,2019,2019,219916.0
A,Annual,NR,Number,T,Total,Y65-69,From 65 to 69 years,IE,Ireland,2020,2020,225691.0
A,Annual,NR,Number,T,Total,Y65-69,From 65 to 69 years,IE,Ireland,2021,2021,231159.0
A,Annual,NR,Number,T,Total,Y65-69,From 65 to 69 years,IE,Ireland,2022,2022,238459.0
A,Annual,NR,Number,T,Total,Y65-69,From 65 to 69 years,IE,Ireland,2023,2023,244141.0
A,Annual,NR,Number,T,Total,Y65-69,From 65 to 69 years,EL,Greece,2010,2010,521608.0
A,Annual,NR,Number,T,Total,Y65-69,From 65 to 69 years,EL,Greece,2012,2012,551720.0
A,Annual,NR,Number,T,Total,Y65-69,From 65 to 69 years,EL,Greece,2013,2013,575897.0
A,Annual,NR,Number,T,Total,Y65-69,From 65 to 69 years,EL,Greece,2014,2014,596840.0
A,Annual,NR,Number,T,Total,Y65-69,From 65 to 69 years,EL,Greece,2015,2015,604665.0
A,Annual,NR,Number,T,Total,Y65-69,From 65 to 69 years,EL,Greece,2016,2016,606029.0
A,Annual,NR,Number,T,Total,Y65-69,From 65 to 69 years,EL,Greece,2017,2017,601113.0
A,Annual,NR,Number,T,Total,Y65-69,From 65 to 69 years,EL,Greece,2018,2018,595841.0
A,Annual,NR,Number,T,Total,Y65-69,From 65 to 69 years,EL,Greece,2019,2019,598200.0
A,Annual,NR,Number,T,Total,Y65-69,From 65 to 69 years,EL,Greece,2020,2020,609448.0
A,Annual,NR,Number,T,Total,Y65-69,From 65 to 69 years,EL,Greece,2021,2021,618844.0
A,Annual,NR,Number,T,Total,Y65-69,From 65 to 69 years,EL,Greece,2022,2022,627055.0
A,Annual,NR,Number,T,Total,Y65-69,From 65 to 69 years,EL,Greece,2023,2023,635591.0
A,Annual,NR,Number,T,Total,Y65-69,From 65 to 69 years,ES,Spain,2010,2010,2074945.0
A,Annual,NR,Number,T,Total,Y65-69,From 65 to 69 years,ES,Spain,2011,2011,2103623.0
A,Annual,NR,Number,T,Total,Y65-69,From 65 to 69 years,ES,Spain,2012,2012,2192459.0
A,Annual,NR,Number,T,Total,Y65-69,From 65 to 69 years,ES,Spain,2013,2013,2266799.0
A,Annual,NR,Number,T,Total,Y65-69,From 65 to 69 years,ES,Spain,2014,2014,2323532.0
A,Annual,NR,Number,T,Total,Y65-69,From 65 to 69 years,ES,Spain,2015,2015,2351644.0
A,Annual,NR,Number,T,Total,Y65-69,From 65 to 69 years,ES,Spain,2016,2016,2340848.0
A,Annual,NR,Number,T,Total,Y65-69,From 65 to 69 years,ES,Spain,2017,2017,2362174.0
A,Annual,NR,Number,T,Total,Y65-69,From 65 to 69 years,ES,Spain,2018,2018,2397618.0
A,Annual,NR,Number,T,Total,Y65-69,From 65 to 69 years,ES,Spain,2019,2019,2397492.0
A,Annual,NR,Number,T,Total,Y65-69,From 65 to 69 years,ES,Spain,2020,2020,2422118.0
A,Annual,NR,Number,T,Total,Y65-69,From 65 to 69 years,ES,Spain,2021,2021,2481683.0
A,Annual,NR,Number,T,Total,Y65-69,From 65 to 69 years,ES,Spain,2022,2022,2549654.0
A,Annual,NR,Number,T,Total,Y65-69,From 65 to 69 years,ES,Spain,2023,2023,2631651.0
A,Annual,NR,Number,T,Total,Y65-69,From 65 to 69 years,FR,France,2010,2010,2611118.0
A,Annual,NR,Number,T,Total,Y65-69,From 65 to 69 years,FR,France,2011,2011,2684105.0
A,Annual,NR,Number,T,Total,Y65-69,From 65 to 69 years,FR,France,2012,2012,2968321.0
A,Annual,NR,Number,T,Total,Y65-69,From 65 to 69 years,FR,France,2013,2013,3234527.0
A,Annual,NR,Number,T,Total,Y65-69,From 65 to 69 years,FR,France,2014,2014,3483363.0
A,Annual,NR,Number,T,Total,Y65-69,From 65 to 69 years,FR,France,2015,2015,3711371.0
A,Annual,NR,Number,T,Total,Y65-69,From 65 to 69 years,FR,France,2016,2016,3939429.0
A,Annual,NR,Number,T,Total,Y65-69,From 65 to 69 years,FR,France,2017,2017,3953437.0
A,Annual,NR,Number,T,Total,Y65-69,From 65 to 69 years,FR,France,2018,2018,3948211.0
A,Annual,NR,Number,T,Total,Y65-69,From 65 to 69 years,FR,France,2019,2019,3923732.0
A,Annual,NR,Number,T,Total,Y65-69,From 65 to 69 years,FR,France,2020,2020,3913190.0
A,Annual,NR,Number,T,Total,Y65-69,From 65 to 69 years,FR,France,2021,2021,3890326.0
A,Annual,NR,Number,T,Total,Y65-69,From 65 to 69 years,FR,France,2022,2022,3904936.0
A,Annual,NR,Number,T,Total,Y65-69,From 65 to 69 years,FR,France,2023,2023,3904313.0
A,Annual,NR,Number,T,Total,Y65-69,From 65 to 69 years,HR,Croatia,2010,2010,217984.0
A,Annual,NR,Number,T,Total,Y65-69,From 65 to 69 years,HR,Croatia,2011,2011,204339.0
A,Annual,NR,Number,T,Total,Y65-69,From 65 to 69 years,HR,Croatia,2012,2012,204843.0
A,Annual,NR,Number,T,Total,Y65-69,From 65 to 69 years,HR,Croatia,2013,2013,206838.0
A,Annual,NR,Number,T,Total,Y65-69,From 65 to 69 years,HR,Croatia,2014,2014,214082.0
A,Annual,NR,Number,T,Total,Y65-69,From 65 to 69 years,HR,Croatia,2015,2015,229183.0
A,Annual,NR,Number,T,Total,Y65-69,From 65 to 69 years,HR,Croatia,2016,2016,247850.0
A,Annual,NR,Number,T,Total,Y65-69,From 65 to 69 years,HR,Croatia,2017,2017,254207.0
A,Annual,NR,Number,T,Total,Y65-69,From 65 to 69 years,HR,Croatia,2018,2018,260865.0
A,Annual,NR,Number,T,Total,Y65-69,From 65 to 69 years,HR,Croatia,2019,2019,267426.0
A,Annual,NR,Number,T,Total,Y65-69,From 65 to 69 years,HR,Croatia,2020,2020,271815.0
A,Annual,NR,Number,T,Total,Y65-69,From 65 to 69 years,HR,Croatia,2021,2021,275461.0
A,Annual,NR,Number,T,Total,Y65-69,From 65 to 69 years,HR,Croatia,2022,2022,280555.0
A,Annual,NR,Number,T,Total,Y65-69,From 65 to 69 years,HR,Croatia,2023,2023,279112.0
A,Annual,NR,Number,T,Total,Y65-69,From 65 to 69 years,IT,Italy,2010,2010,3163420.0
A,Annual,NR,Number,T,Total,Y65-69,From 65 to 69 years,IT,Italy,2011,2011,3051944.0
A,Annual,NR,Number,T,Total,Y65-69,From 65 to 69 years,IT,Italy,2012,2012,3179331.0
A,Annual,NR,Number,T,Total,Y65-69,From 65 to 69 years,IT,Italy,2013,2013,3304792.0
A,Annual,NR,Number,T,Total,Y65-69,From 65 to 69 years,IT,Italy,2014,2014,3441090.0
A,Annual,NR,Number,T,Total,Y65-69,From 65 to 69 years,IT,Italy,2015,2015,3551096.0
A,Annual,NR,Number,T,Total,Y65-69,From 65 to 69 years,IT,Italy,2016,2016,3670374.0
A,Annual,NR,Number,T,Total,Y65-69,From 65 to 69 years,IT,Italy,2017,2017,3599731.0
A,Annual,NR,Number,T,Total,Y65-69,From 65 to 69 years,IT,Italy,2018,2018,3534776.0
A,Annual,NR,Number,T,Total,Y65-69,From 65 to 69 years,IT,Italy,2019,2019,3468709.0
A,Annual,NR,Number,T,Total,Y65-69,From 65 to 69 years,IT,Italy,2020,2020,3471014.0
A,Annual,NR,Number,T,Total,Y65-69,From 65 to 69 years,IT,Italy,2021,2021,3474333.0
A,Annual,NR,Number,T,Total,Y65-69,From 65 to 69 years,IT,Italy,2022,2022,3527442.0
A,Annual,NR,Number,T,Total,Y65-69,From 65 to 69 years,IT,Italy,2023,2023,3601512.0
A,Annual,NR,Number,T,Total,Y65-69,From 65 to 69 years,CY,Cyprus,2010,2010,32676.0
A,Annual,NR,Number,T,Total,Y65-69,From 65 to 69 years,CY,Cyprus,2011,2011,33668.0
A,Annual,NR,Number,T,Total,Y65-69,From 65 to 69 years,CY,Cyprus,2012,2012,35161.0
A,Annual,NR,Number,T,Total,Y65-69,From 65 to 69 years,CY,Cyprus,2013,2013,37496.0
A,Annual,NR,Number,T,Total,Y65-69,From 65 to 69 years,CY,Cyprus,2014,2014,39968.0
A,Annual,NR,Number,T,Total,Y65-69,From 65 to 69 years,CY,Cyprus,2015,2015,41813.0
A,Annual,NR,Number,T,Total,Y65-69,From 65 to 69 years,CY,Cyprus,2016,2016,43486.0
A,Annual,NR,Number,T,Total,Y65-69,From 65 to 69 years,CY,Cyprus,2017,2017,44266.0
A,Annual,NR,Number,T,Total,Y65-69,From 65 to 69 years,CY,Cyprus,2018,2018,44388.0
A,Annual,NR,Number,T,Total,Y65-69,From 65 to 69 years,CY,Cyprus,2019,2019,44536.0
A,Annual,NR,Number,T,Total,Y65-69,From 65 to 69 years,CY,Cyprus,2020,2020,45425.0
A,Annual,NR,Number,T,Total,Y65-69,From 65 to 69 years,CY,Cyprus,2021,2021,46254.0
A,Annual,NR,Number,T,Total,Y65-69,From 65 to 69 years,CY,Cyprus,2022,2022,47406.0
A,Annual,NR,Number,T,Total,Y65-69,From 65 to 69 years,CY,Cyprus,2023,2023,48665.0
A,Annual,NR,Number,T,Total,Y65-69,From 65 to 69 years,LV,Latvia,2010,2010,113849.0
A,Annual,NR,Number,T,Total,Y65-69,From 65 to 69 years,LV,Latvia,2011,2011,106522.0
A,Annual,NR,Number,T,Total,Y65-69,From 65 to 69 years,LV,Latvia,2012,2012,99849.0
A,Annual,NR,Number,T,Total,Y65-69,From 65 to 69 years,LV,Latvia,2013,2013,97812.0
A,Annual,NR,Number,T,Total,Y65-69,From 65 to 69 years,LV,Latvia,2014,2014,99251.0
A,Annual,NR,Number,T,Total,Y65-69,From 65 to 69 years,LV,Latvia,2015,2015,103499.0
A,Annual,NR,Number,T,Total,Y65-69,From 65 to 69 years,LV,Latvia,2016,2016,107417.0
A,Annual,NR,Number,T,Total,Y65-69,From 65 to 69 years,LV,Latvia,2017,2017,110632.0
A,Annual,NR,Number,T,Total,Y65-69,From 65 to 69 years,LV,Latvia,2018,2018,111555.0
A,Annual,NR,Number,T,Total,Y65-69,From 65 to 69 years,LV,Latvia,2019,2019,110469.0
A,Annual,NR,Number,T,Total,Y65-69,From 65 to 69 years,LV,Latvia,2020,2020,109804.0
A,Annual,NR,Number,T,Total,Y65-69,From 65 to 69 years,LV,Latvia,2021,2021,111464.0
A,Annual,NR,Number,T,Total,Y65-69,From 65 to 69 years,LV,Latvia,2022,2022,112253.0
A,Annual,NR,Number,T,Total,Y65-69,From 65 to 69 years,LV,Latvia,2023,2023,116942.0
A,Annual,NR,Number,T,Total,Y65-69,From 65 to 69 years,LT,Lithuania,2010,2010,152885.0
A,Annual,NR,Number,T,Total,Y65-69,From 65 to 69 years,LT,Lithuania,2011,2011,149499.0
A,Annual,NR,Number,T,Total,Y65-69,From 65 to 69 years,LT,Lithuania,2012,2012,142681.0
A,Annual,NR,Number,T,Total,Y65-69,From 65 to 69 years,LT,Lithuania,2013,2013,137018.0
A,Annual,NR,Number,T,Total,Y65-69,From 65 to 69 years,LT,Lithuania,2014,2014,136999.0
A,Annual,NR,Number,T,Total,Y65-69,From 65 to 69 years,LT,Lithuania,2015,2015,144442.0
A,Annual,NR,Number,T,Total,Y65-69,From 65 to 69 years,LT,Lithuania,2016,2016,147307.0
A,Annual,NR,Number,T,Total,Y65-69,From 65 to 69 years,LT,Lithuania,2017,2017,152472.0
A,Annual,NR,Number,T,Total,Y65-69,From 65 to 69 years,LT,Lithuania,2018,2018,156927.0
A,Annual,NR,Number,T,Total,Y65-69,From 65 to 69 years,LT,Lithuania,2019,2019,157490.0
A,Annual,NR,Number,T,Total,Y65-69,From 65 to 69 years,LT,Lithuania,2020,2020,157103.0
A,Annual,NR,Number,T,Total,Y65-69,From 65 to 69 years,LT,Lithuania,2021,2021,159026.0
A,Annual,NR,Number,T,Total,Y65-69,From 65 to 69 years,LT,Lithuania,2022,2022,161725.0
A,Annual,NR,Number,T,Total,Y65-69,From 65 to 69 years,LT,Lithuania,2023,2023,169211.0
A,Annual,NR,Number,T,Total,Y65-69,From 65 to 69 years,LU,Luxembourg,2010,2010,19528.0
A,Annual,NR,Number,T,Total,Y65-69,From 65 to 69 years,LU,Luxembourg,2011,2011,19726.0
A,Annual,NR,Number,T,Total,Y65-69,From 65 to 69 years,LU,Luxembourg,2012,2012,20633.0
A,Annual,NR,Number,T,Total,Y65-69,From 65 to 69 years,LU,Luxembourg,2013,2013,21450.0
A,Annual,NR,Number,T,Total,Y65-69,From 65 to 69 years,LU,Luxembourg,2014,2014,22449.0
A,Annual,NR,Number,T,Total,Y65-69,From 65 to 69 years,LU,Luxembourg,2015,2015,23612.0
A,Annual,NR,Number,T,Total,Y65-69,From 65 to 69 years,LU,Luxembourg,2016,2016,24760.0
A,Annual,NR,Number,T,Total,Y65-69,From 65 to 69 years,LU,Luxembourg,2017,2017,25572.0
A,Annual,NR,Number,T,Total,Y65-69,From 65 to 69 years,LU,Luxembourg,2018,2018,26147.0
A,Annual,NR,Number,T,Total,Y65-69,From 65 to 69 years,LU,Luxembourg,2019,2019,26712.0
A,Annual,NR,Number,T,Total,Y65-69,From 65 to 69 years,LU,Luxembourg,2020,2020,27510.0
A,Annual,NR,Number,T,Total,Y65-69,From 65 to 69 years,LU,Luxembourg,2021,2021,28170.0
A,Annual,NR,Number,T,Total,Y65-69,From 65 to 69 years,LU,Luxembourg,2022,2022,29282.0
A,Annual,NR,Number,T,Total,Y65-69,From 65 to 69 years,LU,Luxembourg,2023,2023,30295.0
A,Annual,NR,Number,T,Total,Y65-69,From 65 to 69 years,HU,Hungary,2010,2010,520321.0
A,Annual,NR,Number,T,Total,Y65-69,From 65 to 69 years,HU,Hungary,2011,2011,513370.0
A,Annual,NR,Number,T,Total,Y65-69,From 65 to 69 years,HU,Hungary,2012,2012,522346.0
A,Annual,NR,Number,T,Total,Y65-69,From 65 to 69 years,HU,Hungary,2013,2013,529080.0
A,Annual,NR,Number,T,Total,Y65-69,From 65 to 69 years,HU,Hungary,2014,2014,542724.0
A,Annual,NR,Number,T,Total,Y65-69,From 65 to 69 years,HU,Hungary,2015,2015,549994.0
A,Annual,NR,Number,T,Total,Y65-69,From 65 to 69 years,HU,Hungary,2016,2016,574929.0
A,Annual,NR,Number,T,Total,Y65-69,From 65 to 69 years,HU,Hungary,2017,2017,594774.0
A,Annual,NR,Number,T,Total,Y65-69,From 65 to 69 years,HU,Hungary,2018,2018,599015.0
A,Annual,NR,Number,T,Total,Y65-69,From 65 to 69 years,HU,Hungary,2019,2019,613448.0
A,Annual,NR,Number,T,Total,Y65-69,From 65 to 69 years,HU,Hungary,2020,2020,639639.0
A,Annual,NR,Number,T,Total,Y65-69,From 65 to 69 years,HU,Hungary,2021,2021,653326.0
A,Annual,NR,Number,T,Total,Y65-69,From 65 to 69 years,HU,Hungary,2022,2022,655592.0
A,Annual,NR,Number,T,Total,Y65-69,From 65 to 69 years,HU,Hungary,2023,2023,651120.0
A,Annual,NR,Number,T,Total,Y65-69,From 65 to 69 years,MT,Malta,2010,2010,19026.0
A,Annual,NR,Number,T,Total,Y65-69,From 65 to 69 years,MT,Malta,2011,2011,21287.0
A,Annual,NR,Number,T,Total,Y65-69,From 65 to 69 years,MT,Malta,2012,2012,24180.0
A,Annual,NR,Number,T,Total,Y65-69,From 65 to 69 years,MT,Malta,2013,2013,27415.0
A,Annual,NR,Number,T,Total,Y65-69,From 65 to 69 years,MT,Malta,2014,2014,29346.0
A,Annual,NR,Number,T,Total,Y65-69,From 65 to 69 years,MT,Malta,2015,2015,29582.0
A,Annual,NR,Number,T,Total,Y65-69,From 65 to 69 years,MT,Malta,2016,2016,29925.0
A,Annual,NR,Number,T,Total,Y65-69,From 65 to 69 years,MT,Malta,2017,2017,29677.0
A,Annual,NR,Number,T,Total,Y65-69,From 65 to 69 years,MT,Malta,2018,2018,29068.0
A,Annual,NR,Number,T,Total,Y65-69,From 65 to 69 years,MT,Malta,2019,2019,28438.0
A,Annual,NR,Number,T,Total,Y65-69,From 65 to 69 years,MT,Malta,2020,2020,28269.0
A,Annual,NR,Number,T,Total,Y65-69,From 65 to 69 years,MT,Malta,2021,2021,28051.0
A,Annual,NR,Number,T,Total,Y65-69,From 65 to 69 years,MT,Malta,2022,2022,28484.0
A,Annual,NR,Number,T,Total,Y65-69,From 65 to 69 years,MT,Malta,2023,2023,29115.0
A,Annual,NR,Number,T,Total,Y65-69,From 65 to 69 years,NL,Netherlands,2010,2010,775949.0
A,Annual,NR,Number,T,Total,Y65-69,From 65 to 69 years,NL,Netherlands,2011,2011,790560.0
A,Annual,NR,Number,T,Total,Y65-69,From 65 to 69 years,NL,Netherlands,2012,2012,874056.0
A,Annual,NR,Number,T,Total,Y65-69,From 65 to 69 years,NL,Netherlands,2013,2013,941814.0
A,Annual,NR,Number,T,Total,Y65-69,From 65 to 69 years,NL,Netherlands,2014,2014,985760.0
A,Annual,NR,Number,T,Total,Y65-69,From 65 to 69 years,NL,Netherlands,2015,2015,1014432.0
A,Annual,NR,Number,T,Total,Y65-69,From 65 to 69 years,NL,Netherlands,2016,2016,1046703.0
A,Annual,NR,Number,T,Total,Y65-69,From 65 to 69 years,NL,Netherlands,2017,2017,1015641.0
A,Annual,NR,Number,T,Total,Y65-69,From 65 to 69 years,NL,Netherlands,2018,2018,999537.0
A,Annual,NR,Number,T,Total,Y65-69,From 65 to 69 years,NL,Netherlands,2019,2019,993074.0
A,Annual,NR,Number,T,Total,Y65-69,From 65 to 69 years,NL,Netherlands,2020,2020,996048.0
A,Annual,NR,Number,T,Total,Y65-69,From 65 to 69 years,NL,Netherlands,2021,2021,1003778.0
A,Annual,NR,Number,T,Total,Y65-69,From 65 to 69 years,NL,Netherlands,2022,2022,1017316.0
A,Annual,NR,Number,T,Total,Y65-69,From 65 to 69 years,NL,Netherlands,2023,2023,1030621.0
A,Annual,NR,Number,T,Total,Y65-69,From 65 to 69 years,AT,Austria,2010,2010,463157.0
A,Annual,NR,Number,T,Total,Y65-69,From 65 to 69 years,AT,Austria,2011,2011,421955.0
A,Annual,NR,Number,T,Total,Y65-69,From 65 to 69 years,AT,Austria,2012,2012,402912.0
A,Annual,NR,Number,T,Total,Y65-69,From 65 to 69 years,AT,Austria,2013,2013,412527.0
A,Annual,NR,Number,T,Total,Y65-69,From 65 to 69 years,AT,Austria,2014,2014,420420.0
A,Annual,NR,Number,T,Total,Y65-69,From 65 to 69 years,AT,Austria,2015,2015,424860.0
A,Annual,NR,Number,T,Total,Y65-69,From 65 to 69 years,AT,Austria,2016,2016,446948.0
A,Annual,NR,Number,T,Total,Y65-69,From 65 to 69 years,AT,Austria,2017,2017,452914.0
A,Annual,NR,Number,T,Total,Y65-69,From 65 to 69 years,AT,Austria,2018,2018,448191.0
A,Annual,NR,Number,T,Total,Y65-69,From 65 to 69 years,AT,Austria,2019,2019,446045.0
A,Annual,NR,Number,T,Total,Y65-69,From 65 to 69 years,AT,Austria,2020,2020,450381.0
A,Annual,NR,Number,T,Total,Y65-69,From 65 to 69 years,AT,Austria,2021,2021,460658.0
A,Annual,NR,Number,T,Total,Y65-69,From 65 to 69 years,AT,Austria,2022,2022,479796.0
A,Annual,NR,Number,T,Total,Y65-69,From 65 to 69 years,AT,Austria,2023,2023,499991.0
A,Annual,NR,Number,T,Total,Y65-69,From 65 to 69 years,PL,Poland,2010,2010,1381199.0
A,Annual,NR,Number,T,Total,Y65-69,From 65 to 69 years,PL,Poland,2011,2011,1356932.0
A,Annual,NR,Number,T,Total,Y65-69,From 65 to 69 years,PL,Poland,2012,2012,1456489.0
A,Annual,NR,Number,T,Total,Y65-69,From 65 to 69 years,PL,Poland,2013,2013,1609702.0
A,Annual,NR,Number,T,Total,Y65-69,From 65 to 69 years,PL,Poland,2014,2014,1784722.0
A,Annual,NR,Number,T,Total,Y65-69,From 65 to 69 years,PL,Poland,2015,2015,1963067.0
A,Annual,NR,Number,T,Total,Y65-69,From 65 to 69 years,PL,Poland,2016,2016,2154130.0
A,Annual,NR,Number,T,Total,Y65-69,From 65 to 69 years,PL,Poland,2017,2017,2263567.0
A,Annual,NR,Number,T,Total,Y65-69,From 65 to 69 years,PL,Poland,2018,2018,2343022.0
A,Annual,NR,Number,T,Total,Y65-69,From 65 to 69 years,PL,Poland,2019,2019,2400297.0
A,Annual,NR,Number,T,Total,Y65-69,From 65 to 69 years,PL,Poland,2020,2020,2447824.0
A,Annual,NR,Number,T,Total,Y65-69,From 65 to 69 years,PL,Poland,2021,2021,2468255.0
A,Annual,NR,Number,T,Total,Y65-69,From 65 to 69 years,PL,Poland,2022,2022,2475341.0
A,Annual,NR,Number,T,Total,Y65-69,From 65 to 69 years,PL,Poland,2023,2023,2490145.0
A,Annual,NR,Number,T,Total,Y65-69,From 65 to 69 years,PT,Portugal,2010,2010,521732.0
A,Annual,NR,Number,T,Total,Y65-69,From 65 to 69 years,PT,Portugal,2011,2011,536679.0
A,Annual,NR,Number,T,Total,Y65-69,From 65 to 69 years,PT,Portugal,2012,2012,548611.0
A,Annual,NR,Number,T,Total,Y65-69,From 65 to 69 years,PT,Portugal,2013,2013,558976.0
A,Annual,NR,Number,T,Total,Y65-69,From 65 to 69 years,PT,Portugal,2014,2014,576221.0
A,Annual,NR,Number,T,Total,Y65-69,From 65 to 69 years,PT,Portugal,2015,2015,587504.0
A,Annual,NR,Number,T,Total,Y65-69,From 65 to 69 years,PT,Portugal,2016,2016,596549.0
A,Annual,NR,Number,T,Total,Y65-69,From 65 to 69 years,PT,Portugal,2017,2017,611614.0
A,Annual,NR,Number,T,Total,Y65-69,From 65 to 69 years,PT,Portugal,2018,2018,627359.0
A,Annual,NR,Number,T,Total,Y65-69,From 65 to 69 years,PT,Portugal,2019,2019,629274.0
A,Annual,NR,Number,T,Total,Y65-69,From 65 to 69 years,PT,Portugal,2020,2020,640844.0
A,Annual,NR,Number,T,Total,Y65-69,From 65 to 69 years,PT,Portugal,2021,2021,651769.0
A,Annual,NR,Number,T,Total,Y65-69,From 65 to 69 years,PT,Portugal,2022,2022,658158.0
A,Annual,NR,Number,T,Total,Y65-69,From 65 to 69 years,PT,Portugal,2023,2023,669746.0
A,Annual,NR,Number,T,Total,Y65-69,From 65 to 69 years,RO,Romania,2010,2010,898874.0
A,Annual,NR,Number,T,Total,Y65-69,From 65 to 69 years,RO,Romania,2011,2011,892133.0
A,Annual,NR,Number,T,Total,Y65-69,From 65 to 69 years,RO,Romania,2012,2012,889335.0
A,Annual,NR,Number,T,Total,Y65-69,From 65 to 69 years,RO,Romania,2013,2013,907768.0
A,Annual,NR,Number,T,Total,Y65-69,From 65 to 69 years,RO,Romania,2014,2014,951131.0
A,Annual,NR,Number,T,Total,Y65-69,From 65 to 69 years,RO,Romania,2015,2015,1021358.0
A,Annual,NR,Number,T,Total,Y65-69,From 65 to 69 years,RO,Romania,2016,2016,1103820.0
A,Annual,NR,Number,T,Total,Y65-69,From 65 to 69 years,RO,Romania,2017,2017,1143332.0
A,Annual,NR,Number,T,Total,Y65-69,From 65 to 69 years,RO,Romania,2018,2018,1187321.0
A,Annual,NR,Number,T,Total,Y65-69,From 65 to 69 years,RO,Romania,2019,2019,1206962.0
A,Annual,NR,Number,T,Total,Y65-69,From 65 to 69 years,RO,Romania,2020,2020,1201894.0
A,Annual,NR,Number,T,Total,Y65-69,From 65 to 69 years,RO,Romania,2021,2021,1213410.0
A,Annual,NR,Number,T,Total,Y65-69,From 65 to 69 years,RO,Romania,2022,2022,1260403.0
A,Annual,NR,Number,T,Total,Y65-69,From 65 to 69 years,RO,Romania,2023,2023,1263320.0
A,Annual,NR,Number,T,Total,Y65-69,From 65 to 69 years,SI,Slovenia,2010,2010,99032.0
A,Annual,NR,Number,T,Total,Y65-69,From 65 to 69 years,SI,Slovenia,2011,2011,93991.0
A,Annual,NR,Number,T,Total,Y65-69,From 65 to 69 years,SI,Slovenia,2012,2012,94670.0
A,Annual,NR,Number,T,Total,Y65-69,From 65 to 69 years,SI,Slovenia,2013,2013,96235.0
A,Annual,NR,Number,T,Total,Y65-69,From 65 to 69 years,SI,Slovenia,2014,2014,98733.0
A,Annual,NR,Number,T,Total,Y65-69,From 65 to 69 years,SI,Slovenia,2015,2015,104637.0
A,Annual,NR,Number,T,Total,Y65-69,From 65 to 69 years,SI,Slovenia,2016,2016,115919.0
A,Annual,NR,Number,T,Total,Y65-69,From 65 to 69 years,SI,Slovenia,2017,2017,121360.0
A,Annual,NR,Number,T,Total,Y65-69,From 65 to 69 years,SI,Slovenia,2018,2018,126209.0
A,Annual,NR,Number,T,Total,Y65-69,From 65 to 69 years,SI,Slovenia,2019,2019,131040.0
A,Annual,NR,Number,T,Total,Y65-69,From 65 to 69 years,SI,Slovenia,2020,2020,134197.0
A,Annual,NR,Number,T,Total,Y65-69,From 65 to 69 years,SI,Slovenia,2021,2021,136527.0
A,Annual,NR,Number,T,Total,Y65-69,From 65 to 69 years,SI,Slovenia,2022,2022,138335.0
A,Annual,NR,Number,T,Total,Y65-69,From 65 to 69 years,SI,Slovenia,2023,2023,138520.0
A,Annual,NR,Number,T,Total,Y65-69,From 65 to 69 years,SK,Slovakia,2010,2010,216423.0
A,Annual,NR,Number,T,Total,Y65-69,From 65 to 69 years,SK,Slovakia,2011,2011,217573.0
A,Annual,NR,Number,T,Total,Y65-69,From 65 to 69 years,SK,Slovakia,2012,2012,221774.0
A,Annual,NR,Number,T,Total,Y65-69,From 65 to 69 years,SK,Slovakia,2013,2013,233677.0
A,Annual,NR,Number,T,Total,Y65-69,From 65 to 69 years,SK,Slovakia,2014,2014,247763.0
A,Annual,NR,Number,T,Total,Y65-69,From 65 to 69 years,SK,Slovakia,2015,2015,259958.0
A,Annual,NR,Number,T,Total,Y65-69,From 65 to 69 years,SK,Slovakia,2016,2016,278833.0
A,Annual,NR,Number,T,Total,Y65-69,From 65 to 69 years,SK,Slovakia,2017,2017,297613.0
A,Annual,NR,Number,T,Total,Y65-69,From 65 to 69 years,SK,Slovakia,2018,2018,310141.0
A,Annual,NR,Number,T,Total,Y65-69,From 65 to 69 years,SK,Slovakia,2019,2019,319800.0
A,Annual,NR,Number,T,Total,Y65-69,From 65 to 69 years,SK,Slovakia,2020,2020,329405.0
A,Annual,NR,Number,T,Total,Y65-69,From 65 to 69 years,SK,Slovakia,2021,2021,334976.0
A,Annual,NR,Number,T,Total,Y65-69,From 65 to 69 years,SK,Slovakia,2022,2022,338413.0
A,Annual,NR,Number,T,Total,Y65-69,From 65 to 69 years,SK,Slovakia,2023,2023,339126.0
A,Annual,NR,Number,T,Total,Y65-69,From 65 to 69 years,FI,Finland,2010,2010,258319.0
A,Annual,NR,Number,T,Total,Y65-69,From 65 to 69 years,FI,Finland,2011,2011,281997.0
A,Annual,NR,Number,T,Total,Y65-69,From 65 to 69 years,FI,Finland,2012,2012,296656.0
A,Annual,NR,Number,T,Total,Y65-69,From 65 to 69 years,FI,Finland,2013,2013,331528.0
A,Annual,NR,Number,T,Total,Y65-69,From 65 to 69 years,FI,Finland,2014,2014,356236.0
A,Annual,NR,Number,T,Total,Y65-69,From 65 to 69 years,FI,Finland,2015,2015,376614.0
A,Annual,NR,Number,T,Total,Y65-69,From 65 to 69 years,FI,Finland,2016,2016,381263.0
A,Annual,NR,Number,T,Total,Y65-69,From 65 to 69 years,FI,Finland,2017,2017,375219.0
A,Annual,NR,Number,T,Total,Y65-69,From 65 to 69 years,FI,Finland,2018,2018,370001.0
A,Annual,NR,Number,T,Total,Y65-69,From 65 to 69 years,FI,Finland,2019,2019,362208.0
A,Annual,NR,Number,T,Total,Y65-69,From 65 to 69 years,FI,Finland,2020,2020,356960.0
A,Annual,NR,Number,T,Total,Y65-69,From 65 to 69 years,FI,Finland,2021,2021,353975.0
A,Annual,NR,Number,T,Total,Y65-69,From 65 to 69 years,FI,Finland,2022,2022,354164.0
A,Annual,NR,Number,T,Total,Y65-69,From 65 to 69 years,FI,Finland,2023,2023,349928.0
A,Annual,NR,Number,T,Total,Y65-69,From 65 to 69 years,SE,Sweden,2010,2010,513757.0
A,Annual,NR,Number,T,Total,Y65-69,From 65 to 69 years,SE,Sweden,2011,2011,547685.0
A,Annual,NR,Number,T,Total,Y65-69,From 65 to 69 years,SE,Sweden,2012,2012,578463.0
A,Annual,NR,Number,T,Total,Y65-69,From 65 to 69 years,SE,Sweden,2013,2013,595931.0
A,Annual,NR,Number,T,Total,Y65-69,From 65 to 69 years,SE,Sweden,2014,2014,603356.0
A,Annual,NR,Number,T,Total,Y65-69,From 65 to 69 years,SE,Sweden,2015,2015,599138.0
A,Annual,NR,Number,T,Total,Y65-69,From 65 to 69 years,SE,Sweden,2016,2016,588931.0
A,Annual,NR,Number,T,Total,Y65-69,From 65 to 69 years,SE,Sweden,2017,2017,573266.0
A,Annual,NR,Number,T,Total,Y65-69,From 65 to 69 years,SE,Sweden,2018,2018,560392.0
A,Annual,NR,Number,T,Total,Y65-69,From 65 to 69 years,SE,Sweden,2019,2019,549311.0
A,Annual,NR,Number,T,Total,Y65-69,From 65 to 69 years,SE,Sweden,2020,2020,540048.0
A,Annual,NR,Number,T,Total,Y65-69,From 65 to 69 years,SE,Sweden,2021,2021,536734.0
A,Annual,NR,Number,T,Total,Y65-69,From 65 to 69 years,SE,Sweden,2022,2022,540220.0
A,Annual,NR,Number,T,Total,Y65-69,From 65 to 69 years,SE,Sweden,2023,2023,542740.0
A,Annual,NR,Number,T,Total,Y70-74,From 70 to 74 years,BE,Belgium,2010,2010,453287.0
A,Annual,NR,Number,T,Total,Y70-74,From 70 to 74 years,BE,Belgium,2011,2011,448375.0
A,Annual,NR,Number,T,Total,Y70-74,From 70 to 74 years,BE,Belgium,2012,2012,433413.0
A,Annual,NR,Number,T,Total,Y70-74,From 70 to 74 years,BE,Belgium,2013,2013,423593.0
A,Annual,NR,Number,T,Total,Y70-74,From 70 to 74 years,BE,Belgium,2014,2014,422207.0
A,Annual,NR,Number,T,Total,Y70-74,From 70 to 74 years,BE,Belgium,2015,2015,427869.0
A,Annual,NR,Number,T,Total,Y70-74,From 70 to 74 years,BE,Belgium,2016,2016,440336.0
A,Annual,NR,Number,T,Total,Y70-74,From 70 to 74 years,BE,Belgium,2017,2017,478946.0
A,Annual,NR,Number,T,Total,Y70-74,From 70 to 74 years,BE,Belgium,2018,2018,509719.0
A,Annual,NR,Number,T,Total,Y70-74,From 70 to 74 years,BE,Belgium,2019,2019,531538.0
A,Annual,NR,Number,T,Total,Y70-74,From 70 to 74 years,BE,Belgium,2020,2020,547046.0
A,Annual,NR,Number,T,Total,Y70-74,From 70 to 74 years,BE,Belgium,2021,2021,561511.0
A,Annual,NR,Number,T,Total,Y70-74,From 70 to 74 years,BE,Belgium,2022,2022,559271.0
A,Annual,NR,Number,T,Total,Y70-74,From 70 to 74 years,BE,Belgium,2023,2023,563450.0
A,Annual,NR,Number,T,Total,Y70-74,From 70 to 74 years,BG,Bulgaria,2010,2010,348412.0
A,Annual,NR,Number,T,Total,Y70-74,From 70 to 74 years,BG,Bulgaria,2011,2011,345485.0
A,Annual,NR,Number,T,Total,Y70-74,From 70 to 74 years,BG,Bulgaria,2012,2012,340532.0
A,Annual,NR,Number,T,Total,Y70-74,From 70 to 74 years,BG,Bulgaria,2013,2013,344174.0
A,Annual,NR,Number,T,Total,Y70-74,From 70 to 74 years,BG,Bulgaria,2014,2014,346788.0
A,Annual,NR,Number,T,Total,Y70-74,From 70 to 74 years,BG,Bulgaria,2015,2015,352241.0
A,Annual,NR,Number,T,Total,Y70-74,From 70 to 74 years,BG,Bulgaria,2016,2016,357208.0
A,Annual,NR,Number,T,Total,Y70-74,From 70 to 74 years,BG,Bulgaria,2017,2017,375012.0
A,Annual,NR,Number,T,Total,Y70-74,From 70 to 74 years,BG,Bulgaria,2018,2018,387166.0
A,Annual,NR,Number,T,Total,Y70-74,From 70 to 74 years,BG,Bulgaria,2019,2019,402198.0
A,Annual,NR,Number,T,Total,Y70-74,From 70 to 74 years,BG,Bulgaria,2020,2020,417629.0
A,Annual,NR,Number,T,Total,Y70-74,From 70 to 74 years,BG,Bulgaria,2021,2021,433036.0
A,Annual,NR,Number,T,Total,Y70-74,From 70 to 74 years,BG,Bulgaria,2022,2022,426282.0
A,Annual,NR,Number,T,Total,Y70-74,From 70 to 74 years,BG,Bulgaria,2023,2023,423021.0
A,Annual,NR,Number,T,Total,Y70-74,From 70 to 74 years,CZ,Czechia,2010,2010,368041.0
A,Annual,NR,Number,T,Total,Y70-74,From 70 to 74 years,CZ,Czechia,2011,2011,384438.0
A,Annual,NR,Number,T,Total,Y70-74,From 70 to 74 years,CZ,Czechia,2012,2012,402749.0
A,Annual,NR,Number,T,Total,Y70-74,From 70 to 74 years,CZ,Czechia,2013,2013,423602.0
A,Annual,NR,Number,T,Total,Y70-74,From 70 to 74 years,CZ,Czechia,2014,2014,452772.0
A,Annual,NR,Number,T,Total,Y70-74,From 70 to 74 years,CZ,Czechia,2015,2015,482043.0
A,Annual,NR,Number,T,Total,Y70-74,From 70 to 74 years,CZ,Czechia,2016,2016,495189.0
A,Annual,NR,Number,T,Total,Y70-74,From 70 to 74 years,CZ,Czechia,2017,2017,532653.0
A,Annual,NR,Number,T,Total,Y70-74,From 70 to 74 years,CZ,Czechia,2018,2018,569661.0
A,Annual,NR,Number,T,Total,Y70-74,From 70 to 74 years,CZ,Czechia,2019,2019,589873.0
A,Annual,NR,Number,T,Total,Y70-74,From 70 to 74 years,CZ,Czechia,2020,2020,602974.0
A,Annual,NR,Number,T,Total,Y70-74,From 70 to 74 years,CZ,Czechia,2021,2021,619783.0
A,Annual,NR,Number,T,Total,Y70-74,From 70 to 74 years,CZ,Czechia,2022,2022,615177.0
A,Annual,NR,Number,T,Total,Y70-74,From 70 to 74 years,CZ,Czechia,2023,2023,612885.0
A,Annual,NR,Number,T,Total,Y70-74,From 70 to 74 years,DK,Denmark,2010,2010,216868.0
A,Annual,NR,Number,T,Total,Y70-74,From 70 to 74 years,DK,Denmark,2011,2011,223846.0
A,Annual,NR,Number,T,Total,Y70-74,From 70 to 74 years,DK,Denmark,2012,2012,230590.0
A,Annual,NR,Number,T,Total,Y70-74,From 70 to 74 years,DK,Denmark,2013,2013,241994.0
A,Annual,NR,Number,T,Total,Y70-74,From 70 to 74 years,DK,Denmark,2014,2014,255367.0
A,Annual,NR,Number,T,Total,Y70-74,From 70 to 74 years,DK,Denmark,2015,2015,273446.0
A,Annual,NR,Number,T,Total,Y70-74,From 70 to 74 years,DK,Denmark,2016,2016,292443.0
A,Annual,NR,Number,T,Total,Y70-74,From 70 to 74 years,DK,Denmark,2017,2017,312288.0
A,Annual,NR,Number,T,Total,Y70-74,From 70 to 74 years,DK,Denmark,2018,2018,324093.0
A,Annual,NR,Number,T,Total,Y70-74,From 70 to 74 years,DK,Denmark,2019,2019,328265.0
A,Annual,NR,Number,T,Total,Y70-74,From 70 to 74 years,DK,Denmark,2020,2020,324554.0
A,Annual,NR,Number,T,Total,Y70-74,From 70 to 74 years,DK,Denmark,2021,2021,317771.0
A,Annual,NR,Number,T,Total,Y70-74,From 70 to 74 years,DK,Denmark,2022,2022,306526.0
A,Annual,NR,Number,T,Total,Y70-74,From 70 to 74 years,DK,Denmark,2023,2023,298794.0
A,Annual,NR,Number,T,Total,Y70-74,From 70 to 74 years,DE,Germany,2010,2010,4739924.0
A,Annual,NR,Number,T,Total,Y70-74,From 70 to 74 years,DE,Germany,2011,2011,4866691.0
A,Annual,NR,Number,T,Total,Y70-74,From 70 to 74 years,DE,Germany,2012,2012,4952544.0
A,Annual,NR,Number,T,Total,Y70-74,From 70 to 74 years,DE,Germany,2013,2013,4826272.0
A,Annual,NR,Number,T,Total,Y70-74,From 70 to 74 years,DE,Germany,2014,2014,4664320.0
A,Annual,NR,Number,T,Total,Y70-74,From 70 to 74 years,DE,Germany,2015,2015,4426214.0
A,Annual,NR,Number,T,Total,Y70-74,From 70 to 74 years,DE,Germany,2016,2016,3969193.0
A,Annual,NR,Number,T,Total,Y70-74,From 70 to 74 years,DE,Germany,2017,2017,3654937.0
A,Annual,NR,Number,T,Total,Y70-74,From 70 to 74 years,DE,Germany,2018,2018,3611909.0
A,Annual,NR,Number,T,Total,Y70-74,From 70 to 74 years,DE,Germany,2019,2019,3596545.0
A,Annual,NR,Number,T,Total,Y70-74,From 70 to 74 years,DE,Germany,2020,2020,3674095.0
A,Annual,NR,Number,T,Total,Y70-74,From 70 to 74 years,DE,Germany,2021,2021,3968070.0
A,Annual,NR,Number,T,Total,Y70-74,From 70 to 74 years,DE,Germany,2022,2022,4173292.0
A,Annual,NR,Number,T,Total,Y70-74,From 70 to 74 years,DE,Germany,2023,2023,4295215.0
A,Annual,NR,Number,T,Total,Y70-74,From 70 to 74 years,EE,Estonia,2010,2010,65020.0
A,Annual,NR,Number,T,Total,Y70-74,From 70 to 74 years,EE,Estonia,2011,2011,65420.0
A,Annual,NR,Number,T,Total,Y70-74,From 70 to 74 years,EE,Estonia,2012,2012,66860.0
A,Annual,NR,Number,T,Total,Y70-74,From 70 to 74 years,EE,Estonia,2013,2013,64688.0
A,Annual,NR,Number,T,Total,Y70-74,From 70 to 74 years,EE,Estonia,2014,2014,60720.0
A,Annual,NR,Number,T,Total,Y70-74,From 70 to 74 years,EE,Estonia,2015,2015,57028.0
A,Annual,NR,Number,T,Total,Y70-74,From 70 to 74 years,EE,Estonia,2016,2016,54248.0
A,Annual,NR,Number,T,Total,Y70-74,From 70 to 74 years,EE,Estonia,2017,2017,52762.0
A,Annual,NR,Number,T,Total,Y70-74,From 70 to 74 years,EE,Estonia,2018,2018,54277.0
A,Annual,NR,Number,T,Total,Y70-74,From 70 to 74 years,EE,Estonia,2019,2019,58104.0
A,Annual,NR,Number,T,Total,Y70-74,From 70 to 74 years,EE,Estonia,2020,2020,62709.0
A,Annual,NR,Number,T,Total,Y70-74,From 70 to 74 years,EE,Estonia,2021,2021,66419.0
A,Annual,NR,Number,T,Total,Y70-74,From 70 to 74 years,EE,Estonia,2022,2022,68117.0
A,Annual,NR,Number,T,Total,Y70-74,From 70 to 74 years,EE,Estonia,2023,2023,69472.0
A,Annual,NR,Number,T,Total,Y70-74,From 70 to 74 years,IE,Ireland,2010,2010,126904.0
A,Annual,NR,Number,T,Total,Y70-74,From 70 to 74 years,IE,Ireland,2011,2011,129521.0
A,Annual,NR,Number,T,Total,Y70-74,From 70 to 74 years,IE,Ireland,2012,2012,132476.0
A,Annual,NR,Number,T,Total,Y70-74,From 70 to 74 years,IE,Ireland,2013,2013,137408.0
A,Annual,NR,Number,T,Total,Y70-74,From 70 to 74 years,IE,Ireland,2014,2014,142932.0
A,Annual,NR,Number,T,Total,Y70-74,From 70 to 74 years,IE,Ireland,2015,2015,149225.0
A,Annual,NR,Number,T,Total,Y70-74,From 70 to 74 years,IE,Ireland,2016,2016,157500.0
A,Annual,NR,Number,T,Total,Y70-74,From 70 to 74 years,IE,Ireland,2017,2017,168167.0
A,Annual,NR,Number,T,Total,Y70-74,From 70 to 74 years,IE,Ireland,2018,2018,176927.0
A,Annual,NR,Number,T,Total,Y70-74,From 70 to 74 years,IE,Ireland,2019,2019,184767.0
A,Annual,NR,Number,T,Total,Y70-74,From 70 to 74 years,IE,Ireland,2020,2020,191520.0
A,Annual,NR,Number,T,Total,Y70-74,From 70 to 74 years,IE,Ireland,2021,2021,195722.0
A,Annual,NR,Number,T,Total,Y70-74,From 70 to 74 years,IE,Ireland,2022,2022,202709.0
A,Annual,NR,Number,T,Total,Y70-74,From 70 to 74 years,IE,Ireland,2023,2023,208673.0
A,Annual,NR,Number,T,Total,Y70-74,From 70 to 74 years,EL,Greece,2010,2010,558427.0
A,Annual,NR,Number,T,Total,Y70-74,From 70 to 74 years,EL,Greece,2012,2012,530740.0
A,Annual,NR,Number,T,Total,Y70-74,From 70 to 74 years,EL,Greece,2013,2013,506291.0
A,Annual,NR,Number,T,Total,Y70-74,From 70 to 74 years,EL,Greece,2014,2014,484112.0
A,Annual,NR,Number,T,Total,Y70-74,From 70 to 74 years,EL,Greece,2015,2015,477057.0
A,Annual,NR,Number,T,Total,Y70-74,From 70 to 74 years,EL,Greece,2016,2016,481505.0
A,Annual,NR,Number,T,Total,Y70-74,From 70 to 74 years,EL,Greece,2017,2017,505824.0
A,Annual,NR,Number,T,Total,Y70-74,From 70 to 74 years,EL,Greece,2018,2018,534416.0
A,Annual,NR,Number,T,Total,Y70-74,From 70 to 74 years,EL,Greece,2019,2019,556868.0
A,Annual,NR,Number,T,Total,Y70-74,From 70 to 74 years,EL,Greece,2020,2020,560527.0
A,Annual,NR,Number,T,Total,Y70-74,From 70 to 74 years,EL,Greece,2021,2021,561451.0
A,Annual,NR,Number,T,Total,Y70-74,From 70 to 74 years,EL,Greece,2022,2022,553080.0
A,Annual,NR,Number,T,Total,Y70-74,From 70 to 74 years,EL,Greece,2023,2023,548626.0
A,Annual,NR,Number,T,Total,Y70-74,From 70 to 74 years,ES,Spain,2010,2010,1738574.0
A,Annual,NR,Number,T,Total,Y70-74,From 70 to 74 years,ES,Spain,2011,2011,1768965.0
A,Annual,NR,Number,T,Total,Y70-74,From 70 to 74 years,ES,Spain,2012,2012,1710595.0
A,Annual,NR,Number,T,Total,Y70-74,From 70 to 74 years,ES,Spain,2013,2013,1711640.0
A,Annual,NR,Number,T,Total,Y70-74,From 70 to 74 years,ES,Spain,2014,2014,1806428.0
A,Annual,NR,Number,T,Total,Y70-74,From 70 to 74 years,ES,Spain,2015,2015,1943723.0
A,Annual,NR,Number,T,Total,Y70-74,From 70 to 74 years,ES,Spain,2016,2016,1968800.0
A,Annual,NR,Number,T,Total,Y70-74,From 70 to 74 years,ES,Spain,2017,2017,2047360.0
A,Annual,NR,Number,T,Total,Y70-74,From 70 to 74 years,ES,Spain,2018,2018,2117896.0
A,Annual,NR,Number,T,Total,Y70-74,From 70 to 74 years,ES,Spain,2019,2019,2177047.0
A,Annual,NR,Number,T,Total,Y70-74,From 70 to 74 years,ES,Spain,2020,2020,2212376.0
A,Annual,NR,Number,T,Total,Y70-74,From 70 to 74 years,ES,Spain,2021,2021,2203067.0
A,Annual,NR,Number,T,Total,Y70-74,From 70 to 74 years,ES,Spain,2022,2022,2229420.0
A,Annual,NR,Number,T,Total,Y70-74,From 70 to 74 years,ES,Spain,2023,2023,2271259.0
A,Annual,NR,Number,T,Total,Y70-74,From 70 to 74 years,FR,France,2010,2010,2464729.0
A,Annual,NR,Number,T,Total,Y70-74,From 70 to 74 years,FR,France,2011,2011,2431414.0
A,Annual,NR,Number,T,Total,Y70-74,From 70 to 74 years,FR,France,2012,2012,2372182.0
A,Annual,NR,Number,T,Total,Y70-74,From 70 to 74 years,FR,France,2013,2013,2371924.0
A,Annual,NR,Number,T,Total,Y70-74,From 70 to 74 years,FR,France,2014,2014,2404680.0
A,Annual,NR,Number,T,Total,Y70-74,From 70 to 74 years,FR,France,2015,2015,2447800.0
A,Annual,NR,Number,T,Total,Y70-74,From 70 to 74 years,FR,France,2016,2016,2521430.0
A,Annual,NR,Number,T,Total,Y70-74,From 70 to 74 years,FR,France,2017,2017,2785807.0
A,Annual,NR,Number,T,Total,Y70-74,From 70 to 74 years,FR,France,2018,2018,3037754.0
A,Annual,NR,Number,T,Total,Y70-74,From 70 to 74 years,FR,France,2019,2019,3270564.0
A,Annual,NR,Number,T,Total,Y70-74,From 70 to 74 years,FR,France,2020,2020,3486623.0
A,Annual,NR,Number,T,Total,Y70-74,From 70 to 74 years,FR,France,2021,2021,3699086.0
A,Annual,NR,Number,T,Total,Y70-74,From 70 to 74 years,FR,France,2022,2022,3719823.0
A,Annual,NR,Number,T,Total,Y70-74,From 70 to 74 years,FR,France,2023,2023,3715557.0
A,Annual,NR,Number,T,Total,Y70-74,From 70 to 74 years,HR,Croatia,2010,2010,216003.0
A,Annual,NR,Number,T,Total,Y70-74,From 70 to 74 years,HR,Croatia,2011,2011,213913.0
A,Annual,NR,Number,T,Total,Y70-74,From 70 to 74 years,HR,Croatia,2012,2012,209148.0
A,Annual,NR,Number,T,Total,Y70-74,From 70 to 74 years,HR,Croatia,2013,2013,206326.0
A,Annual,NR,Number,T,Total,Y70-74,From 70 to 74 years,HR,Croatia,2014,2014,200897.0
A,Annual,NR,Number,T,Total,Y70-74,From 70 to 74 years,HR,Croatia,2015,2015,191912.0
A,Annual,NR,Number,T,Total,Y70-74,From 70 to 74 years,HR,Croatia,2016,2016,179921.0
A,Annual,NR,Number,T,Total,Y70-74,From 70 to 74 years,HR,Croatia,2017,2017,180925.0
A,Annual,NR,Number,T,Total,Y70-74,From 70 to 74 years,HR,Croatia,2018,2018,183729.0
A,Annual,NR,Number,T,Total,Y70-74,From 70 to 74 years,HR,Croatia,2019,2019,191514.0
A,Annual,NR,Number,T,Total,Y70-74,From 70 to 74 years,HR,Croatia,2020,2020,206193.0
A,Annual,NR,Number,T,Total,Y70-74,From 70 to 74 years,HR,Croatia,2021,2021,223587.0
A,Annual,NR,Number,T,Total,Y70-74,From 70 to 74 years,HR,Croatia,2022,2022,227474.0
A,Annual,NR,Number,T,Total,Y70-74,From 70 to 74 years,HR,Croatia,2023,2023,233017.0
A,Annual,NR,Number,T,Total,Y70-74,From 70 to 74 years,IT,Italy,2010,2010,3037941.0
A,Annual,NR,Number,T,Total,Y70-74,From 70 to 74 years,IT,Italy,2011,2011,3106471.0
A,Annual,NR,Number,T,Total,Y70-74,From 70 to 74 years,IT,Italy,2012,2012,3127001.0
A,Annual,NR,Number,T,Total,Y70-74,From 70 to 74 years,IT,Italy,2013,2013,3104623.0
A,Annual,NR,Number,T,Total,Y70-74,From 70 to 74 years,IT,Italy,2014,2014,3041127.0
A,Annual,NR,Number,T,Total,Y70-74,From 70 to 74 years,IT,Italy,2015,2015,2958073.0
A,Annual,NR,Number,T,Total,Y70-74,From 70 to 74 years,IT,Italy,2016,2016,2848705.0
A,Annual,NR,Number,T,Total,Y70-74,From 70 to 74 years,IT,Italy,2017,2017,2965634.0
A,Annual,NR,Number,T,Total,Y70-74,From 70 to 74 years,IT,Italy,2018,2018,3083893.0
A,Annual,NR,Number,T,Total,Y70-74,From 70 to 74 years,IT,Italy,2019,2019,3215420.0
A,Annual,NR,Number,T,Total,Y70-74,From 70 to 74 years,IT,Italy,2020,2020,3324360.0
A,Annual,NR,Number,T,Total,Y70-74,From 70 to 74 years,IT,Italy,2021,2021,3441171.0
A,Annual,NR,Number,T,Total,Y70-74,From 70 to 74 years,IT,Italy,2022,2022,3368919.0
A,Annual,NR,Number,T,Total,Y70-74,From 70 to 74 years,IT,Italy,2023,2023,3312180.0
A,Annual,NR,Number,T,Total,Y70-74,From 70 to 74 years,CY,Cyprus,2010,2010,26949.0
A,Annual,NR,Number,T,Total,Y70-74,From 70 to 74 years,CY,Cyprus,2011,2011,28257.0
A,Annual,NR,Number,T,Total,Y70-74,From 70 to 74 years,CY,Cyprus,2012,2012,29334.0
A,Annual,NR,Number,T,Total,Y70-74,From 70 to 74 years,CY,Cyprus,2013,2013,29947.0
A,Annual,NR,Number,T,Total,Y70-74,From 70 to 74 years,CY,Cyprus,2014,2014,30328.0
A,Annual,NR,Number,T,Total,Y70-74,From 70 to 74 years,CY,Cyprus,2015,2015,31097.0
A,Annual,NR,Number,T,Total,Y70-74,From 70 to 74 years,CY,Cyprus,2016,2016,31667.0
A,Annual,NR,Number,T,Total,Y70-74,From 70 to 74 years,CY,Cyprus,2017,2017,33635.0
A,Annual,NR,Number,T,Total,Y70-74,From 70 to 74 years,CY,Cyprus,2018,2018,36329.0
A,Annual,NR,Number,T,Total,Y70-74,From 70 to 74 years,CY,Cyprus,2019,2019,39019.0
A,Annual,NR,Number,T,Total,Y70-74,From 70 to 74 years,CY,Cyprus,2020,2020,40523.0
A,Annual,NR,Number,T,Total,Y70-74,From 70 to 74 years,CY,Cyprus,2021,2021,42039.0
A,Annual,NR,Number,T,Total,Y70-74,From 70 to 74 years,CY,Cyprus,2022,2022,42429.0
A,Annual,NR,Number,T,Total,Y70-74,From 70 to 74 years,CY,Cyprus,2023,2023,42985.0
A,Annual,NR,Number,T,Total,Y70-74,From 70 to 74 years,LV,Latvia,2010,2010,107557.0
A,Annual,NR,Number,T,Total,Y70-74,From 70 to 74 years,LV,Latvia,2011,2011,109320.0
A,Annual,NR,Number,T,Total,Y70-74,From 70 to 74 years,LV,Latvia,2012,2012,110462.0
A,Annual,NR,Number,T,Total,Y70-74,From 70 to 74 years,LV,Latvia,2013,2013,108169.0
A,Annual,NR,Number,T,Total,Y70-74,From 70 to 74 years,LV,Latvia,2014,2014,103689.0
A,Annual,NR,Number,T,Total,Y70-74,From 70 to 74 years,LV,Latvia,2015,2015,98023.0
A,Annual,NR,Number,T,Total,Y70-74,From 70 to 74 years,LV,Latvia,2016,2016,91871.0
A,Annual,NR,Number,T,Total,Y70-74,From 70 to 74 years,LV,Latvia,2017,2017,86241.0
A,Annual,NR,Number,T,Total,Y70-74,From 70 to 74 years,LV,Latvia,2018,2018,84730.0
A,Annual,NR,Number,T,Total,Y70-74,From 70 to 74 years,LV,Latvia,2019,2019,86232.0
A,Annual,NR,Number,T,Total,Y70-74,From 70 to 74 years,LV,Latvia,2020,2020,90370.0
A,Annual,NR,Number,T,Total,Y70-74,From 70 to 74 years,LV,Latvia,2021,2021,93795.0
A,Annual,NR,Number,T,Total,Y70-74,From 70 to 74 years,LV,Latvia,2022,2022,96013.0
A,Annual,NR,Number,T,Total,Y70-74,From 70 to 74 years,LV,Latvia,2023,2023,97730.0
A,Annual,NR,Number,T,Total,Y70-74,From 70 to 74 years,LT,Lithuania,2010,2010,146423.0
A,Annual,NR,Number,T,Total,Y70-74,From 70 to 74 years,LT,Lithuania,2011,2011,145215.0
A,Annual,NR,Number,T,Total,Y70-74,From 70 to 74 years,LT,Lithuania,2012,2012,143537.0
A,Annual,NR,Number,T,Total,Y70-74,From 70 to 74 years,LT,Lithuania,2013,2013,143137.0
A,Annual,NR,Number,T,Total,Y70-74,From 70 to 74 years,LT,Lithuania,2014,2014,139444.0
A,Annual,NR,Number,T,Total,Y70-74,From 70 to 74 years,LT,Lithuania,2015,2015,132841.0
A,Annual,NR,Number,T,Total,Y70-74,From 70 to 74 years,LT,Lithuania,2016,2016,129996.0
A,Annual,NR,Number,T,Total,Y70-74,From 70 to 74 years,LT,Lithuania,2017,2017,124109.0
A,Annual,NR,Number,T,Total,Y70-74,From 70 to 74 years,LT,Lithuania,2018,2018,119334.0
A,Annual,NR,Number,T,Total,Y70-74,From 70 to 74 years,LT,Lithuania,2019,2019,119753.0
A,Annual,NR,Number,T,Total,Y70-74,From 70 to 74 years,LT,Lithuania,2020,2020,126862.0
A,Annual,NR,Number,T,Total,Y70-74,From 70 to 74 years,LT,Lithuania,2021,2021,132007.0
A,Annual,NR,Number,T,Total,Y70-74,From 70 to 74 years,LT,Lithuania,2022,2022,135904.0
A,Annual,NR,Number,T,Total,Y70-74,From 70 to 74 years,LT,Lithuania,2023,2023,140091.0
A,Annual,NR,Number,T,Total,Y70-74,From 70 to 74 years,LU,Luxembourg,2010,2010,17338.0
A,Annual,NR,Number,T,Total,Y70-74,From 70 to 74 years,LU,Luxembourg,2011,2011,17529.0
A,Annual,NR,Number,T,Total,Y70-74,From 70 to 74 years,LU,Luxembourg,2012,2012,17625.0
A,Annual,NR,Number,T,Total,Y70-74,From 70 to 74 years,LU,Luxembourg,2013,2013,17915.0
A,Annual,NR,Number,T,Total,Y70-74,From 70 to 74 years,LU,Luxembourg,2014,2014,18303.0
A,Annual,NR,Number,T,Total,Y70-74,From 70 to 74 years,LU,Luxembourg,2015,2015,18421.0
A,Annual,NR,Number,T,Total,Y70-74,From 70 to 74 years,LU,Luxembourg,2016,2016,18604.0
A,Annual,NR,Number,T,Total,Y70-74,From 70 to 74 years,LU,Luxembourg,2017,2017,19527.0
A,Annual,NR,Number,T,Total,Y70-74,From 70 to 74 years,LU,Luxembourg,2018,2018,20228.0
A,Annual,NR,Number,T,Total,Y70-74,From 70 to 74 years,LU,Luxembourg,2019,2019,21074.0
A,Annual,NR,Number,T,Total,Y70-74,From 70 to 74 years,LU,Luxembourg,2020,2020,22060.0
A,Annual,NR,Number,T,Total,Y70-74,From 70 to 74 years,LU,Luxembourg,2021,2021,23004.0
A,Annual,NR,Number,T,Total,Y70-74,From 70 to 74 years,LU,Luxembourg,2022,2022,23376.0
A,Annual,NR,Number,T,Total,Y70-74,From 70 to 74 years,LU,Luxembourg,2023,2023,24075.0
A,Annual,NR,Number,T,Total,Y70-74,From 70 to 74 years,HU,Hungary,2010,2010,409179.0
A,Annual,NR,Number,T,Total,Y70-74,From 70 to 74 years,HU,Hungary,2011,2011,417170.0
A,Annual,NR,Number,T,Total,Y70-74,From 70 to 74 years,HU,Hungary,2012,2012,425318.0
A,Annual,NR,Number,T,Total,Y70-74,From 70 to 74 years,HU,Hungary,2013,2013,437287.0
A,Annual,NR,Number,T,Total,Y70-74,From 70 to 74 years,HU,Hungary,2014,2014,444808.0
A,Annual,NR,Number,T,Total,Y70-74,From 70 to 74 years,HU,Hungary,2015,2015,459262.0
A,Annual,NR,Number,T,Total,Y70-74,From 70 to 74 years,HU,Hungary,2016,2016,454861.0
A,Annual,NR,Number,T,Total,Y70-74,From 70 to 74 years,HU,Hungary,2017,2017,454549.0
A,Annual,NR,Number,T,Total,Y70-74,From 70 to 74 years,HU,Hungary,2018,2018,460191.0
A,Annual,NR,Number,T,Total,Y70-74,From 70 to 74 years,HU,Hungary,2019,2019,471995.0
A,Annual,NR,Number,T,Total,Y70-74,From 70 to 74 years,HU,Hungary,2020,2020,478877.0
A,Annual,NR,Number,T,Total,Y70-74,From 70 to 74 years,HU,Hungary,2021,2021,499281.0
A,Annual,NR,Number,T,Total,Y70-74,From 70 to 74 years,HU,Hungary,2022,2022,512903.0
A,Annual,NR,Number,T,Total,Y70-74,From 70 to 74 years,HU,Hungary,2023,2023,516114.0
A,Annual,NR,Number,T,Total,Y70-74,From 70 to 74 years,MT,Malta,2010,2010,16602.0
A,Annual,NR,Number,T,Total,Y70-74,From 70 to 74 years,MT,Malta,2011,2011,16612.0
A,Annual,NR,Number,T,Total,Y70-74,From 70 to 74 years,MT,Malta,2012,2012,16058.0
A,Annual,NR,Number,T,Total,Y70-74,From 70 to 74 years,MT,Malta,2013,2013,15265.0
A,Annual,NR,Number,T,Total,Y70-74,From 70 to 74 years,MT,Malta,2014,2014,15747.0
A,Annual,NR,Number,T,Total,Y70-74,From 70 to 74 years,MT,Malta,2015,2015,17843.0
A,Annual,NR,Number,T,Total,Y70-74,From 70 to 74 years,MT,Malta,2016,2016,20051.0
A,Annual,NR,Number,T,Total,Y70-74,From 70 to 74 years,MT,Malta,2017,2017,22791.0
A,Annual,NR,Number,T,Total,Y70-74,From 70 to 74 years,MT,Malta,2018,2018,25854.0
A,Annual,NR,Number,T,Total,Y70-74,From 70 to 74 years,MT,Malta,2019,2019,27667.0
A,Annual,NR,Number,T,Total,Y70-74,From 70 to 74 years,MT,Malta,2020,2020,27848.0
A,Annual,NR,Number,T,Total,Y70-74,From 70 to 74 years,MT,Malta,2021,2021,28088.0
A,Annual,NR,Number,T,Total,Y70-74,From 70 to 74 years,MT,Malta,2022,2022,27715.0
A,Annual,NR,Number,T,Total,Y70-74,From 70 to 74 years,MT,Malta,2023,2023,27262.0
A,Annual,NR,Number,T,Total,Y70-74,From 70 to 74 years,NL,Netherlands,2010,2010,618558.0
A,Annual,NR,Number,T,Total,Y70-74,From 70 to 74 years,NL,Netherlands,2011,2011,637518.0
A,Annual,NR,Number,T,Total,Y70-74,From 70 to 74 years,NL,Netherlands,2012,2012,649753.0
A,Annual,NR,Number,T,Total,Y70-74,From 70 to 74 years,NL,Netherlands,2013,2013,667580.0
A,Annual,NR,Number,T,Total,Y70-74,From 70 to 74 years,NL,Netherlands,2014,2014,688947.0
A,Annual,NR,Number,T,Total,Y70-74,From 70 to 74 years,NL,Netherlands,2015,2015,715743.0
A,Annual,NR,Number,T,Total,Y70-74,From 70 to 74 years,NL,Netherlands,2016,2016,729512.0
A,Annual,NR,Number,T,Total,Y70-74,From 70 to 74 years,NL,Netherlands,2017,2017,807859.0
A,Annual,NR,Number,T,Total,Y70-74,From 70 to 74 years,NL,Netherlands,2018,2018,871925.0
A,Annual,NR,Number,T,Total,Y70-74,From 70 to 74 years,NL,Netherlands,2019,2019,913384.0
A,Annual,NR,Number,T,Total,Y70-74,From 70 to 74 years,NL,Netherlands,2020,2020,941219.0
A,Annual,NR,Number,T,Total,Y70-74,From 70 to 74 years,NL,Netherlands,2021,2021,971036.0
A,Annual,NR,Number,T,Total,Y70-74,From 70 to 74 years,NL,Netherlands,2022,2022,941425.0
A,Annual,NR,Number,T,Total,Y70-74,From 70 to 74 years,NL,Netherlands,2023,2023,927219.0
A,Annual,NR,Number,T,Total,Y70-74,From 70 to 74 years,AT,Austria,2010,2010,341276.0
A,Annual,NR,Number,T,Total,Y70-74,From 70 to 74 years,AT,Austria,2011,2011,382379.0
A,Annual,NR,Number,T,Total,Y70-74,From 70 to 74 years,AT,Austria,2012,2012,414709.0
A,Annual,NR,Number,T,Total,Y70-74,From 70 to 74 years,AT,Austria,2013,2013,431900.0
A,Annual,NR,Number,T,Total,Y70-74,From 70 to 74 years,AT,Austria,2014,2014,443425.0
A,Annual,NR,Number,T,Total,Y70-74,From 70 to 74 years,AT,Austria,2015,2015,426876.0
A,Annual,NR,Number,T,Total,Y70-74,From 70 to 74 years,AT,Austria,2016,2016,388551.0
A,Annual,NR,Number,T,Total,Y70-74,From 70 to 74 years,AT,Austria,2017,2017,370922.0
A,Annual,NR,Number,T,Total,Y70-74,From 70 to 74 years,AT,Austria,2018,2018,380051.0
A,Annual,NR,Number,T,Total,Y70-74,From 70 to 74 years,AT,Austria,2019,2019,387425.0
A,Annual,NR,Number,T,Total,Y70-74,From 70 to 74 years,AT,Austria,2020,2020,391654.0
A,Annual,NR,Number,T,Total,Y70-74,From 70 to 74 years,AT,Austria,2021,2021,411513.0
A,Annual,NR,Number,T,Total,Y70-74,From 70 to 74 years,AT,Austria,2022,2022,416222.0
A,Annual,NR,Number,T,Total,Y70-74,From 70 to 74 years,AT,Austria,2023,2023,413700.0
A,Annual,NR,Number,T,Total,Y70-74,From 70 to 74 years,PL,Poland,2010,2010,1367885.0
A,Annual,NR,Number,T,Total,Y70-74,From 70 to 74 years,PL,Poland,2011,2011,1353813.0
A,Annual,NR,Number,T,Total,Y70-74,From 70 to 74 years,PL,Poland,2012,2012,1325702.0
A,Annual,NR,Number,T,Total,Y70-74,From 70 to 74 years,PL,Poland,2013,2013,1283485.0
A,Annual,NR,Number,T,Total,Y70-74,From 70 to 74 years,PL,Poland,2014,2014,1249824.0
A,Annual,NR,Number,T,Total,Y70-74,From 70 to 74 years,PL,Poland,2015,2015,1225948.0
A,Annual,NR,Number,T,Total,Y70-74,From 70 to 74 years,PL,Poland,2016,2016,1205175.0
A,Annual,NR,Number,T,Total,Y70-74,From 70 to 74 years,PL,Poland,2017,2017,1296343.0
A,Annual,NR,Number,T,Total,Y70-74,From 70 to 74 years,PL,Poland,2018,2018,1434021.0
A,Annual,NR,Number,T,Total,Y70-74,From 70 to 74 years,PL,Poland,2019,2019,1590647.0
A,Annual,NR,Number,T,Total,Y70-74,From 70 to 74 years,PL,Poland,2020,2020,1748149.0
A,Annual,NR,Number,T,Total,Y70-74,From 70 to 74 years,PL,Poland,2021,2021,1896637.0
A,Annual,NR,Number,T,Total,Y70-74,From 70 to 74 years,PL,Poland,2022,2022,1976880.0
A,Annual,NR,Number,T,Total,Y70-74,From 70 to 74 years,PL,Poland,2023,2023,2043138.0
A,Annual,NR,Number,T,Total,Y70-74,From 70 to 74 years,PT,Portugal,2010,2010,497868.0
A,Annual,NR,Number,T,Total,Y70-74,From 70 to 74 years,PT,Portugal,2011,2011,492639.0
A,Annual,NR,Number,T,Total,Y70-74,From 70 to 74 years,PT,Portugal,2012,2012,480877.0
A,Annual,NR,Number,T,Total,Y70-74,From 70 to 74 years,PT,Portugal,2013,2013,477043.0
A,Annual,NR,Number,T,Total,Y70-74,From 70 to 74 years,PT,Portugal,2014,2014,477976.0
A,Annual,NR,Number,T,Total,Y70-74,From 70 to 74 years,PT,Portugal,2015,2015,483847.0
A,Annual,NR,Number,T,Total,Y70-74,From 70 to 74 years,PT,Portugal,2016,2016,499643.0
A,Annual,NR,Number,T,Total,Y70-74,From 70 to 74 years,PT,Portugal,2017,2017,514075.0
A,Annual,NR,Number,T,Total,Y70-74,From 70 to 74 years,PT,Portugal,2018,2018,528508.0
A,Annual,NR,Number,T,Total,Y70-74,From 70 to 74 years,PT,Portugal,2019,2019,550437.0
A,Annual,NR,Number,T,Total,Y70-74,From 70 to 74 years,PT,Portugal,2020,2020,570484.0
A,Annual,NR,Number,T,Total,Y70-74,From 70 to 74 years,PT,Portugal,2021,2021,585038.0
A,Annual,NR,Number,T,Total,Y70-74,From 70 to 74 years,PT,Portugal,2022,2022,603512.0
A,Annual,NR,Number,T,Total,Y70-74,From 70 to 74 years,PT,Portugal,2023,2023,618759.0
A,Annual,NR,Number,T,Total,Y70-74,From 70 to 74 years,RO,Romania,2010,2010,914559.0
A,Annual,NR,Number,T,Total,Y70-74,From 70 to 74 years,RO,Romania,2011,2011,908417.0
A,Annual,NR,Number,T,Total,Y70-74,From 70 to 74 years,RO,Romania,2012,2012,895071.0
A,Annual,NR,Number,T,Total,Y70-74,From 70 to 74 years,RO,Romania,2013,2013,855967.0
A,Annual,NR,Number,T,Total,Y70-74,From 70 to 74 years,RO,Romania,2014,2014,812904.0
A,Annual,NR,Number,T,Total,Y70-74,From 70 to 74 years,RO,Romania,2015,2015,790417.0
A,Annual,NR,Number,T,Total,Y70-74,From 70 to 74 years,RO,Romania,2016,2016,758210.0
A,Annual,NR,Number,T,Total,Y70-74,From 70 to 74 years,RO,Romania,2017,2017,772752.0
A,Annual,NR,Number,T,Total,Y70-74,From 70 to 74 years,RO,Romania,2018,2018,789960.0
A,Annual,NR,Number,T,Total,Y70-74,From 70 to 74 years,RO,Romania,2019,2019,829726.0
A,Annual,NR,Number,T,Total,Y70-74,From 70 to 74 years,RO,Romania,2020,2020,894266.0
A,Annual,NR,Number,T,Total,Y70-74,From 70 to 74 years,RO,Romania,2021,2021,960817.0
A,Annual,NR,Number,T,Total,Y70-74,From 70 to 74 years,RO,Romania,2022,2022,986713.0
A,Annual,NR,Number,T,Total,Y70-74,From 70 to 74 years,RO,Romania,2023,2023,1028826.0
A,Annual,NR,Number,T,Total,Y70-74,From 70 to 74 years,SI,Slovenia,2010,2010,86368.0
A,Annual,NR,Number,T,Total,Y70-74,From 70 to 74 years,SI,Slovenia,2011,2011,87474.0
A,Annual,NR,Number,T,Total,Y70-74,From 70 to 74 years,SI,Slovenia,2012,2012,87976.0
A,Annual,NR,Number,T,Total,Y70-74,From 70 to 74 years,SI,Slovenia,2013,2013,89870.0
A,Annual,NR,Number,T,Total,Y70-74,From 70 to 74 years,SI,Slovenia,2014,2014,91404.0
A,Annual,NR,Number,T,Total,Y70-74,From 70 to 74 years,SI,Slovenia,2015,2015,90267.0
A,Annual,NR,Number,T,Total,Y70-74,From 70 to 74 years,SI,Slovenia,2016,2016,85622.0
A,Annual,NR,Number,T,Total,Y70-74,From 70 to 74 years,SI,Slovenia,2017,2017,86507.0
A,Annual,NR,Number,T,Total,Y70-74,From 70 to 74 years,SI,Slovenia,2018,2018,88217.0
A,Annual,NR,Number,T,Total,Y70-74,From 70 to 74 years,SI,Slovenia,2019,2019,90902.0
A,Annual,NR,Number,T,Total,Y70-74,From 70 to 74 years,SI,Slovenia,2020,2020,96407.0
A,Annual,NR,Number,T,Total,Y70-74,From 70 to 74 years,SI,Slovenia,2021,2021,107823.0
A,Annual,NR,Number,T,Total,Y70-74,From 70 to 74 years,SI,Slovenia,2022,2022,112602.0
A,Annual,NR,Number,T,Total,Y70-74,From 70 to 74 years,SI,Slovenia,2023,2023,116866.0
A,Annual,NR,Number,T,Total,Y70-74,From 70 to 74 years,SK,Slovakia,2010,2010,167385.0
A,Annual,NR,Number,T,Total,Y70-74,From 70 to 74 years,SK,Slovakia,2011,2011,171389.0
A,Annual,NR,Number,T,Total,Y70-74,From 70 to 74 years,SK,Slovakia,2012,2012,176699.0
A,Annual,NR,Number,T,Total,Y70-74,From 70 to 74 years,SK,Slovakia,2013,2013,181667.0
A,Annual,NR,Number,T,Total,Y70-74,From 70 to 74 years,SK,Slovakia,2014,2014,185744.0
A,Annual,NR,Number,T,Total,Y70-74,From 70 to 74 years,SK,Slovakia,2015,2015,191317.0
A,Annual,NR,Number,T,Total,Y70-74,From 70 to 74 years,SK,Slovakia,2016,2016,192764.0
A,Annual,NR,Number,T,Total,Y70-74,From 70 to 74 years,SK,Slovakia,2017,2017,196756.0
A,Annual,NR,Number,T,Total,Y70-74,From 70 to 74 years,SK,Slovakia,2018,2018,207429.0
A,Annual,NR,Number,T,Total,Y70-74,From 70 to 74 years,SK,Slovakia,2019,2019,220261.0
A,Annual,NR,Number,T,Total,Y70-74,From 70 to 74 years,SK,Slovakia,2020,2020,231241.0
A,Annual,NR,Number,T,Total,Y70-74,From 70 to 74 years,SK,Slovakia,2021,2021,247632.0
A,Annual,NR,Number,T,Total,Y70-74,From 70 to 74 years,SK,Slovakia,2022,2022,262720.0
A,Annual,NR,Number,T,Total,Y70-74,From 70 to 74 years,SK,Slovakia,2023,2023,273445.0
A,Annual,NR,Number,T,Total,Y70-74,From 70 to 74 years,FI,Finland,2010,2010,225043.0
A,Annual,NR,Number,T,Total,Y70-74,From 70 to 74 years,FI,Finland,2011,2011,223495.0
A,Annual,NR,Number,T,Total,Y70-74,From 70 to 74 years,FI,Finland,2012,2012,239251.0
A,Annual,NR,Number,T,Total,Y70-74,From 70 to 74 years,FI,Finland,2013,2013,233799.0
A,Annual,NR,Number,T,Total,Y70-74,From 70 to 74 years,FI,Finland,2014,2014,235915.0
A,Annual,NR,Number,T,Total,Y70-74,From 70 to 74 years,FI,Finland,2015,2015,238873.0
A,Annual,NR,Number,T,Total,Y70-74,From 70 to 74 years,FI,Finland,2016,2016,261165.0
A,Annual,NR,Number,T,Total,Y70-74,From 70 to 74 years,FI,Finland,2017,2017,274915.0
A,Annual,NR,Number,T,Total,Y70-74,From 70 to 74 years,FI,Finland,2018,2018,307517.0
A,Annual,NR,Number,T,Total,Y70-74,From 70 to 74 years,FI,Finland,2019,2019,330660.0
A,Annual,NR,Number,T,Total,Y70-74,From 70 to 74 years,FI,Finland,2020,2020,349731.0
A,Annual,NR,Number,T,Total,Y70-74,From 70 to 74 years,FI,Finland,2021,2021,354128.0
A,Annual,NR,Number,T,Total,Y70-74,From 70 to 74 years,FI,Finland,2022,2022,348817.0
A,Annual,NR,Number,T,Total,Y70-74,From 70 to 74 years,FI,Finland,2023,2023,343733.0
A,Annual,NR,Number,T,Total,Y70-74,From 70 to 74 years,SE,Sweden,2010,2010,378574.0
A,Annual,NR,Number,T,Total,Y70-74,From 70 to 74 years,SE,Sweden,2011,2011,389615.0
A,Annual,NR,Number,T,Total,Y70-74,From 70 to 74 years,SE,Sweden,2012,2012,401432.0
A,Annual,NR,Number,T,Total,Y70-74,From 70 to 74 years,SE,Sweden,2013,2013,422593.0
A,Annual,NR,Number,T,Total,Y70-74,From 70 to 74 years,SE,Sweden,2014,2014,448830.0
A,Annual,NR,Number,T,Total,Y70-74,From 70 to 74 years,SE,Sweden,2015,2015,479257.0
A,Annual,NR,Number,T,Total,Y70-74,From 70 to 74 years,SE,Sweden,2016,2016,511169.0
A,Annual,NR,Number,T,Total,Y70-74,From 70 to 74 years,SE,Sweden,2017,2017,539911.0
A,Annual,NR,Number,T,Total,Y70-74,From 70 to 74 years,SE,Sweden,2018,2018,556484.0
A,Annual,NR,Number,T,Total,Y70-74,From 70 to 74 years,SE,Sweden,2019,2019,563648.0
A,Annual,NR,Number,T,Total,Y70-74,From 70 to 74 years,SE,Sweden,2020,2020,560415.0
A,Annual,NR,Number,T,Total,Y70-74,From 70 to 74 years,SE,Sweden,2021,2021,550617.0
A,Annual,NR,Number,T,Total,Y70-74,From 70 to 74 years,SE,Sweden,2022,2022,536116.0
A,Annual,NR,Number,T,Total,Y70-74,From 70 to 74 years,SE,Sweden,2023,2023,524383.0
